Date,KRW,DXY,OIL,KOSPI,US10Y,SP500,VIX,KOR_RATE,US_CPI
2015-01-01,1092.699951171875,,,,,,,1.0,234.747
2015-01-02,1093.5999755859375,91.08000183105469,52.689998626708984,1926.43994140625,2.122999906539917,2058.199951171875,17.790000915527344,1.0,234.747
2015-01-05,1111.0,91.37999725341797,50.040000915527344,1915.75,2.0390000343322754,2020.5799560546875,19.920000076293945,1.0,234.747
2015-01-06,1108.5,91.5,47.93000030517578,1882.449951171875,1.9630000591278076,2002.6099853515625,21.1200008392334,1.0,234.747
2015-01-07,1097.300048828125,91.88999938964844,48.650001525878906,1883.8299560546875,1.9539999961853027,2025.9000244140625,19.309999465942383,1.0,234.747
2015-01-08,1097.800048828125,92.37000274658203,48.790000915527344,1904.6500244140625,2.0160000324249268,2062.139892578125,17.010000228881836,1.0,234.747
2015-01-09,1094.300048828125,91.94000244140625,48.36000061035156,1924.699951171875,1.9709999561309814,2044.81005859375,17.549999237060547,1.0,234.747
2015-01-12,1081.800048828125,91.9800033569336,46.06999969482422,1920.949951171875,1.9119999408721924,2028.260009765625,19.600000381469727,1.0,234.747
2015-01-13,1081.4000244140625,92.30999755859375,45.88999938964844,1917.1400146484375,1.8899999856948853,2023.030029296875,20.559999465942383,1.0,234.747
2015-01-14,1077.0999755859375,92.16000366210938,48.47999954223633,1913.6600341796875,1.8370000123977661,2011.27001953125,21.479999542236328,1.0,234.747
2015-01-15,1082.0,92.3499984741211,46.25,1914.1400146484375,1.774999976158142,1992.6700439453125,22.389999389648438,1.0,234.747
2015-01-16,1075.5,92.5199966430664,48.689998626708984,1888.1300048828125,1.815000057220459,2019.4200439453125,20.950000762939453,1.0,234.747
2015-01-19,1078.0,,,1902.6199951171875,,,,1.0,234.747
2015-01-20,1079.0999755859375,93.05000305175781,46.38999938964844,1918.31005859375,1.8070000410079956,2022.550048828125,19.889999389648438,1.0,234.747
2015-01-21,1086.699951171875,92.9000015258789,47.779998779296875,1921.22998046875,1.8530000448226929,2032.1199951171875,18.850000381469727,1.0,234.747
2015-01-22,1081.9000244140625,94.23999786376953,46.310001373291016,1920.8199462890625,1.8960000276565552,2063.14990234375,16.399999618530273,1.0,234.747
2015-01-23,1084.699951171875,95.0,45.59000015258789,1936.0899658203125,1.8170000314712524,2051.820068359375,16.65999984741211,1.0,234.747
2015-01-26,1084.5,94.80000305175781,45.150001525878906,1935.6800537109375,1.8279999494552612,2057.090087890625,15.520000457763672,1.0,234.747
2015-01-27,1079.300048828125,94.0199966430664,46.22999954223633,1952.4000244140625,1.8250000476837158,2029.550048828125,17.219999313354492,1.0,234.747
2015-01-28,1076.699951171875,94.47000122070312,44.45000076293945,1961.5799560546875,1.7239999771118164,2002.1600341796875,20.440000534057617,1.0,234.747
2015-01-29,1084.4000244140625,94.77999877929688,44.529998779296875,1951.02001953125,1.7510000467300415,2021.25,18.760000228881836,1.0,234.747
2015-01-30,1098.800048828125,94.80000305175781,48.2400016784668,1949.260009765625,1.6749999523162842,1994.989990234375,20.969999313354492,1.0,234.747
2015-02-02,1099.0,94.5,49.56999969482422,1952.6800537109375,1.6729999780654907,2020.8499755859375,19.43000030517578,1.0,235.342
2015-02-03,1098.0999755859375,93.5999984741211,53.04999923706055,1951.9599609375,1.7799999713897705,2050.030029296875,17.329999923706055,1.0,235.342
2015-02-04,1091.300048828125,93.98999786376953,48.45000076293945,1962.7900390625,1.7970000505447388,2041.510009765625,18.329999923706055,1.0,235.342
2015-02-05,1087.5999755859375,94.69999694824219,50.47999954223633,1952.8399658203125,1.815000057220459,2062.52001953125,16.850000381469727,1.0,235.342
2015-02-06,1084.800048828125,94.69999694824219,51.689998626708984,1955.52001953125,1.937999963760376,2055.469970703125,17.290000915527344,1.0,235.342
2015-02-09,1096.699951171875,94.44999694824219,52.86000061035156,1947.0,1.9479999542236328,2046.739990234375,18.549999237060547,1.0,235.342
2015-02-10,1094.0999755859375,94.76000213623047,50.02000045776367,1935.8599853515625,1.9910000562667847,2068.590087890625,17.229999542236328,1.0,235.342
2015-02-11,1097.5999755859375,94.98999786376953,48.84000015258789,1945.699951171875,1.9880000352859497,2068.530029296875,16.959999084472656,1.0,235.342
2015-02-12,1105.699951171875,94.08999633789062,51.209999084472656,1941.6300048828125,1.9859999418258667,2088.47998046875,15.34000015258789,1.0,235.342
2015-02-13,1101.199951171875,94.19999694824219,52.779998779296875,1957.5,2.0209999084472656,2096.989990234375,14.6899995803833,1.0,235.342
2015-02-16,1095.4000244140625,,,1958.22998046875,,,,1.0,235.342
2015-02-17,1100.199951171875,94.05999755859375,53.529998779296875,1961.449951171875,2.1449999809265137,2100.340087890625,15.800000190734863,1.0,235.342
2015-02-18,1107.300048828125,94.19999694824219,52.13999938964844,,2.065999984741211,2099.679931640625,15.449999809265137,1.0,235.342
2015-02-19,1107.5999755859375,94.4000015258789,51.15999984741211,,2.11299991607666,2097.449951171875,15.289999961853027,1.0,235.342
2015-02-20,1110.5999755859375,94.25,50.34000015258789,,2.132999897003174,2110.300048828125,14.300000190734863,1.0,235.342
2015-02-23,1109.0999755859375,94.56999969482422,49.45000076293945,1968.3900146484375,2.059000015258789,2109.659912109375,14.5600004196167,1.0,235.342
2015-02-24,1107.699951171875,94.48999786376953,49.279998779296875,1976.1199951171875,1.9880000352859497,2115.47998046875,13.6899995803833,1.0,235.342
2015-02-25,1111.300048828125,94.20999908447266,50.9900016784668,1990.469970703125,1.968999981880188,2113.860107421875,13.84000015258789,1.0,235.342
2015-02-26,1098.6800537109375,95.29000091552734,48.16999816894531,1993.0799560546875,2.0160000324249268,2110.739990234375,13.90999984741211,1.0,235.342
2015-02-27,1100.6700439453125,95.25,49.7599983215332,1985.800048828125,2.002000093460083,2104.5,13.34000015258789,1.0,235.342
2015-03-02,1099.010009765625,95.45999908447266,49.59000015258789,1996.81005859375,2.0840001106262207,2117.389892578125,13.039999961853027,1.0,235.976
2015-03-03,1100.5899658203125,95.37999725341797,50.52000045776367,2001.3800048828125,2.121999979019165,2107.780029296875,13.859999656677246,1.0,235.976
2015-03-04,1094.9599609375,95.97000122070312,51.529998779296875,1998.2900390625,2.122999906539917,2098.530029296875,14.229999542236328,1.0,235.976
2015-03-05,1099.25,96.37999725341797,50.7599983215332,1998.3800048828125,2.111999988555908,2101.0400390625,14.039999961853027,1.0,235.976
2015-03-06,1099.8900146484375,97.62000274658203,49.61000061035156,2012.93994140625,2.240000009536743,2071.260009765625,15.199999809265137,1.0,235.976
2015-03-09,1108.81005859375,97.58999633789062,50.0,1992.8199462890625,2.194999933242798,2079.429931640625,15.0600004196167,1.0,235.976
2015-03-10,1113.5,98.62000274658203,48.290000915527344,1984.77001953125,2.125999927520752,2044.1600341796875,16.690000534057617,1.0,235.976
2015-03-11,1124.8599853515625,99.80000305175781,48.16999816894531,1980.8299560546875,2.1089999675750732,2040.239990234375,16.8700008392334,1.0,235.976
2015-03-12,1128.97998046875,99.1500015258789,47.04999923706055,1970.5899658203125,2.0959999561309814,2065.949951171875,15.420000076293945,1.0,235.976
2015-03-13,1123.02001953125,100.33000183105469,44.84000015258789,1985.7900390625,2.111999988555908,2053.39990234375,16.0,1.0,235.976
2015-03-16,1136.219970703125,99.5999984741211,43.880001068115234,1987.3299560546875,2.0980000495910645,2081.18994140625,15.609999656677246,1.0,235.976
2015-03-17,1129.0,99.58999633789062,43.459999084472656,2029.9100341796875,2.058000087738037,2074.280029296875,15.65999984741211,1.0,235.976
2015-03-18,1127.1600341796875,98.55000305175781,44.65999984741211,2028.449951171875,1.9509999752044678,2099.5,13.970000267028809,1.0,235.976
2015-03-19,1109.8900146484375,99.0999984741211,43.959999084472656,2037.8900146484375,1.9769999980926514,2089.27001953125,14.069999694824219,1.0,235.976
2015-03-20,1119.300048828125,97.91000366210938,45.720001220703125,2037.239990234375,1.9299999475479126,2108.10009765625,13.020000457763672,1.0,235.976
2015-03-23,1111.780029296875,97.02999877929688,47.45000076293945,2036.5899658203125,1.9149999618530273,2104.419921875,13.40999984741211,1.0,235.976
2015-03-24,1103.4300537109375,97.19000244140625,47.5099983215332,2041.3699951171875,1.878000020980835,2091.5,13.619999885559082,1.0,235.976
2015-03-25,1101.6700439453125,96.9800033569336,49.209999084472656,2042.81005859375,1.9199999570846558,2061.050048828125,15.4399995803833,1.0,235.976
2015-03-26,1098.97998046875,97.44000244140625,51.43000030517578,2022.56005859375,2.006999969482422,2056.14990234375,15.800000190734863,1.0,235.976
2015-03-27,1102.949951171875,97.29000091552734,48.869998931884766,2019.800048828125,1.9479999542236328,2061.02001953125,15.069999694824219,1.0,235.976
2015-03-30,1101.72998046875,97.9800033569336,48.68000030517578,2030.0400390625,1.9630000591278076,2086.239990234375,14.510000228881836,1.0,235.976
2015-03-31,1105.5,98.36000061035156,47.599998474121094,2041.030029296875,1.934000015258789,2067.889892578125,15.289999961853027,1.0,235.976
2015-04-01,1107.0999755859375,98.19000244140625,50.09000015258789,2028.449951171875,1.8680000305175781,2059.68994140625,15.109999656677246,0.75,236.222
2015-04-02,1097.8699951171875,97.44000244140625,49.13999938964844,2029.0699462890625,1.9040000438690186,2066.9599609375,14.670000076293945,0.75,236.222
2015-04-03,1089.1199951171875,,,2045.4200439453125,,,,0.75,236.222
2015-04-06,1089.1199951171875,97.11000061035156,52.13999938964844,2046.4300537109375,1.9040000438690186,2080.6201171875,14.739999771118164,0.75,236.222
2015-04-07,1089.1199951171875,97.83000183105469,53.97999954223633,2047.030029296875,1.8930000066757202,2076.330078125,14.779999732971191,0.75,236.222
2015-04-08,1092.3199462890625,98.06999969482422,50.41999816894531,2059.260009765625,1.8949999809265137,2081.89990234375,13.979999542236328,0.75,236.222
2015-04-09,1090.1500244140625,99.16000366210938,50.790000915527344,2058.8701171875,1.9579999446868896,2091.179931640625,13.09000015258789,0.75,236.222
2015-04-10,1093.7900390625,99.38999938964844,51.63999938964844,2087.760009765625,1.9509999752044678,2102.06005859375,12.579999923706055,0.75,236.222
2015-04-13,1091.93994140625,99.48999786376953,51.90999984741211,2098.919921875,1.9390000104904175,2092.429931640625,13.9399995803833,0.75,236.222
2015-04-14,1099.8900146484375,98.76000213623047,53.290000915527344,2111.719970703125,1.9040000438690186,2095.840087890625,13.670000076293945,0.75,236.222
2015-04-15,1090.300048828125,98.33000183105469,56.38999938964844,2119.9599609375,1.899999976158142,2106.6298828125,12.84000015258789,0.75,236.222
2015-04-16,1093.6199951171875,97.41999816894531,56.709999084472656,2139.89990234375,1.878000020980835,2104.989990234375,12.600000381469727,0.75,236.222
2015-04-17,1082.5899658203125,97.5199966430664,55.7400016784668,2143.5,1.850000023841858,2081.179931640625,13.890000343322754,0.75,236.222
2015-04-20,1081.8900146484375,97.94000244140625,56.380001068115234,2146.7099609375,1.8949999809265137,2100.39990234375,13.300000190734863,0.75,236.222
2015-04-21,1081.1800537109375,97.9800033569336,55.2599983215332,2144.7900390625,1.9160000085830688,2097.2900390625,13.25,0.75,236.222
2015-04-22,1081.3199462890625,98.0199966430664,56.15999984741211,2143.889892578125,1.972000002861023,2107.9599609375,12.710000038146973,0.75,236.222
2015-04-23,1083.0,97.27999877929688,57.7400016784668,2173.409912109375,1.9470000267028809,2112.929931640625,12.479999542236328,0.75,236.222
2015-04-24,1080.02001953125,96.91999816894531,57.150001525878906,2159.800048828125,1.9170000553131104,2117.68994140625,12.289999961853027,0.75,236.222
2015-04-27,1074.3800048828125,96.7699966430664,56.9900016784668,2157.5400390625,1.9240000247955322,2108.919921875,13.119999885559082,0.75,236.222
2015-04-28,1067.81005859375,96.08999633789062,57.060001373291016,2147.669921875,1.9730000495910645,2114.760009765625,12.40999984741211,0.75,236.222
2015-04-29,1062.8499755859375,95.12000274658203,58.58000183105469,2142.6298828125,2.0350000858306885,2106.85009765625,13.390000343322754,0.75,236.222
2015-04-30,1068.969970703125,94.5999984741211,59.630001068115234,2127.169921875,2.0460000038146973,2085.510009765625,14.550000190734863,0.75,236.222
2015-05-01,1075.06005859375,95.30000305175781,59.150001525878906,,2.117000102996826,2108.2900390625,12.699999809265137,0.75,237.001
2015-05-04,1075.06005859375,95.4800033569336,58.93000030517578,2132.22998046875,2.134999990463257,2114.489990234375,12.850000381469727,0.75,237.001
2015-05-05,1078.75,95.12999725341797,60.400001525878906,,2.1760001182556152,2089.4599609375,14.3100004196167,0.75,237.001
2015-05-06,1079.5799560546875,94.12999725341797,60.93000030517578,2104.580078125,2.240000009536743,2080.14990234375,15.149999618530273,0.75,237.001
2015-05-07,1078.6700439453125,94.62000274658203,58.939998626708984,2091.0,2.184000015258789,2088.0,15.130000114440918,0.75,237.001
2015-05-08,1091.8900146484375,94.79000091552734,59.38999938964844,2085.52001953125,2.1500000953674316,2116.10009765625,12.859999656677246,0.75,237.001
2015-05-11,1085.800048828125,95.01000213623047,59.25,2097.3798828125,2.2739999294281006,2105.330078125,13.850000381469727,0.75,237.001
2015-05-12,1095.949951171875,94.52999877929688,60.75,2096.77001953125,2.259999990463257,2099.1201171875,13.859999656677246,0.75,237.001
2015-05-13,1092.3800048828125,93.62000274658203,60.5,2114.159912109375,2.2820000648498535,2098.47998046875,13.760000228881836,0.75,237.001
2015-05-14,1091.4000244140625,93.36000061035156,59.880001068115234,2120.330078125,2.239000082015991,2121.10009765625,12.739999771118164,0.75,237.001
2015-05-15,1088.239990234375,93.13999938964844,59.689998626708984,2106.5,2.1410000324249268,2122.72998046875,12.380000114440918,0.75,237.001
2015-05-18,1081.8399658203125,94.19000244140625,59.43000030517578,2113.719970703125,2.2279999256134033,2129.199951171875,12.729999542236328,0.75,237.001
2015-05-19,1088.239990234375,95.2699966430664,57.2599983215332,2120.85009765625,2.26200008392334,2127.830078125,12.850000381469727,0.75,237.001
2015-05-20,1093.5,95.44999694824219,58.97999954223633,2139.5400390625,2.250999927520752,2125.85009765625,12.880000114440918,0.75,237.001
2015-05-21,1095.4100341796875,95.26000213623047,60.720001220703125,2122.81005859375,2.184999942779541,2130.820068359375,12.109999656677246,0.75,237.001
2015-05-22,1091.47998046875,96.01000213623047,59.720001220703125,2146.10009765625,2.2149999141693115,2126.06005859375,12.130000114440918,0.75,237.001
2015-05-25,1094.75,,,,,,,0.75,237.001
2015-05-26,1095.75,97.30000305175781,58.029998779296875,2143.5,2.13700008392334,2104.199951171875,14.0600004196167,0.75,237.001
2015-05-27,1105.8699951171875,97.37000274658203,57.5099983215332,2107.5,2.134999990463257,2123.47998046875,13.270000457763672,0.75,237.001
2015-05-28,1107.4200439453125,96.97000122070312,57.68000030517578,2110.889892578125,2.130000114440918,2120.7900390625,13.3100004196167,0.75,237.001
2015-05-29,1107.0,96.91000366210938,60.29999923706055,2114.800048828125,2.0950000286102295,2107.389892578125,13.84000015258789,0.75,237.001
2015-06-01,1111.4200439453125,97.38999938964844,60.20000076293945,2102.3701171875,2.191999912261963,2111.72998046875,13.970000267028809,0.75,237.657
2015-06-02,1113.800048828125,95.83999633789062,61.2599983215332,2078.639892578125,2.2660000324249268,2109.60009765625,14.239999771118164,0.75,237.657
2015-06-03,1106.530029296875,95.47000122070312,59.63999938964844,2063.159912109375,2.365999937057495,2114.070068359375,13.65999984741211,0.75,237.657
2015-06-04,1105.68994140625,95.45999908447266,58.0,2072.860107421875,2.306999921798706,2095.840087890625,14.710000038146973,0.75,237.657
2015-06-05,1111.699951171875,96.30999755859375,59.130001068115234,2068.10009765625,2.4019999504089355,2092.830078125,14.210000038146973,0.75,237.657
2015-06-08,1122.300048828125,95.30000305175781,58.13999938964844,2065.18994140625,2.38100004196167,2079.280029296875,15.289999961853027,0.75,237.657
2015-06-09,1117.1099853515625,95.16999816894531,60.13999938964844,2064.030029296875,2.4170000553131104,2080.14990234375,14.470000267028809,0.75,237.657
2015-06-10,1119.0799560546875,94.6500015258789,61.43000030517578,2051.320068359375,2.4779999256134033,2105.199951171875,13.220000267028809,0.75,237.657
2015-06-11,1108.719970703125,94.9800033569336,60.77000045776367,2056.610107421875,2.382999897003174,2108.860107421875,12.850000381469727,0.75,237.657
2015-06-12,1110.4000244140625,94.97000122070312,59.959999084472656,2052.169921875,2.384999990463257,2094.110107421875,13.779999732971191,0.75,237.657
2015-06-15,1110.3499755859375,94.80999755859375,59.52000045776367,2042.3199462890625,2.3580000400543213,2084.429931640625,15.390000343322754,0.75,237.657
2015-06-16,1114.530029296875,95.0,59.970001220703125,2028.719970703125,2.318000078201294,2096.2900390625,14.8100004196167,0.75,237.657
2015-06-17,1116.77001953125,94.30000305175781,59.91999816894531,2034.8599853515625,2.305999994277954,2100.43994140625,14.5,0.75,237.657
2015-06-18,1111.5899658203125,94.04000091552734,60.45000076293945,2041.8800048828125,2.3510000705718994,2121.239990234375,13.1899995803833,0.75,237.657
2015-06-19,1103.25,94.08999633789062,59.61000061035156,2046.9599609375,2.2669999599456787,2109.989990234375,13.960000038146973,0.75,237.657
2015-06-22,1101.219970703125,94.33000183105469,59.68000030517578,2055.159912109375,2.359999895095825,2122.85009765625,12.739999771118164,0.75,237.657
2015-06-23,1098.780029296875,95.43000030517578,61.0099983215332,2081.199951171875,2.4089999198913574,2124.199951171875,12.109999656677246,0.75,237.657
2015-06-24,1103.969970703125,95.26000213623047,60.27000045776367,2085.530029296875,2.371000051498413,2108.580078125,13.260000228881836,0.75,237.657
2015-06-25,1107.9200439453125,95.19000244140625,59.70000076293945,2085.06005859375,2.3929998874664307,2102.31005859375,14.010000228881836,0.75,237.657
2015-06-26,1109.93994140625,95.47000122070312,59.630001068115234,2090.260009765625,2.4760000705718994,2101.489990234375,14.020000457763672,0.75,237.657
2015-06-29,1120.9000244140625,94.79000091552734,58.33000183105469,2060.489990234375,2.3310000896453857,2057.639892578125,18.850000381469727,0.75,237.657
2015-06-30,1118.219970703125,95.48999786376953,59.470001220703125,2074.199951171875,2.3350000381469727,2063.110107421875,18.229999542236328,0.75,237.657
2015-07-01,1117.56005859375,96.30999755859375,56.959999084472656,2097.889892578125,2.4179999828338623,2077.419921875,16.09000015258789,0.75,238.034
2015-07-02,1122.9300537109375,96.11000061035156,56.93000030517578,2107.330078125,2.3929998874664307,2076.780029296875,16.790000915527344,0.75,238.034
2015-07-03,1120.949951171875,,,2104.409912109375,,,,0.75,238.034
2015-07-06,1120.949951171875,96.30000305175781,52.529998779296875,2053.929931640625,2.2780001163482666,2068.760009765625,17.010000228881836,0.75,238.034
2015-07-07,1124.22998046875,96.87000274658203,52.33000183105469,2040.2900390625,2.2309999465942383,2081.340087890625,16.09000015258789,0.75,238.034
2015-07-08,1132.9300537109375,96.29000091552734,51.650001525878906,2016.2099609375,2.2060000896453857,2046.6800537109375,19.65999984741211,0.75,238.034
2015-07-09,1134.43994140625,96.61000061035156,52.779998779296875,2027.81005859375,2.3010001182556152,2051.31005859375,19.969999313354492,0.75,238.034
2015-07-10,1131.030029296875,96.02999877929688,52.7400016784668,2031.1700439453125,2.4170000553131104,2076.6201171875,16.829999923706055,0.75,238.034
2015-07-13,1129.0400390625,96.86000061035156,52.20000076293945,2061.52001953125,2.430000066757202,2099.60009765625,13.899999618530273,0.75,238.034
2015-07-14,1134.8199462890625,96.63999938964844,53.040000915527344,2059.22998046875,2.3989999294281006,2108.949951171875,13.369999885559082,0.75,238.034
2015-07-15,1141.3699951171875,97.12999725341797,51.40999984741211,2072.909912109375,2.3499999046325684,2107.39990234375,13.229999542236328,0.75,238.034
2015-07-16,1144.9200439453125,97.66000366210938,50.90999984741211,2087.889892578125,2.3519999980926514,2124.2900390625,12.109999656677246,0.75,238.034
2015-07-17,1145.1500244140625,97.86000061035156,50.88999938964844,2076.7900390625,2.3489999771118164,2126.639892578125,11.949999809265137,0.75,238.034
2015-07-20,1148.1099853515625,98.02999877929688,50.150001525878906,2073.31005859375,2.371999979019165,2128.280029296875,12.25,0.75,238.034
2015-07-21,1154.550048828125,97.33000183105469,50.36000061035156,2083.6201171875,2.3399999141693115,2119.2099609375,12.220000267028809,0.75,238.034
2015-07-22,1146.8599853515625,97.5999984741211,49.189998626708984,2064.72998046875,2.322000026702881,2114.14990234375,12.119999885559082,0.75,238.034
2015-07-23,1155.530029296875,97.12000274658203,48.45000076293945,2065.070068359375,2.2769999504089355,2102.14990234375,12.640000343322754,0.75,238.034
2015-07-24,1160.260009765625,97.23999786376953,48.13999938964844,2045.9599609375,2.2709999084472656,2079.64990234375,13.739999771118164,0.75,238.034
2015-07-27,1168.199951171875,96.5,47.38999938964844,2038.81005859375,2.2279999256134033,2067.639892578125,15.600000381469727,0.75,238.034
2015-07-28,1165.030029296875,96.7699966430664,47.97999954223633,2039.0999755859375,2.25,2093.25,13.4399995803833,0.75,238.034
2015-07-29,1159.52001953125,96.9800033569336,48.790000915527344,2037.6199951171875,2.2790000438690186,2108.570068359375,12.5,0.75,238.034
2015-07-30,1160.0699462890625,97.55999755859375,48.52000045776367,2019.030029296875,2.2679998874664307,2108.6298828125,12.130000114440918,0.75,238.034
2015-07-31,1170.77001953125,97.37000274658203,47.119998931884766,2030.1600341796875,2.2049999237060547,2103.840087890625,12.119999885559082,0.75,238.034
2015-08-03,1164.6400146484375,97.48999786376953,45.16999816894531,2008.489990234375,2.1500000953674316,2098.0400390625,12.5600004196167,0.75,238.033
2015-08-04,1168.699951171875,97.93000030517578,45.7400016784668,2027.989990234375,2.2109999656677246,2093.320068359375,13.0,0.75,238.033
2015-08-05,1167.1300048828125,97.95999908447266,45.150001525878906,2029.760009765625,2.2679998874664307,2099.840087890625,12.510000228881836,0.75,238.033
2015-08-06,1171.93994140625,97.83000183105469,44.65999984741211,2013.2900390625,2.2339999675750732,2083.56005859375,13.770000457763672,0.75,238.033
2015-08-07,1161.530029296875,97.55999755859375,43.869998931884766,2010.22998046875,2.174999952316284,2077.570068359375,13.390000343322754,0.75,238.033
2015-08-10,1161.530029296875,97.16000366210938,44.959999084472656,2003.1700439453125,2.23799991607666,2104.179931640625,12.229999542236328,0.75,238.033
2015-08-11,1157.050048828125,97.29000091552734,43.08000183105469,1986.6500244140625,2.13700008392334,2084.070068359375,13.710000038146973,0.75,238.033
2015-08-12,1177.280029296875,96.26000213623047,43.29999923706055,1975.469970703125,2.130000114440918,2086.050048828125,13.609999656677246,0.75,238.033
2015-08-13,1173.0,96.44999694824219,42.22999954223633,1983.4599609375,2.188999891281128,2083.389892578125,13.489999771118164,0.75,238.033
2015-08-14,1176.449951171875,96.56999969482422,42.5,,2.196000099182129,2091.5400390625,12.829999923706055,0.75,238.033
2015-08-17,1177.199951171875,96.81999969482422,41.869998931884766,1968.52001953125,2.1500000953674316,2102.43994140625,13.020000457763672,0.75,238.033
2015-08-18,1181.5799560546875,96.97000122070312,42.619998931884766,1956.260009765625,2.196000099182129,2096.919921875,13.789999961853027,0.75,238.033
2015-08-19,1184.449951171875,96.45999908447266,40.79999923706055,1939.3800048828125,2.128999948501587,2079.610107421875,15.25,0.75,238.033
2015-08-20,1181.2099609375,95.75,41.13999938964844,1914.550048828125,2.0840001106262207,2035.72998046875,19.139999389648438,0.75,238.033
2015-08-21,1182.530029296875,94.83000183105469,40.45000076293945,1876.0699462890625,2.053999900817871,1970.8900146484375,28.030000686645508,0.75,238.033
2015-08-24,1193.5699462890625,93.30999755859375,38.2400016784668,1829.81005859375,1.996999979019165,1893.2099609375,40.7400016784668,0.75,238.033
2015-08-25,1189.5799560546875,94.52999877929688,39.310001373291016,1846.6300048828125,2.132999897003174,1867.6099853515625,36.02000045776367,0.75,238.033
2015-08-26,1189.1600341796875,95.0999984741211,38.599998474121094,1894.0899658203125,2.171999931335449,1940.510009765625,30.31999969482422,0.75,238.033
2015-08-27,1181.1600341796875,95.61000061035156,42.560001373291016,1908.0,2.1679999828338623,1987.6600341796875,26.100000381469727,0.75,238.033
2015-08-28,1171.989990234375,96.11000061035156,45.220001220703125,1937.6700439453125,2.186000108718872,1988.8699951171875,26.049999237060547,0.75,238.033
2015-08-31,1177.5999755859375,95.94999694824219,49.20000076293945,1941.489990234375,2.200000047683716,1972.1800537109375,28.43000030517578,0.75,238.033
2015-09-01,1180.949951171875,95.44999694824219,45.40999984741211,1914.22998046875,2.171999931335449,1913.8499755859375,31.399999618530273,0.75,237.498
2015-09-02,1177.280029296875,95.83000183105469,46.25,1915.219970703125,2.193000078201294,1948.8599853515625,26.09000015258789,0.75,237.498
2015-09-03,1182.1600341796875,96.41000366210938,46.75,1915.530029296875,2.1679999828338623,1951.1300048828125,25.610000610351562,0.75,237.498
2015-09-04,1189.1199951171875,96.2300033569336,46.04999923706055,1886.0400390625,2.128000020980835,1921.219970703125,27.799999237060547,0.75,237.498
2015-09-07,1199.510009765625,,,1883.219970703125,,,,0.75,237.498
2015-09-08,1201.18994140625,95.87999725341797,45.939998626708984,1878.6800537109375,2.194000005722046,1969.4100341796875,24.899999618530273,0.75,237.498
2015-09-09,1193.0,96.01000213623047,44.150001525878906,1934.199951171875,2.180999994277954,1942.0400390625,26.229999542236328,0.75,237.498
2015-09-10,1190.3399658203125,95.45999908447266,45.91999816894531,1962.1099853515625,2.2219998836517334,1952.2900390625,24.3700008392334,0.75,237.498
2015-09-11,1180.5999755859375,95.19000244140625,44.630001068115234,1941.3699951171875,2.183000087738037,1961.050048828125,23.200000762939453,0.75,237.498
2015-09-14,1180.550048828125,95.25,44.0,1931.4599609375,2.180000066757202,1953.030029296875,24.25,0.75,237.498
2015-09-15,1182.0,95.61000061035156,44.59000015258789,1937.56005859375,2.2809998989105225,1978.0899658203125,22.540000915527344,0.75,237.498
2015-09-16,1176.81005859375,95.41999816894531,47.150001525878906,1975.449951171875,2.302999973297119,1995.31005859375,21.350000381469727,0.75,237.498
2015-09-17,1169.199951171875,94.55000305175781,46.900001525878906,1976.489990234375,2.2170000076293945,1990.199951171875,21.139999389648438,0.75,237.498
2015-09-18,1164.8900146484375,94.86000061035156,44.68000030517578,1995.949951171875,2.130000114440918,1958.030029296875,22.280000686645508,0.75,237.498
2015-09-21,1171.1099853515625,95.88999938964844,46.68000030517578,1964.6800537109375,2.2139999866485596,1966.969970703125,20.139999389648438,0.75,237.498
2015-09-22,1176.47998046875,96.27999877929688,45.83000183105469,1982.06005859375,2.125,1942.739990234375,22.440000534057617,0.75,237.498
2015-09-23,1182.5400390625,96.06999969482422,44.47999954223633,1944.6400146484375,2.1440000534057617,1938.760009765625,22.1299991607666,0.75,237.498
2015-09-24,1192.4100341796875,95.98999786376953,44.90999984741211,1947.0999755859375,2.119999885559082,1932.239990234375,23.469999313354492,0.75,237.498
2015-09-25,1188.93994140625,96.2699966430664,45.70000076293945,1942.8499755859375,2.1679999828338623,1931.3399658203125,23.6200008392334,0.75,237.498
2015-09-28,1191.3199462890625,96.02999877929688,44.43000030517578,,2.0950000286102295,1881.77001953125,27.6299991607666,0.75,237.498
2015-09-29,1193.81005859375,95.88999938964844,45.22999954223633,,2.053999900817871,1884.0899658203125,26.829999923706055,0.75,237.498
2015-09-30,1194.1600341796875,96.3499984741211,45.09000015258789,1962.81005859375,2.059999942779541,1920.030029296875,24.5,0.75,237.498
2015-10-01,1183.8399658203125,96.19000244140625,44.7400016784668,1979.3199462890625,2.0420000553131104,1923.8199462890625,22.549999237060547,0.75,237.733
2015-10-02,1177.0999755859375,95.83000183105469,45.540000915527344,1969.6800537109375,1.9889999628067017,1951.3599853515625,20.940000534057617,0.75,237.733
2015-10-05,1171.0899658203125,96.11000061035156,46.2599983215332,1978.25,2.055999994277954,1987.050048828125,19.540000915527344,0.75,237.733
2015-10-06,1159.5699462890625,95.45999908447266,48.529998779296875,1990.6500244140625,2.0350000858306885,1979.9200439453125,19.399999618530273,0.75,237.733
2015-10-07,1159.3199462890625,95.5,47.810001373291016,2005.8399658203125,2.062000036239624,1995.8299560546875,18.399999618530273,0.75,237.733
2015-10-08,1156.75,95.31999969482422,49.43000030517578,2019.530029296875,2.1080000400543213,2013.4300537109375,17.420000076293945,0.75,237.733
2015-10-09,1150.9000244140625,94.80999755859375,49.630001068115234,,2.0989999771118164,2014.8900146484375,17.079999923706055,0.75,237.733
2015-10-12,1146.010009765625,94.83999633789062,47.099998474121094,2021.6300048828125,2.0899999141693115,2017.4599609375,16.170000076293945,0.75,237.733
2015-10-13,1142.2099609375,94.76000213623047,46.65999984741211,2019.050048828125,2.055000066757202,2003.68994140625,17.670000076293945,0.75,237.733
2015-10-14,1148.0699462890625,93.93000030517578,46.63999938964844,2009.550048828125,1.9809999465942383,1994.239990234375,18.030000686645508,0.75,237.733
2015-10-15,1135.75,94.37000274658203,46.380001068115234,2033.27001953125,2.0230000019073486,2023.8599853515625,16.049999237060547,0.75,237.733
2015-10-16,1121.0400390625,94.54000091552734,47.2599983215332,2030.260009765625,2.0230000019073486,2033.1099853515625,15.050000190734863,0.75,237.733
2015-10-19,1129.719970703125,94.95999908447266,45.88999938964844,2030.27001953125,2.0280001163482666,2033.6600341796875,14.979999542236328,0.75,237.733
2015-10-20,1130.3699951171875,94.8499984741211,45.54999923706055,2039.3599853515625,2.071000099182129,2030.77001953125,15.75,0.75,237.733
2015-10-21,1129.469970703125,95.05000305175781,45.20000076293945,2042.97998046875,2.0299999713897705,2018.93994140625,16.700000762939453,0.75,237.733
2015-10-22,1138.0400390625,96.33999633789062,45.380001068115234,2023.0,2.0250000953674316,2052.510009765625,14.449999809265137,0.75,237.733
2015-10-23,1128.6700439453125,97.06999969482422,44.599998474121094,2040.4000244140625,2.0829999446868896,2075.14990234375,14.460000038146973,0.75,237.733
2015-10-26,1134.010009765625,96.86000061035156,43.97999954223633,2048.080078125,2.058000087738037,2071.179931640625,15.289999961853027,0.75,237.733
2015-10-27,1128.739990234375,96.91000366210938,43.20000076293945,2044.6500244140625,2.0280001163482666,2065.889892578125,15.430000305175781,0.75,237.733
2015-10-28,1134.02001953125,97.77999877929688,45.939998626708984,2042.510009765625,2.0920000076293945,2090.35009765625,14.329999923706055,0.75,237.733
2015-10-29,1143.5999755859375,97.27999877929688,46.060001373291016,2034.1600341796875,2.1730000972747803,2089.409912109375,14.609999656677246,0.75,237.733
2015-10-30,1139.8599853515625,96.94999694824219,46.59000015258789,2029.469970703125,2.1510000228881836,2079.360107421875,15.069999694824219,0.75,237.733
2015-11-02,1139.1600341796875,96.93000030517578,46.13999938964844,2035.239990234375,2.187000036239624,2104.050048828125,14.149999618530273,0.75,238.017
2015-11-03,1136.6199951171875,97.16000366210938,47.900001525878906,2048.39990234375,2.2200000286102295,2109.7900390625,14.539999961853027,0.75,238.017
2015-11-04,1127.800048828125,97.94999694824219,46.31999969482422,2052.77001953125,2.2300000190734863,2102.31005859375,15.510000228881836,0.75,238.017
2015-11-05,1133.1600341796875,97.94000244140625,45.20000076293945,2049.409912109375,2.244999885559082,2099.929931640625,15.050000190734863,0.75,238.017
2015-11-06,1136.3599853515625,99.16000366210938,44.290000915527344,2041.0699462890625,2.3329999446868896,2099.199951171875,14.329999923706055,0.75,238.017
2015-11-09,1150.780029296875,98.9800033569336,43.869998931884766,2025.699951171875,2.3420000076293945,2078.580078125,16.520000457763672,0.75,238.017
2015-11-10,1157.1099853515625,99.29000091552734,44.209999084472656,1996.5899658203125,2.322000026702881,2081.719970703125,15.289999961853027,0.75,238.017
2015-11-11,1157.06005859375,99.01000213623047,42.93000030517578,1997.27001953125,2.3380000591278076,2075.0,16.059999465942383,0.75,238.017
2015-11-12,1153.6600341796875,98.6500015258789,41.75,1993.3599853515625,2.319000005722046,2045.969970703125,18.3700008392334,0.75,238.017
2015-11-13,1157.260009765625,98.98999786376953,40.7400016784668,1973.2900390625,2.2799999713897705,2023.0400390625,20.079999923706055,0.75,238.017
2015-11-16,1168.3399658203125,99.44000244140625,41.7400016784668,1943.02001953125,2.2730000019073486,2053.18994140625,18.15999984741211,0.75,238.017
2015-11-17,1167.0899658203125,99.62999725341797,40.66999816894531,1963.5799560546875,2.260999917984009,2050.43994140625,18.84000015258789,0.75,238.017
2015-11-18,1168.5,99.6500015258789,40.75,1962.8800048828125,2.2690000534057617,2083.580078125,16.850000381469727,0.75,238.017
2015-11-19,1164.4599609375,98.98999786376953,40.540000915527344,1988.9100341796875,2.247999906539917,2081.239990234375,16.989999771118164,0.75,238.017
2015-11-20,1153.68994140625,99.56999969482422,40.38999938964844,1989.8599853515625,2.26200008392334,2089.169921875,15.470000267028809,0.75,238.017
2015-11-23,1152.6199951171875,99.80000305175781,41.75,2003.699951171875,2.25,2086.590087890625,15.619999885559082,0.75,238.017
2015-11-24,1157.0899658203125,99.52999877929688,42.869998931884766,2016.2900390625,2.243000030517578,2089.139892578125,15.930000305175781,0.75,238.017
2015-11-25,1145.0,99.80000305175781,43.040000915527344,2009.4200439453125,2.2320001125335693,2088.8701171875,15.1899995803833,0.75,238.017
2015-11-26,1143.050048828125,,,2030.6800537109375,,,,0.75,238.017
2015-11-27,1146.8599853515625,100.0199966430664,41.709999084472656,2028.989990234375,2.2249999046325684,2090.110107421875,15.119999885559082,0.75,238.017
2015-11-30,1154.8299560546875,100.16999816894531,41.650001525878906,1991.969970703125,2.2179999351501465,2080.409912109375,16.1299991607666,0.75,238.017
2015-12-01,1158.239990234375,99.80000305175781,41.849998474121094,2023.9300537109375,2.1549999713897705,2102.6298828125,14.670000076293945,0.75,237.761
2015-12-02,1153.9000244140625,99.98999786376953,39.939998626708984,2009.2900390625,2.177999973297119,2079.510009765625,15.90999984741211,0.75,237.761
2015-12-03,1160.760009765625,97.62000274658203,41.08000183105469,1994.0699462890625,2.3299999237060547,2049.6201171875,18.110000610351562,0.75,237.761
2015-12-04,1152.27001953125,98.3499984741211,39.970001220703125,1974.4000244140625,2.2750000953674316,2091.68994140625,14.8100004196167,0.75,237.761
2015-12-07,1161.6400146484375,98.66000366210938,37.650001525878906,1963.6700439453125,2.2249999046325684,2077.070068359375,15.84000015258789,0.75,237.761
2015-12-08,1174.4100341796875,98.47000122070312,37.5099983215332,1949.0400390625,2.23799991607666,2063.590087890625,17.600000381469727,0.75,237.761
2015-12-09,1178.5899658203125,97.3499984741211,37.15999984741211,1948.239990234375,2.2079999446868896,2047.6199951171875,19.610000610351562,0.75,237.761
2015-12-10,1179.719970703125,97.94000244140625,36.7599983215332,1952.0699462890625,2.239000082015991,2052.22998046875,19.34000015258789,0.75,237.761
2015-12-11,1177.2900390625,97.56999969482422,35.619998931884766,1948.6199951171875,2.1389999389648438,2012.3699951171875,24.389999389648438,0.75,237.761
2015-12-14,1185.5799560546875,97.5999984741211,36.310001373291016,1927.8199462890625,2.2249999046325684,2021.93994140625,22.729999542236328,0.75,237.761
2015-12-15,1183.6500244140625,98.22000122070312,37.349998474121094,1932.969970703125,2.2679998874664307,2043.4100341796875,20.950000762939453,0.75,237.761
2015-12-16,1172.739990234375,97.87000274658203,35.52000045776367,1969.4000244140625,2.2869999408721924,2073.070068359375,17.860000610351562,0.75,237.761
2015-12-17,1170.050048828125,99.2699966430664,34.95000076293945,1977.9599609375,2.23799991607666,2041.8900146484375,18.940000534057617,0.75,237.761
2015-12-18,1183.06005859375,98.69999694824219,34.72999954223633,1975.3199462890625,2.1989998817443848,2005.550048828125,20.700000762939453,0.75,237.761
2015-12-21,1180.4300537109375,98.45999908447266,34.7400016784668,1981.18994140625,2.197000026702881,2021.1500244140625,18.700000762939453,0.75,237.761
2015-12-22,1173.6099853515625,98.23999786376953,36.13999938964844,1992.56005859375,2.239000082015991,2038.969970703125,16.600000381469727,0.75,237.761
2015-12-23,1169.1099853515625,98.33999633789062,37.5,1999.219970703125,2.2639999389648438,2064.2900390625,15.569999694824219,0.75,237.761
2015-12-24,1172.1600341796875,97.9800033569336,38.099998474121094,1990.6500244140625,2.243000030517578,2060.989990234375,15.739999771118164,0.75,237.761
2015-12-25,1167.8800048828125,,,,,,,0.75,237.761
2015-12-28,1167.8800048828125,97.91999816894531,36.810001373291016,1964.06005859375,2.2249999046325684,2056.5,16.90999984741211,0.75,237.761
2015-12-29,1165.8499755859375,98.0999984741211,37.869998931884766,1966.31005859375,2.306999921798706,2078.360107421875,16.079999923706055,0.75,237.761
2015-12-30,1169.449951171875,98.2699966430664,36.599998474121094,1961.31005859375,2.302999973297119,2063.360107421875,17.290000915527344,0.75,237.761
2015-12-31,1175.43994140625,98.62999725341797,37.040000915527344,,2.2690000534057617,2043.93994140625,18.209999084472656,0.75,237.761
2016-01-01,1174.1099853515625,,,,,,,0.75,237.652
2016-01-04,1174.1099853515625,98.87000274658203,36.7599983215332,1918.760009765625,2.244999885559082,2012.6600341796875,20.700000762939453,0.75,237.652
2016-01-05,1187.3599853515625,99.4000015258789,35.970001220703125,1930.530029296875,2.247999906539917,2016.7099609375,19.34000015258789,0.75,237.652
2016-01-06,1188.719970703125,99.18000030517578,33.970001220703125,1925.4300537109375,2.177000045776367,1990.260009765625,20.59000015258789,0.75,237.652
2016-01-07,1198.739990234375,98.22000122070312,33.27000045776367,1904.3299560546875,2.1530001163482666,1943.0899658203125,24.989999771118164,0.75,237.652
2016-01-08,1195.3900146484375,98.54000091552734,33.15999984741211,1917.6199951171875,2.130000114440918,1922.030029296875,27.010000228881836,0.75,237.652
2016-01-11,1205.93994140625,98.7300033569336,31.40999984741211,1894.8399658203125,2.1579999923706055,1923.6700439453125,24.299999237060547,0.75,237.652
2016-01-12,1202.719970703125,98.97000122070312,30.440000534057617,1890.8599853515625,2.1019999980926514,1938.6800537109375,22.469999313354492,0.75,237.652
2016-01-13,1208.5,98.93000030517578,30.479999542236328,1916.280029296875,2.065999984741211,1890.280029296875,25.219999313354492,0.75,237.652
2016-01-14,1210.3299560546875,99.08999633789062,31.200000762939453,1900.010009765625,2.0980000495910645,1921.8399658203125,23.950000762939453,0.75,237.652
2016-01-15,1206.43994140625,98.95999908447266,29.420000076293945,1878.8699951171875,2.0329999923706055,1880.3299560546875,27.020000457763672,0.75,237.652
2016-01-18,1212.81005859375,99.12000274658203,,1878.449951171875,,,,0.75,237.652
2016-01-19,1208.8399658203125,98.98999786376953,28.459999084472656,1889.6400146484375,2.0350000858306885,1881.3299560546875,26.049999237060547,0.75,237.652
2016-01-20,1205.75,99.08999633789062,26.549999237060547,1845.449951171875,1.9839999675750732,1859.3299560546875,27.59000015258789,0.75,237.652
2016-01-21,1207.25,99.05999755859375,29.530000686645508,1840.530029296875,2.0190000534057617,1868.989990234375,26.690000534057617,0.75,237.652
2016-01-22,1202.0699462890625,99.56999969482422,32.189998626708984,1879.4300537109375,2.0480000972747803,1906.9000244140625,22.34000015258789,0.75,237.652
2016-01-25,1195.5699462890625,99.36000061035156,30.34000015258789,1893.4300537109375,2.0220000743865967,1877.0799560546875,24.149999618530273,0.75,237.652
2016-01-26,1197.3599853515625,99.36000061035156,31.450000762939453,1871.68994140625,1.99399995803833,1903.6300048828125,22.5,0.75,237.652
2016-01-27,1196.780029296875,98.9000015258789,32.29999923706055,1897.8699951171875,2.000999927520752,1882.949951171875,23.110000610351562,0.75,237.652
2016-01-28,1206.6800537109375,98.51000213623047,33.220001220703125,1906.93994140625,1.9850000143051147,1893.3599853515625,22.420000076293945,0.75,237.652
2016-01-29,1205.6300048828125,99.61000061035156,33.619998931884766,1912.06005859375,1.930999994277954,1940.239990234375,20.200000762939453,0.75,237.652
2016-02-01,1206.1099853515625,99.0,31.6200008392334,1924.8199462890625,1.965999960899353,1939.3800048828125,19.979999542236328,0.75,237.336
2016-02-02,1200.9599609375,98.87000274658203,29.8799991607666,1906.5999755859375,1.8639999628067017,1903.030029296875,21.979999542236328,0.75,237.336
2016-02-03,1211.5,97.29000091552734,32.279998779296875,1890.6700439453125,1.88100004196167,1912.530029296875,21.649999618530273,0.75,237.336
2016-02-04,1199.699951171875,96.47000122070312,31.719999313354492,1916.260009765625,1.8639999628067017,1915.449951171875,21.84000015258789,0.75,237.336
2016-02-05,1190.8499755859375,97.02999877929688,30.889999389648438,1917.7900390625,1.8480000495910645,1880.050048828125,23.3799991607666,0.75,237.336
2016-02-08,1204.3499755859375,96.56999969482422,29.690000534057617,,1.7350000143051147,1853.43994140625,26.0,0.75,237.336
2016-02-09,1202.6700439453125,96.06999969482422,27.940000534057617,,1.7289999723434448,1852.2099609375,26.540000915527344,0.75,237.336
2016-02-10,1197.1500244140625,95.88999938964844,27.450000762939453,,1.7050000429153442,1851.8599853515625,26.290000915527344,0.75,237.336
2016-02-11,1187.949951171875,95.55999755859375,26.209999084472656,1861.5400390625,1.6440000534057617,1829.0799560546875,28.139999389648438,0.75,237.336
2016-02-12,1197.449951171875,95.9800033569336,29.440000534057617,1835.280029296875,1.7480000257492065,1864.780029296875,25.399999618530273,0.75,237.336
2016-02-15,1205.0,,,1862.199951171875,,,,0.75,237.336
2016-02-16,1211.25,96.87000274658203,29.040000915527344,1888.300048828125,1.777999997138977,1895.5799560546875,24.110000610351562,0.75,237.336
2016-02-17,1215.8499755859375,96.79000091552734,30.65999984741211,1883.93994140625,1.819000005722046,1926.8199462890625,22.309999465942383,0.75,237.336
2016-02-18,1224.050048828125,96.94999694824219,30.770000457763672,1908.8399658203125,1.7589999437332153,1917.8299560546875,21.639999389648438,0.75,237.336
2016-02-19,1227.4000244140625,96.5999984741211,29.639999389648438,1916.239990234375,1.7480000257492065,1917.780029296875,20.530000686645508,0.75,237.336
2016-02-22,1231.8699951171875,97.37999725341797,31.479999542236328,1916.3599853515625,1.7660000324249268,1945.5,19.3799991607666,0.75,237.336
2016-02-23,1220.949951171875,97.4800033569336,31.8700008392334,1914.219970703125,1.7450000047683716,1921.27001953125,20.979999542236328,0.75,237.336
2016-02-24,1229.949951171875,97.45999908447266,32.150001525878906,1912.530029296875,1.7419999837875366,1929.800048828125,20.719999313354492,0.75,237.336
2016-02-25,1231.4000244140625,97.29000091552734,33.06999969482422,1918.5699462890625,1.6970000267028809,1951.699951171875,19.110000610351562,0.75,237.336
2016-02-26,1232.3499755859375,98.1500015258789,32.779998779296875,1920.1600341796875,1.7619999647140503,1948.050048828125,19.809999465942383,0.75,237.336
2016-02-29,1241.1300048828125,98.20999908447266,33.75,1916.6600341796875,1.7400000095367432,1932.22998046875,20.549999237060547,0.75,237.336
2016-03-01,1236.199951171875,98.3499984741211,34.400001525878906,,1.8339999914169312,1978.3499755859375,17.700000762939453,0.5,238.08
2016-03-02,1225.1500244140625,98.20999908447266,34.65999984741211,1947.4200439453125,1.8480000495910645,1986.449951171875,17.09000015258789,0.5,238.08
2016-03-03,1224.5,97.56999969482422,34.56999969482422,1958.1700439453125,1.8300000429153442,1993.4000244140625,16.700000762939453,0.5,238.08
2016-03-04,1210.030029296875,97.33999633789062,35.91999816894531,1955.6300048828125,1.8830000162124634,1999.989990234375,16.860000610351562,0.5,238.08
2016-03-07,1196.5,97.06999969482422,37.900001525878906,1957.8699951171875,1.9019999504089355,2001.760009765625,17.350000381469727,0.5,238.08
2016-03-08,1198.75,97.20999908447266,36.5,1946.1199951171875,1.8320000171661377,1979.260009765625,18.670000076293945,0.5,238.08
2016-03-09,1208.1800537109375,97.16999816894531,38.290000915527344,1952.949951171875,1.8919999599456787,1989.260009765625,18.34000015258789,0.5,238.08
2016-03-10,1208.1500244140625,96.06999969482422,37.84000015258789,1969.3299560546875,1.9290000200271606,1989.5699462890625,18.049999237060547,0.5,238.08
2016-03-11,1203.949951171875,96.16999816894531,38.5,1971.4100341796875,1.9769999980926514,2022.18994140625,16.5,0.5,238.08
2016-03-14,1185.9000244140625,96.62000274658203,37.18000030517578,1972.27001953125,1.9630000591278076,2019.6400146484375,16.920000076293945,0.5,238.08
2016-03-15,1185.75,96.62999725341797,36.34000015258789,1969.969970703125,1.9589999914169312,2015.9300537109375,16.84000015258789,0.5,238.08
2016-03-16,1191.969970703125,95.88999938964844,38.459999084472656,1974.9000244140625,1.937999963760376,2027.219970703125,14.989999771118164,0.5,238.08
2016-03-17,1175.8499755859375,94.76000213623047,40.20000076293945,1987.989990234375,1.902999997138977,2040.5899658203125,14.4399995803833,0.5,238.08
2016-03-18,1152.75,94.98999786376953,39.439998626708984,1992.1199951171875,1.871000051498413,2049.580078125,14.020000457763672,0.5,238.08
2016-03-21,1162.300048828125,95.29000091552734,39.90999984741211,1989.760009765625,1.9229999780654907,2051.60009765625,13.789999961853027,0.5,238.08
2016-03-22,1159.0999755859375,95.6500015258789,41.45000076293945,1996.81005859375,1.934999942779541,2049.800048828125,14.170000076293945,0.5,238.08
2016-03-23,1154.800048828125,96.05000305175781,39.790000915527344,1995.1199951171875,1.875,2036.7099609375,14.9399995803833,0.5,238.08
2016-03-24,1166.1500244140625,96.13999938964844,39.459999084472656,1985.969970703125,1.899999976158142,2035.93994140625,14.739999771118164,0.5,238.08
2016-03-25,1166.1500244140625,,,1983.81005859375,,,,0.5,238.08
2016-03-28,1166.1500244140625,95.94000244140625,39.38999938964844,1982.5400390625,1.8700000047683716,2037.050048828125,15.239999771118164,0.5,238.08
2016-03-29,1166.1500244140625,95.16000366210938,38.279998779296875,1994.9100341796875,1.8140000104904175,2055.010009765625,13.819999694824219,0.5,238.08
2016-03-30,1156.0799560546875,94.83999633789062,38.31999969482422,2002.1400146484375,1.8300000429153442,2063.949951171875,13.5600004196167,0.5,238.08
2016-03-31,1140.22998046875,94.58999633789062,38.34000015258789,1995.8499755859375,1.7860000133514404,2059.739990234375,13.949999809265137,0.5,238.08
2016-04-01,1140.800048828125,94.62000274658203,36.790000915527344,1973.5699462890625,1.7920000553131104,2072.780029296875,13.100000381469727,0.5,238.992
2016-04-04,1145.8199462890625,94.51000213623047,35.70000076293945,1978.969970703125,1.7790000438690186,2066.1298828125,14.119999885559082,0.5,238.992
2016-04-05,1148.6300048828125,94.62999725341797,35.88999938964844,1962.739990234375,1.7269999980926514,2045.1700439453125,15.420000076293945,0.5,238.992
2016-04-06,1158.5,94.43000030517578,37.75,1971.3199462890625,1.7549999952316284,2066.659912109375,14.09000015258789,0.5,238.992
2016-04-07,1153.1500244140625,94.4800033569336,37.2599983215332,1973.8900146484375,1.690999984741211,2041.9100341796875,16.15999984741211,0.5,238.992
2016-04-08,1156.1500244140625,94.23999786376953,39.720001220703125,1972.050048828125,1.7200000286102295,2047.5999755859375,15.359999656677246,0.5,238.992
2016-04-11,1149.5,93.94999694824219,40.36000061035156,1970.3699951171875,1.7239999771118164,2041.989990234375,16.260000228881836,0.5,238.992
2016-04-12,1140.5,93.95999908447266,42.16999816894531,1981.3199462890625,1.781000018119812,2061.719970703125,14.850000381469727,0.5,238.992
2016-04-13,1140.050048828125,94.73999786376953,41.7599983215332,,1.7619999647140503,2082.419921875,13.84000015258789,0.5,238.992
2016-04-14,1143.75,94.9000015258789,41.5,2015.9300537109375,1.781000018119812,2082.780029296875,13.720000267028809,0.5,238.992
2016-04-15,1151.5999755859375,94.69999694824219,40.36000061035156,2014.7099609375,1.7519999742507935,2080.72998046875,13.619999885559082,0.5,238.992
2016-04-18,1145.0999755859375,94.48999786376953,39.779998779296875,2009.0999755859375,1.7730000019073486,2094.340087890625,13.350000381469727,0.5,238.992
2016-04-19,1141.5999755859375,93.9800033569336,41.08000183105469,2011.3599853515625,1.7829999923706055,2100.800048828125,13.239999771118164,0.5,238.992
2016-04-20,1125.8499755859375,94.48999786376953,42.630001068115234,2005.8299560546875,1.8539999723434448,2102.39990234375,13.279999732971191,0.5,238.992
2016-04-21,1130.0999755859375,94.5999984741211,43.18000030517578,2022.0999755859375,1.8700000047683716,2091.47998046875,13.949999809265137,0.5,238.992
2016-04-22,1138.25,95.12000274658203,43.72999954223633,2015.489990234375,1.8880000114440918,2091.580078125,13.220000267028809,0.5,238.992
2016-04-25,1147.6500244140625,94.83999633789062,42.63999938964844,2014.550048828125,1.9019999504089355,2087.7900390625,14.079999923706055,0.5,238.992
2016-04-26,1148.52001953125,94.56999969482422,44.040000915527344,2019.6300048828125,1.930999994277954,2091.699951171875,13.960000038146973,0.5,238.992
2016-04-27,1144.8800048828125,94.38999938964844,45.33000183105469,2015.4000244140625,1.8600000143051147,2095.14990234375,13.770000457763672,0.5,238.992
2016-04-28,1146.0999755859375,93.76000213623047,46.029998779296875,2000.9300537109375,1.8380000591278076,2075.81005859375,15.220000267028809,0.5,238.992
2016-04-29,1134.0,93.08000183105469,45.91999816894531,1994.1500244140625,1.819000005722046,2065.300048828125,15.699999809265137,0.5,238.992
2016-05-02,1143.0,92.62999725341797,44.779998779296875,1978.1500244140625,1.8650000095367432,2081.429931640625,14.680000305175781,0.5,239.557
2016-05-03,1135.5,92.94000244140625,43.650001525878906,1986.4100341796875,1.7999999523162842,2063.3701171875,15.600000381469727,0.5,239.557
2016-05-04,1149.97998046875,93.18000030517578,43.779998779296875,1976.7099609375,1.784000039100647,2051.1201171875,16.049999237060547,0.5,239.557
2016-05-05,1164.75,93.77999877929688,44.31999969482422,,1.746999979019165,2050.6298828125,15.90999984741211,0.5,239.557
2016-05-06,1164.5,93.88999938964844,44.65999984741211,,1.7790000438690186,2057.139892578125,14.720000267028809,0.5,239.557
2016-05-09,1167.3399658203125,94.1500015258789,43.439998626708984,1967.81005859375,1.7599999904632568,2058.68994140625,14.569999694824219,0.5,239.557
2016-05-10,1173.050048828125,94.29000091552734,44.65999984741211,1982.5,1.7599999904632568,2084.389892578125,13.630000114440918,0.5,239.557
2016-05-11,1169.3299560546875,93.81999969482422,46.22999954223633,1980.0999755859375,1.7369999885559082,2064.4599609375,14.6899995803833,0.5,239.557
2016-05-12,1162.9000244140625,94.13999938964844,46.70000076293945,1977.489990234375,1.7569999694824219,2064.110107421875,14.40999984741211,0.5,239.557
2016-05-13,1167.4000244140625,94.61000061035156,46.209999084472656,1966.989990234375,1.7050000429153442,2046.6099853515625,15.039999961853027,0.5,239.557
2016-05-16,1174.9000244140625,94.56999969482422,47.720001220703125,1967.9100341796875,1.753000020980835,2066.659912109375,14.680000305175781,0.5,239.557
2016-05-17,1176.449951171875,94.55000305175781,48.310001373291016,1968.06005859375,1.7589999437332153,2047.2099609375,15.569999694824219,0.5,239.557
2016-05-18,1173.3299560546875,95.08000183105469,48.189998626708984,1956.72998046875,1.8799999952316284,2047.6300048828125,15.949999809265137,0.5,239.557
2016-05-19,1186.8499755859375,95.29000091552734,48.15999984741211,1946.780029296875,1.8450000286102295,2040.0400390625,16.329999923706055,0.5,239.557
2016-05-20,1185.449951171875,95.30999755859375,47.75,1947.6700439453125,1.8489999771118164,2052.320068359375,15.199999809265137,0.5,239.557
2016-05-23,1188.4599609375,95.2300033569336,48.08000183105469,1955.25,1.8380000591278076,2048.0400390625,15.819999694824219,0.5,239.557
2016-05-24,1181.550048828125,95.56999969482422,48.619998931884766,1937.6800537109375,1.8589999675750732,2076.06005859375,14.420000076293945,0.5,239.557
2016-05-25,1185.550048828125,95.3499984741211,49.560001373291016,1960.510009765625,1.8700000047683716,2090.5400390625,13.899999618530273,0.5,239.557
2016-05-26,1178.8499755859375,95.16999816894531,49.47999954223633,1957.06005859375,1.8229999542236328,2090.10009765625,13.430000305175781,0.5,239.557
2016-05-27,1177.949951171875,95.5199966430664,49.33000183105469,1969.1700439453125,1.8509999513626099,2099.06005859375,13.119999885559082,0.5,239.557
2016-05-30,1184.25,,,1967.1300048828125,,,,0.5,239.557
2016-05-31,1198.449951171875,95.88999938964844,49.099998474121094,1983.4000244140625,1.8339999914169312,2096.949951171875,14.1899995803833,0.5,239.557
2016-06-01,1187.739990234375,95.45999908447266,49.0099983215332,1982.719970703125,1.8459999561309814,2099.330078125,14.199999809265137,0.5,240.222
2016-06-02,1190.1500244140625,95.55999755859375,49.16999816894531,1985.1099853515625,1.8109999895095825,2105.260009765625,13.630000114440918,0.5,240.222
2016-06-03,1184.300048828125,94.02999877929688,48.619998931884766,1985.8399658203125,1.7039999961853027,2099.1298828125,13.470000267028809,0.5,240.222
2016-06-06,1161.5899658203125,93.9000015258789,49.689998626708984,,1.7230000495910645,2109.409912109375,13.649999618530273,0.5,240.222
2016-06-07,1157.9000244140625,93.83000183105469,50.36000061035156,2011.6300048828125,1.7130000591278076,2112.1298828125,14.050000190734863,0.5,240.222
2016-06-08,1154.5,93.58999633789062,51.22999954223633,2027.0799560546875,1.7059999704360962,2119.1201171875,14.079999923706055,0.5,240.222
2016-06-09,1150.25,94.0999984741211,50.560001373291016,2024.1700439453125,1.6799999475479126,2115.47998046875,14.640000343322754,0.5,240.222
2016-06-10,1156.199951171875,94.5999984741211,49.06999969482422,2017.6300048828125,1.6390000581741333,2096.070068359375,17.030000686645508,0.5,240.222
2016-06-13,1169.47998046875,94.37000274658203,48.880001068115234,1979.06005859375,1.6160000562667847,2079.06005859375,20.969999313354492,0.5,240.222
2016-06-14,1170.1500244140625,94.93000030517578,48.4900016784668,1972.030029296875,1.6109999418258667,2075.320068359375,20.5,0.5,240.222
2016-06-15,1173.3900146484375,94.61000061035156,48.0099983215332,1968.8299560546875,1.5959999561309814,2071.5,20.139999389648438,0.5,240.222
2016-06-16,1166.699951171875,94.56999969482422,46.209999084472656,1951.989990234375,1.5640000104904175,2077.989990234375,19.3700008392334,0.5,240.222
2016-06-17,1169.5799560546875,94.20999908447266,47.97999954223633,1953.4000244140625,1.6180000305175781,2071.219970703125,19.40999984741211,0.5,240.222
2016-06-20,1168.56005859375,93.61000061035156,49.369998931884766,1981.1199951171875,1.6699999570846558,2083.25,18.3700008392334,0.5,240.222
2016-06-21,1159.3499755859375,94.0199966430664,48.849998474121094,1982.699951171875,1.6970000267028809,2088.89990234375,18.479999542236328,0.5,240.222
2016-06-22,1151.5999755859375,93.72000122070312,49.130001068115234,1992.5799560546875,1.684999942779541,2085.449951171875,21.170000076293945,0.5,240.222
2016-06-23,1149.9000244140625,93.52999877929688,50.11000061035156,1986.7099609375,1.7389999628067017,2113.320068359375,17.25,0.5,240.222
2016-06-24,1141.260009765625,95.44999694824219,47.63999938964844,1925.239990234375,1.5789999961853027,2037.4100341796875,25.760000228881836,0.5,240.222
2016-06-27,1170.6099853515625,96.54000091552734,46.33000183105469,1926.8499755859375,1.4600000381469727,2000.5400390625,23.850000381469727,0.5,240.222
2016-06-28,1177.6500244140625,96.25,47.849998474121094,1936.219970703125,1.4609999656677246,2036.0899658203125,18.75,0.5,240.222
2016-06-29,1165.3800048828125,95.7699966430664,49.880001068115234,1956.3599853515625,1.4769999980926514,2070.77001953125,16.639999389648438,0.5,240.222
2016-06-30,1152.1500244140625,96.13999938964844,48.33000183105469,1970.3499755859375,1.4880000352859497,2098.860107421875,15.630000114440918,0.5,240.222
2016-07-01,1151.25,95.6500015258789,48.9900016784668,1987.3199462890625,1.4559999704360962,2102.949951171875,14.770000457763672,0.5,240.101
2016-07-04,1148.0,,,1995.300048828125,,,,0.5,240.101
2016-07-05,1151.4000244140625,96.16999816894531,46.599998474121094,1989.8499755859375,1.3669999837875366,2088.550048828125,15.579999923706055,0.5,240.101
2016-07-06,1154.949951171875,96.05999755859375,47.43000030517578,1953.1199951171875,1.3849999904632568,2099.72998046875,14.960000038146973,0.5,240.101
2016-07-07,1155.25,96.33000183105469,45.13999938964844,1974.0799560546875,1.3869999647140503,2097.89990234375,14.760000228881836,0.5,240.101
2016-07-08,1155.6500244140625,96.30000305175781,45.40999984741211,1963.0999755859375,1.3660000562667847,2129.89990234375,13.199999809265137,0.5,240.101
2016-07-11,1147.7099609375,96.56999969482422,44.7599983215332,1988.5400390625,1.434000015258789,2137.159912109375,13.539999961853027,0.5,240.101
2016-07-12,1148.0699462890625,96.44000244140625,46.79999923706055,1991.22998046875,1.5130000114440918,2152.139892578125,13.550000190734863,0.5,240.101
2016-07-13,1141.0,96.22000122070312,44.75,2005.550048828125,1.468000054359436,2152.429931640625,13.039999961853027,0.5,240.101
2016-07-14,1142.6500244140625,96.08000183105469,45.68000030517578,2008.77001953125,1.531000018119812,2163.75,12.819999694824219,0.5,240.101
2016-07-15,1129.25,96.58000183105469,45.95000076293945,2017.260009765625,1.593999981880188,2161.739990234375,12.670000076293945,0.5,240.101
2016-07-18,1136.5999755859375,96.55999755859375,45.2400016784668,2021.1099853515625,1.5870000123977661,2166.889892578125,12.4399995803833,0.5,240.101
2016-07-19,1133.050048828125,97.05000305175781,44.650001525878906,2016.8900146484375,1.5579999685287476,2163.780029296875,11.970000267028809,0.5,240.101
2016-07-20,1139.199951171875,97.19999694824219,44.939998626708984,2015.4599609375,1.5800000429153442,2173.02001953125,11.770000457763672,0.5,240.101
2016-07-21,1140.949951171875,97.0,44.75,2012.219970703125,1.565000057220459,2165.169921875,12.739999771118164,0.5,240.101
2016-07-22,1136.050048828125,97.47000122070312,44.189998626708984,2010.3399658203125,1.5700000524520874,2175.030029296875,12.020000457763672,0.5,240.101
2016-07-25,1134.0,97.29000091552734,43.130001068115234,2012.3199462890625,1.5709999799728394,2168.47998046875,12.869999885559082,0.5,240.101
2016-07-26,1141.530029296875,97.16000366210938,42.91999816894531,2027.3399658203125,1.562999963760376,2169.179931640625,13.050000190734863,0.5,240.101
2016-07-27,1134.550048828125,97.05000305175781,41.91999816894531,2025.050048828125,1.5149999856948853,2166.580078125,12.829999923706055,0.5,240.101
2016-07-28,1129.050048828125,96.73999786376953,41.13999938964844,2021.0999755859375,1.5110000371932983,2170.06005859375,12.720000267028809,0.5,240.101
2016-07-29,1123.3499755859375,95.52999877929688,41.599998474121094,2016.18994140625,1.4579999446868896,2173.60009765625,11.869999885559082,0.5,240.101
2016-08-01,1109.949951171875,95.70999908447266,40.060001373291016,2029.6099853515625,1.496000051498413,2170.840087890625,12.4399995803833,0.5,240.545
2016-08-02,1105.449951171875,95.05999755859375,39.5099983215332,2019.030029296875,1.5369999408721924,2157.030029296875,13.369999885559082,0.5,240.545
2016-08-03,1111.8399658203125,95.55999755859375,40.83000183105469,1994.7900390625,1.5420000553131104,2163.7900390625,12.859999656677246,0.5,240.545
2016-08-04,1113.449951171875,95.76000213623047,41.93000030517578,2000.030029296875,1.503000020980835,2164.25,12.420000076293945,0.5,240.545
2016-08-05,1109.949951171875,96.19000244140625,41.79999923706055,2017.93994140625,1.5820000171661377,2182.8701171875,11.390000343322754,0.5,240.545
2016-08-08,1113.3499755859375,96.4000015258789,43.02000045776367,2031.1199951171875,1.5829999446868896,2180.889892578125,11.5,0.5,240.545
2016-08-09,1104.6500244140625,96.18000030517578,42.77000045776367,2043.780029296875,1.5449999570846558,2181.739990234375,11.65999984741211,0.5,240.545
2016-08-10,1099.9000244140625,95.6500015258789,41.709999084472656,2044.6400146484375,1.5089999437332153,2175.489990234375,12.050000190734863,0.5,240.545
2016-08-11,1094.25,95.86000061035156,43.4900016784668,2048.800048828125,1.5729999542236328,2185.7900390625,11.680000305175781,0.5,240.545
2016-08-12,1095.949951171875,95.72000122070312,44.4900016784668,2050.469970703125,1.5149999856948853,2184.050048828125,11.550000190734863,0.5,240.545
2016-08-15,1102.47998046875,95.62999725341797,45.7400016784668,,1.5529999732971191,2190.14990234375,11.8100004196167,0.5,240.545
2016-08-16,1097.3599853515625,94.79000091552734,46.58000183105469,2047.760009765625,1.5759999752044678,2178.14990234375,12.640000343322754,0.5,240.545
2016-08-17,1094.030029296875,94.72000122070312,46.790000915527344,2043.75,1.5609999895095825,2182.219970703125,12.1899995803833,0.5,240.545
2016-08-18,1104.5,94.16000366210938,48.220001220703125,2055.469970703125,1.5360000133514404,2187.02001953125,11.430000305175781,0.5,240.545
2016-08-19,1106.9599609375,94.51000213623047,48.52000045776367,2056.239990234375,1.5779999494552612,2183.8701171875,11.34000015258789,0.5,240.545
2016-08-22,1117.3900146484375,94.5199966430664,47.04999923706055,2042.1600341796875,1.5390000343322754,2182.639892578125,12.270000457763672,0.5,240.545
2016-08-23,1122.5699462890625,94.54000091552734,48.099998474121094,2049.929931640625,1.5529999732971191,2186.89990234375,12.380000114440918,0.5,240.545
2016-08-24,1119.3900146484375,94.79000091552734,46.77000045776367,2043.760009765625,1.559000015258789,2175.43994140625,13.449999809265137,0.5,240.545
2016-08-25,1119.7900390625,94.7699966430664,47.33000183105469,2042.9200439453125,1.5770000219345093,2172.469970703125,13.630000114440918,0.5,240.545
2016-08-26,1114.1300048828125,95.56999969482422,47.63999938964844,2037.5,1.6349999904632568,2169.0400390625,13.649999618530273,0.5,240.545
2016-08-29,1121.75,95.58000183105469,46.97999954223633,2032.3499755859375,1.565999984741211,2180.3798828125,12.9399995803833,0.5,240.545
2016-08-30,1118.3299560546875,96.05000305175781,46.349998474121094,2039.739990234375,1.5700000524520874,2176.1201171875,13.119999885559082,0.5,240.545
2016-08-31,1118.3800048828125,96.0199966430664,44.70000076293945,2034.6500244140625,1.5679999589920044,2170.949951171875,13.420000076293945,0.5,240.545
2016-09-01,1114.43994140625,95.6500015258789,43.15999984741211,2032.719970703125,1.5700000524520874,2170.860107421875,13.479999542236328,0.5,241.176
2016-09-02,1116.5999755859375,95.87999725341797,44.439998626708984,2038.31005859375,1.5959999561309814,2179.97998046875,11.979999542236328,0.5,241.176
2016-09-05,1114.8499755859375,,,2060.080078125,,,,0.5,241.176
2016-09-06,1103.4300537109375,94.81999969482422,44.83000183105469,2066.530029296875,1.5429999828338623,2186.47998046875,12.020000457763672,0.5,241.176
2016-09-07,1094.5899658203125,94.95999908447266,45.5,2061.8798828125,1.5410000085830688,2186.159912109375,11.9399995803833,0.5,241.176
2016-09-08,1088.800048828125,95.02999877929688,47.619998931884766,2063.72998046875,1.6160000562667847,2181.300048828125,12.510000228881836,0.5,241.176
2016-09-09,1097.3900146484375,95.33999633789062,45.880001068115234,2037.8699951171875,1.6720000505447388,2127.81005859375,17.5,0.5,241.176
2016-09-12,1103.5999755859375,95.0999984741211,46.290000915527344,1991.47998046875,1.6720000505447388,2159.0400390625,15.15999984741211,0.5,241.176
2016-09-13,1107.4599609375,95.62999725341797,44.900001525878906,1999.3599853515625,1.7339999675750732,2127.02001953125,17.850000381469727,0.5,241.176
2016-09-14,1126.530029296875,95.33000183105469,43.58000183105469,,1.6890000104904175,2125.77001953125,18.139999389648438,0.5,241.176
2016-09-15,1125.75,95.29000091552734,43.90999984741211,,1.7029999494552612,2147.260009765625,16.299999237060547,0.5,241.176
2016-09-16,1123.5999755859375,96.11000061035156,43.029998779296875,,1.7009999752044678,2139.159912109375,15.369999885559082,0.5,241.176
2016-09-19,1124.9000244140625,95.83999633789062,43.29999923706055,2015.780029296875,1.6959999799728394,2139.1201171875,15.529999732971191,0.5,241.176
2016-09-20,1118.43994140625,96.0199966430664,43.439998626708984,2025.7099609375,1.687999963760376,2139.760009765625,15.920000076293945,0.5,241.176
2016-09-21,1116.1500244140625,95.66000366210938,45.34000015258789,2035.989990234375,1.6679999828338623,2163.1201171875,13.300000190734863,0.5,241.176
2016-09-22,1104.3699951171875,95.44999694824219,46.31999969482422,2049.699951171875,1.6319999694824219,2177.179931640625,12.020000457763672,0.5,241.176
2016-09-23,1101.989990234375,95.4800033569336,44.47999954223633,2054.070068359375,1.6150000095367432,2164.68994140625,12.289999961853027,0.5,241.176
2016-09-26,1101.800048828125,95.30999755859375,45.93000030517578,2047.1099853515625,1.5889999866485596,2146.10009765625,14.5,0.5,241.176
2016-09-27,1107.4599609375,95.44000244140625,44.66999816894531,2062.820068359375,1.555999994277954,2159.929931640625,13.100000381469727,0.5,241.176
2016-09-28,1095.9000244140625,95.43000030517578,47.04999923706055,2053.06005859375,1.5670000314712524,2171.3701171875,12.390000343322754,0.5,241.176
2016-09-29,1091.0799560546875,95.54000091552734,47.83000183105469,2068.719970703125,1.5570000410079956,2151.1298828125,14.020000457763672,0.5,241.176
2016-09-30,1101.6199951171875,95.45999908447266,48.2400016784668,2043.6300048828125,1.6080000400543213,2168.27001953125,13.289999961853027,0.5,241.176
2016-10-03,1102.1500244140625,95.75,48.810001373291016,,1.621999979019165,2161.199951171875,13.569999694824219,0.5,241.741
2016-10-04,1103.239990234375,96.12000274658203,48.689998626708984,2054.860107421875,1.6829999685287476,2150.489990234375,13.630000114440918,0.5,241.741
2016-10-05,1115.3599853515625,96.12999725341797,49.83000183105469,2053.0,1.715999960899353,2159.72998046875,12.989999771118164,0.5,241.741
2016-10-06,1113.1800537109375,96.66000366210938,50.439998626708984,2065.300048828125,1.7419999837875366,2160.77001953125,12.84000015258789,0.5,241.741
2016-10-07,1114.8900146484375,96.5199966430664,49.810001373291016,2053.800048828125,1.7359999418258667,2153.739990234375,13.479999542236328,0.5,241.741
2016-10-10,1115.8499755859375,,,2056.820068359375,1.7230000495910645,2163.659912109375,13.380000114440918,0.5,241.741
2016-10-11,1106.6199951171875,97.69999694824219,50.790000915527344,2031.9300537109375,1.7589999437332153,2136.72998046875,15.359999656677246,0.5,241.741
2016-10-12,1123.6800537109375,97.97000122070312,50.18000030517578,2033.72998046875,1.777999997138977,2139.179931640625,15.90999984741211,0.5,241.741
2016-10-13,1123.81005859375,97.5199966430664,50.439998626708984,2015.43994140625,1.7380000352859497,2132.550048828125,16.690000534057617,0.5,241.741
2016-10-14,1128.1199951171875,98.0199966430664,50.349998474121094,2022.6600341796875,1.7940000295639038,2132.97998046875,16.1200008392334,0.5,241.741
2016-10-17,1136.050048828125,97.88999938964844,49.939998626708984,2027.6099853515625,1.7660000324249268,2126.5,16.209999084472656,0.5,241.741
2016-10-18,1135.6300048828125,97.9000015258789,50.290000915527344,2040.4300537109375,1.7489999532699585,2139.60009765625,15.279999732971191,0.5,241.741
2016-10-19,1124.6199951171875,97.87000274658203,51.599998474121094,2040.93994140625,1.7519999742507935,2144.2900390625,14.40999984741211,0.5,241.741
2016-10-20,1119.6099853515625,98.31999969482422,50.43000030517578,2040.5999755859375,1.746999979019165,2141.340087890625,13.75,0.5,241.741
2016-10-21,1130.22998046875,98.69999694824219,50.849998474121094,2033.0,1.7400000095367432,2141.159912109375,13.34000015258789,0.5,241.741
2016-10-24,1135.5999755859375,98.66999816894531,50.52000045776367,2047.739990234375,1.7630000114440918,2151.330078125,13.020000457763672,0.5,241.741
2016-10-25,1134.3800048828125,98.72000122070312,49.959999084472656,2037.1700439453125,1.7580000162124634,2143.159912109375,13.460000038146973,0.5,241.741
2016-10-26,1129.0999755859375,98.62999725341797,49.18000030517578,2013.8900146484375,1.7899999618530273,2139.429931640625,14.239999771118164,0.5,241.741
2016-10-27,1137.3299560546875,98.88999938964844,49.720001220703125,2024.1199951171875,1.843000054359436,2133.0400390625,15.359999656677246,0.5,241.741
2016-10-28,1146.52001953125,98.3499984741211,48.70000076293945,2019.4200439453125,1.8450000286102295,2126.409912109375,16.190000534057617,0.5,241.741
2016-10-31,1146.699951171875,98.44999694824219,46.86000061035156,2008.18994140625,1.8339999914169312,2126.14990234375,17.059999465942383,0.5,241.741
2016-11-01,1143.3299560546875,97.69999694824219,46.66999816894531,2007.3900146484375,1.8200000524520874,2111.719970703125,18.559999465942383,0.5,242.026
2016-11-02,1145.469970703125,97.4000015258789,45.34000015258789,1978.93994140625,1.7990000247955322,2097.93994140625,19.31999969482422,0.5,242.026
2016-11-03,1145.1700439453125,97.16000366210938,44.65999984741211,1983.800048828125,1.812000036239624,2088.659912109375,22.079999923706055,0.5,242.026
2016-11-04,1143.4200439453125,97.06999969482422,44.06999969482422,1982.02001953125,1.7829999923706055,2085.179931640625,22.510000228881836,0.5,242.026
2016-11-07,1141.449951171875,97.77999877929688,44.88999938964844,1997.5799560546875,1.8279999494552612,2131.52001953125,18.709999084472656,0.5,242.026
2016-11-08,1140.550048828125,97.86000061035156,44.97999954223633,2003.3800048828125,1.8619999885559082,2139.56005859375,18.739999771118164,0.5,242.026
2016-11-09,1127.8599853515625,98.5,45.27000045776367,1958.3800048828125,2.072000026702881,2163.260009765625,14.380000114440918,0.5,242.026
2016-11-10,1156.280029296875,98.79000091552734,44.65999984741211,2002.5999755859375,2.117000102996826,2167.47998046875,14.739999771118164,0.5,242.026
2016-11-11,1164.949951171875,,,1984.4300537109375,,2164.449951171875,14.170000076293945,0.5,242.026
2016-11-14,1164.4000244140625,100.11000061035156,43.31999969482422,1974.4000244140625,2.2219998836517334,2164.199951171875,14.479999542236328,0.5,242.026
2016-11-15,1167.760009765625,100.19000244140625,45.810001373291016,1967.530029296875,2.23799991607666,2180.389892578125,13.369999885559082,0.5,242.026
2016-11-16,1166.68994140625,100.41000366210938,45.56999969482422,1979.6500244140625,2.2230000495910645,2176.93994140625,13.720000267028809,0.5,242.026
2016-11-17,1169.0699462890625,100.88999938964844,45.41999816894531,1980.550048828125,2.2760000228881836,2187.1201171875,13.350000381469727,0.5,242.026
2016-11-18,1179.1500244140625,101.20999908447266,45.689998626708984,1974.5799560546875,2.3350000381469727,2181.89990234375,12.850000381469727,0.5,242.026
2016-11-21,1180.75,101.05000305175781,47.4900016784668,1966.050048828125,2.3389999866485596,2198.179931640625,12.420000076293945,0.5,242.026
2016-11-22,1179.1800537109375,101.04000091552734,48.029998779296875,1983.469970703125,2.321000099182129,2202.93994140625,12.40999984741211,0.5,242.026
2016-11-23,1167.9300537109375,101.69999694824219,47.959999084472656,1987.949951171875,2.3570001125335693,2204.719970703125,12.430000305175781,0.5,242.026
2016-11-24,1180.8599853515625,,,1971.260009765625,,,,0.5,242.026
2016-11-25,1181.050048828125,101.48999786376953,46.060001373291016,1974.4599609375,2.371999979019165,2213.35009765625,12.34000015258789,0.5,242.026
2016-11-28,1172.699951171875,101.33000183105469,47.08000183105469,1978.1300048828125,2.319999933242798,2201.719970703125,13.149999618530273,0.5,242.026
2016-11-29,1169.7099609375,100.93000030517578,45.22999954223633,1978.3900146484375,2.302000045776367,2204.659912109375,12.899999618530273,0.5,242.026
2016-11-30,1167.8599853515625,101.5,49.439998626708984,1983.47998046875,2.368000030517578,2198.81005859375,13.329999923706055,0.5,242.026
2016-12-01,1178.1300048828125,101.04000091552734,51.060001373291016,1983.75,2.440999984741211,2191.080078125,14.069999694824219,0.5,242.637
2016-12-02,1167.699951171875,100.7699966430664,51.68000030517578,1970.6099853515625,2.390000104904175,2191.949951171875,14.119999885559082,0.5,242.637
2016-12-05,1169.5999755859375,100.13999938964844,51.790000915527344,1963.3599853515625,2.38700008392334,2204.7099609375,12.140000343322754,0.5,242.637
2016-12-06,1166.989990234375,100.48999786376953,50.93000030517578,1989.8599853515625,2.3959999084472656,2212.22998046875,11.789999961853027,0.5,242.637
2016-12-07,1170.550048828125,100.2300033569336,49.77000045776367,1991.8900146484375,2.3469998836517334,2241.35009765625,12.220000267028809,0.5,242.637
2016-12-08,1157.5,101.06999969482422,50.84000015258789,2031.0699462890625,2.38700008392334,2246.18994140625,12.640000343322754,0.5,242.637
2016-12-09,1162.25,101.56999969482422,51.5,2024.68994140625,2.4639999866485596,2259.530029296875,11.75,0.5,242.637
2016-12-12,1169.949951171875,100.95999908447266,52.83000183105469,2027.239990234375,2.4790000915527344,2256.9599609375,12.640000343322754,0.5,242.637
2016-12-13,1164.6500244140625,101.02999877929688,52.97999954223633,2035.97998046875,2.4809999465942383,2271.719970703125,12.720000267028809,0.5,242.637
2016-12-14,1163.5899658203125,102.0,51.040000915527344,2036.8699951171875,2.5250000953674316,2253.280029296875,13.1899995803833,0.5,242.637
2016-12-15,1179.1600341796875,103.12999725341797,50.900001525878906,2036.6500244140625,2.5799999237060547,2262.030029296875,12.789999961853027,0.5,242.637
2016-12-16,1184.4300537109375,102.94999694824219,51.900001525878906,2042.239990234375,2.5969998836517334,2258.070068359375,12.199999809265137,0.5,242.637
2016-12-19,1186.0,103.13999938964844,52.119998931884766,2038.3900146484375,2.5420000553131104,2262.530029296875,11.710000038146973,0.5,242.637
2016-12-20,1186.949951171875,103.29000091552734,52.22999954223633,2041.93994140625,2.568000078201294,2270.760009765625,11.449999809265137,0.5,242.637
2016-12-21,1191.469970703125,103.0199966430664,52.4900016784668,2037.9599609375,2.5460000038146973,2265.179931640625,11.270000457763672,0.5,242.637
2016-12-22,1193.3499755859375,103.08999633789062,52.95000076293945,2035.72998046875,2.552999973297119,2260.9599609375,11.430000305175781,0.5,242.637
2016-12-23,1205.0999755859375,103.01000213623047,53.02000045776367,2035.9000244140625,2.5429999828338623,2263.7900390625,11.4399995803833,0.5,242.637
2016-12-26,1199.550048828125,,,2037.75,,,,0.5,242.637
2016-12-27,1199.550048828125,103.0199966430664,53.900001525878906,2042.1700439453125,2.562999963760376,2268.8798828125,11.989999771118164,0.5,242.637
2016-12-28,1206.47998046875,103.26000213623047,54.060001373291016,2024.489990234375,2.50600004196167,2249.919921875,12.949999809265137,0.5,242.637
2016-12-29,1210.3399658203125,102.68000030517578,53.77000045776367,2026.4599609375,2.4769999980926514,2249.260009765625,13.369999885559082,0.5,242.637
2016-12-30,1205.2900390625,102.38999938964844,53.720001220703125,,2.446000099182129,2238.830078125,14.039999961853027,0.5,242.637
2017-01-02,1205.449951171875,,,2026.1600341796875,,,,0.5,243.618
2017-01-03,1202.9300537109375,103.20999908447266,52.33000183105469,2043.969970703125,2.450000047683716,2257.830078125,12.850000381469727,0.5,243.618
2017-01-04,1206.010009765625,102.69999694824219,53.2599983215332,2045.6400146484375,2.4519999027252197,2270.75,11.850000381469727,0.5,243.618
2017-01-05,1194.47998046875,101.5199966430664,53.7599983215332,2041.949951171875,2.368000030517578,2269.0,11.670000076293945,0.5,243.618
2017-01-06,1180.6300048828125,102.22000122070312,53.9900016784668,2049.1201171875,2.4179999828338623,2276.97998046875,11.319999694824219,0.5,243.618
2017-01-09,1201.0999755859375,101.93000030517578,51.959999084472656,2048.780029296875,2.375999927520752,2268.89990234375,11.5600004196167,0.5,243.618
2017-01-10,1202.52001953125,102.01000213623047,50.81999969482422,2045.1199951171875,2.378999948501587,2268.89990234375,11.489999771118164,0.5,243.618
2017-01-11,1200.5999755859375,101.77999877929688,52.25,2075.169921875,2.369999885559082,2275.320068359375,11.260000228881836,0.5,243.618
2017-01-12,1187.1600341796875,101.3499984741211,53.0099983215332,2087.139892578125,2.3610000610351562,2270.43994140625,11.539999961853027,0.5,243.618
2017-01-13,1174.719970703125,101.18000030517578,52.369998931884766,2076.7900390625,2.380000114440918,2274.639892578125,11.229999542236328,0.5,243.618
2017-01-16,1174.050048828125,,,2064.169921875,,,,0.5,243.618
2017-01-17,1182.1700439453125,100.33000183105469,52.47999954223633,2071.8701171875,2.3269999027252197,2267.889892578125,11.869999885559082,0.5,243.618
2017-01-18,1160.030029296875,100.93000030517578,51.08000183105469,2070.5400390625,2.3889999389648438,2271.889892578125,12.479999542236328,0.5,243.618
2017-01-19,1176.7900390625,101.1500015258789,51.369998931884766,2072.7900390625,2.4590001106262207,2263.68994140625,12.779999732971191,0.5,243.618
2017-01-20,1173.75,100.73999786376953,52.41999816894531,2065.610107421875,2.4670000076293945,2271.31005859375,11.539999961853027,0.5,243.618
2017-01-23,1173.300048828125,100.16000366210938,52.75,2065.989990234375,2.4030001163482666,2265.199951171875,11.770000457763672,0.5,243.618
2017-01-24,1162.6500244140625,100.3499984741211,53.18000030517578,2065.760009765625,2.4709999561309814,2280.070068359375,11.069999694824219,0.5,243.618
2017-01-25,1168.030029296875,100.02999877929688,52.75,2066.93994140625,2.5230000019073486,2298.3701171875,10.8100004196167,0.5,243.618
2017-01-26,1161.260009765625,100.37999725341797,53.779998779296875,2083.590087890625,2.507999897003174,2296.679931640625,10.630000114440918,0.5,243.618
2017-01-27,1170.6700439453125,100.52999877929688,53.16999816894531,,2.4809999465942383,2294.68994140625,10.579999923706055,0.5,243.618
2017-01-30,1177.5999755859375,100.43000030517578,52.630001068115234,,2.4830000400543213,2280.89990234375,11.880000114440918,0.5,243.618
2017-01-31,1169.2099609375,99.51000213623047,52.810001373291016,2067.570068359375,2.4509999752044678,2278.8701171875,11.989999771118164,0.5,243.618
2017-02-01,1149.25,99.63999938964844,53.880001068115234,2080.47998046875,2.4739999771118164,2279.550048828125,11.8100004196167,0.5,244.006
2017-02-02,1151.949951171875,99.8499984741211,53.540000915527344,2071.010009765625,2.4700000286102295,2280.85009765625,11.930000305175781,0.5,244.006
2017-02-03,1142.699951171875,99.87000274658203,53.83000183105469,2073.159912109375,2.490999937057495,2297.419921875,10.970000267028809,0.5,244.006
2017-02-06,1137.760009765625,99.91000366210938,53.0099983215332,2077.659912109375,2.4130001068115234,2292.56005859375,11.369999885559082,0.5,244.006
2017-02-07,1132.7099609375,100.26000213623047,52.16999816894531,2075.2099609375,2.3889999389648438,2293.080078125,11.289999961853027,0.5,244.006
2017-02-08,1142.0999755859375,100.27999877929688,52.34000015258789,2065.080078125,2.3510000705718994,2294.669921875,11.449999809265137,0.5,244.006
2017-02-09,1144.6199951171875,100.6500015258789,53.0,2065.8798828125,2.3949999809265137,2307.8701171875,10.880000114440918,0.5,244.006
2017-02-10,1149.9100341796875,100.80000305175781,53.86000061035156,2075.080078125,2.4089999198913574,2316.10009765625,10.850000381469727,0.5,244.006
2017-02-13,1145.1800537109375,100.95999908447266,52.93000030517578,2078.64990234375,2.434000015258789,2328.25,11.069999694824219,0.5,244.006
2017-02-14,1148.699951171875,101.25,53.20000076293945,2074.570068359375,2.4700000286102295,2337.580078125,10.739999771118164,0.5,244.006
2017-02-15,1137.9599609375,101.18000030517578,53.11000061035156,2083.860107421875,2.502000093460083,2349.25,11.970000267028809,0.5,244.006
2017-02-16,1133.0999755859375,100.44000244140625,53.36000061035156,2081.840087890625,2.450000047683716,2347.219970703125,11.760000228881836,0.5,244.006
2017-02-17,1141.0799560546875,100.94999694824219,53.400001525878906,2080.580078125,2.424999952316284,2351.159912109375,11.489999771118164,0.5,244.006
2017-02-20,1149.5999755859375,,,2084.389892578125,,,,0.5,244.006
2017-02-21,1143.9599609375,101.37000274658203,54.060001373291016,2102.929931640625,2.427000045776367,2365.3798828125,11.569999694824219,0.5,244.006
2017-02-22,1141.1800537109375,101.33000183105469,53.59000015258789,2106.610107421875,2.4179999828338623,2362.820068359375,11.739999771118164,0.5,244.006
2017-02-23,1137.949951171875,101.05000305175781,54.45000076293945,2107.6298828125,2.388000011444092,2363.81005859375,11.710000038146973,0.5,244.006
2017-02-24,1131.81005859375,101.08999633789062,53.9900016784668,2094.1201171875,2.316999912261963,2367.340087890625,11.470000267028809,0.5,244.006
2017-02-27,1130.449951171875,101.12999725341797,54.04999923706055,2085.52001953125,2.36899995803833,2369.75,12.09000015258789,0.5,244.006
2017-02-28,1133.93994140625,101.12000274658203,54.0099983215332,2091.639892578125,2.3580000400543213,2363.639892578125,12.920000076293945,0.5,244.006
2017-03-01,1136.7900390625,101.77999877929688,53.83000183105469,,2.4630000591278076,2395.9599609375,12.539999961853027,0.5,243.892
2017-03-02,1139.5699462890625,102.19999694824219,52.61000061035156,2102.64990234375,2.489000082015991,2381.919921875,11.8100004196167,0.5,243.892
2017-03-03,1149.9000244140625,101.54000091552734,53.33000183105469,2078.75,2.492000102996826,2383.1201171875,10.960000038146973,0.5,243.892
2017-03-06,1151.969970703125,101.63999938964844,53.20000076293945,2081.360107421875,2.49399995803833,2375.31005859375,11.239999771118164,0.5,243.892
2017-03-07,1154.25,101.80999755859375,53.13999938964844,2094.050048828125,2.510999917984009,2368.389892578125,11.449999809265137,0.5,243.892
2017-03-08,1149.4100341796875,102.06999969482422,50.279998779296875,2095.409912109375,2.552000045776367,2362.97998046875,11.859999656677246,0.5,243.892
2017-03-09,1153.6199951171875,101.8499984741211,49.279998779296875,2091.06005859375,2.5980000495910645,2364.8701171875,12.300000190734863,0.5,243.892
2017-03-10,1159.280029296875,101.25,48.4900016784668,2097.35009765625,2.5820000171661377,2372.60009765625,11.65999984741211,0.5,243.892
2017-03-13,1145.9599609375,101.37999725341797,48.400001525878906,2117.590087890625,2.6080000400543213,2373.469970703125,11.350000381469727,0.5,243.892
2017-03-14,1147.550048828125,101.69999694824219,47.720001220703125,2133.780029296875,2.5950000286102295,2365.449951171875,12.300000190734863,0.5,243.892
2017-03-15,1148.219970703125,100.73999786376953,48.86000061035156,2133.0,2.507999897003174,2385.260009765625,11.630000114440918,0.5,243.892
2017-03-16,1127.4000244140625,100.2699966430664,48.75,2150.080078125,2.5220000743865967,2381.3798828125,11.210000038146973,0.5,243.892
2017-03-17,1127.010009765625,100.30000305175781,48.779998779296875,2164.580078125,2.500999927520752,2378.25,11.279999732971191,0.5,243.892
2017-03-20,1126.6500244140625,100.41000366210938,48.220001220703125,2157.010009765625,2.4730000495910645,2373.469970703125,11.34000015258789,0.5,243.892
2017-03-21,1113.75,99.80999755859375,47.34000015258789,2178.3798828125,2.436000108718872,2344.02001953125,12.470000267028809,0.5,243.892
2017-03-22,1122.780029296875,99.68000030517578,48.040000915527344,2168.300048828125,2.3959999084472656,2348.449951171875,12.8100004196167,0.5,243.892
2017-03-23,1116.4100341796875,99.76000213623047,47.70000076293945,2172.719970703125,2.4179999828338623,2345.9599609375,13.119999885559082,0.5,243.892
2017-03-24,1121.22998046875,99.62999725341797,47.970001220703125,2168.949951171875,2.4000000953674316,2343.97998046875,12.960000038146973,0.5,243.892
2017-03-27,1116.1400146484375,99.16999816894531,47.72999954223633,2155.659912109375,2.372999906539917,2341.590087890625,12.5,0.5,243.892
2017-03-28,1111.0999755859375,99.70999908447266,48.369998931884766,2163.31005859375,2.4089999198913574,2358.570068359375,11.529999732971191,0.5,243.892
2017-03-29,1115.5,100.0,49.5099983215332,2166.97998046875,2.385999917984009,2361.1298828125,11.420000076293945,0.5,243.892
2017-03-30,1109.949951171875,100.41000366210938,50.349998474121094,2164.639892578125,2.4159998893737793,2368.06005859375,11.539999961853027,0.5,243.892
2017-03-31,1117.02001953125,100.3499984741211,50.599998474121094,2160.22998046875,2.3959999084472656,2362.719970703125,12.369999885559082,0.5,243.892
2017-04-03,1115.1600341796875,100.54000091552734,50.2400016784668,2167.510009765625,2.3499999046325684,2358.840087890625,12.380000114440918,0.5,244.193
2017-04-04,1116.22998046875,100.54000091552734,51.029998779296875,2161.10009765625,2.3499999046325684,2360.159912109375,11.789999961853027,0.5,244.193
2017-04-05,1124.0999755859375,100.55999755859375,51.150001525878906,2160.85009765625,2.3570001125335693,2352.949951171875,12.890000343322754,0.5,244.193
2017-04-06,1127.0999755859375,100.66999816894531,51.70000076293945,2152.75,2.3429999351501465,2357.489990234375,12.390000343322754,0.5,244.193
2017-04-07,1130.0,101.18000030517578,52.2400016784668,2151.72998046875,2.372999906539917,2355.5400390625,12.869999885559082,0.5,244.193
2017-04-10,1136.0,101.0199966430664,53.08000183105469,2133.320068359375,2.3610000610351562,2357.159912109375,14.050000190734863,0.5,244.193
2017-04-11,1142.030029296875,100.70999908447266,53.400001525878906,2123.85009765625,2.2980000972747803,2353.780029296875,15.069999694824219,0.5,244.193
2017-04-12,1144.5899658203125,100.77999877929688,53.11000061035156,2128.909912109375,2.2960000038146973,2344.929931640625,15.770000457763672,0.5,244.193
2017-04-13,1133.4300537109375,100.55999755859375,53.18000030517578,2148.610107421875,2.2320001125335693,2328.949951171875,15.960000038146973,0.5,244.193
2017-04-14,1135.0,,,2134.8798828125,,,,0.5,244.193
2017-04-17,1135.3599853515625,100.30000305175781,52.650001525878906,2145.760009765625,2.252000093460083,2349.010009765625,14.65999984741211,0.5,244.193
2017-04-18,1131.800048828125,99.5,52.40999984741211,2148.4599609375,2.178999900817871,2342.18994140625,14.420000076293945,0.5,244.193
2017-04-19,1141.6800537109375,99.73999786376953,50.439998626708984,2138.39990234375,2.2019999027252197,2338.169921875,14.930000305175781,0.5,244.193
2017-04-20,1141.8900146484375,99.77999877929688,50.27000045776367,2149.14990234375,2.240999937057495,2355.840087890625,14.149999618530273,0.5,244.193
2017-04-21,1137.1099853515625,99.9800033569336,49.619998931884766,2165.0400390625,2.236999988555908,2348.68994140625,14.630000114440918,0.5,244.193
2017-04-24,1133.7099609375,99.08999633789062,49.22999954223633,2173.739990234375,2.2730000019073486,2374.14990234375,10.84000015258789,0.5,244.193
2017-04-25,1133.8399658203125,98.81999969482422,49.560001373291016,2196.85009765625,2.3269999027252197,2388.610107421875,10.760000228881836,0.5,244.193
2017-04-26,1125.469970703125,98.95999908447266,49.619998931884766,2207.840087890625,2.311000108718872,2387.449951171875,10.850000381469727,0.5,244.193
2017-04-27,1131.800048828125,99.08000183105469,48.970001220703125,2209.4599609375,2.2960000038146973,2388.77001953125,10.359999656677246,0.5,244.193
2017-04-28,1129.93994140625,99.05000305175781,49.33000183105469,2205.43994140625,2.2820000648498535,2384.199951171875,10.819999694824219,0.5,244.193
2017-05-01,1135.6400146484375,99.13999938964844,48.84000015258789,,2.325000047683716,2388.330078125,10.109999656677246,0.5,244.004
2017-05-02,1136.260009765625,98.9800033569336,47.65999984741211,2219.669921875,2.2960000038146973,2391.169921875,10.59000015258789,0.5,244.004
2017-05-03,1127.760009765625,99.20999908447266,47.81999969482422,,2.309000015258789,2388.1298828125,10.680000305175781,0.5,244.004
2017-05-04,1132.9100341796875,98.76000213623047,45.52000045776367,2241.239990234375,2.3559999465942383,2389.52001953125,10.460000038146973,0.5,244.004
2017-05-05,1134.93994140625,98.6500015258789,46.220001220703125,,2.3519999980926514,2399.2900390625,10.569999694824219,0.5,244.004
2017-05-08,1133.719970703125,99.1500015258789,46.43000030517578,2292.760009765625,2.375999927520752,2399.3798828125,9.770000457763672,0.5,244.004
2017-05-09,1132.6500244140625,99.58999633789062,45.880001068115234,,2.4070000648498535,2396.919921875,9.960000038146973,0.5,244.004
2017-05-10,1137.8599853515625,99.66999816894531,47.33000183105469,2270.1201171875,2.4140000343322754,2399.6298828125,10.210000038146973,0.5,244.004
2017-05-11,1130.0400390625,99.62000274658203,47.83000183105469,2296.3701171875,2.4000000953674316,2394.43994140625,10.600000381469727,0.5,244.004
2017-05-12,1123.1600341796875,99.25,47.84000015258789,2286.02001953125,2.3350000381469727,2390.89990234375,10.399999618530273,0.5,244.004
2017-05-15,1123.0999755859375,98.91000366210938,48.849998474121094,2290.64990234375,2.3380000591278076,2402.320068359375,10.420000076293945,0.5,244.004
2017-05-16,1117.4300537109375,98.11000061035156,48.65999984741211,2295.330078125,2.3289999961853027,2400.669921875,10.649999618530273,0.5,244.004
2017-05-17,1115.0,97.41999816894531,49.06999969482422,2293.080078125,2.2160000801086426,2357.030029296875,15.59000015258789,0.5,244.004
2017-05-18,1120.949951171875,97.87999725341797,49.349998474121094,2286.820068359375,2.2330000400543213,2365.719970703125,14.65999984741211,0.5,244.004
2017-05-19,1128.4100341796875,97.1500015258789,50.33000183105469,2288.47998046875,2.244999885559082,2381.72998046875,12.039999961853027,0.5,244.004
2017-05-22,1117.010009765625,96.9800033569336,50.72999954223633,2304.030029296875,2.253999948501587,2394.02001953125,10.930000305175781,0.5,244.004
2017-05-23,1114.780029296875,97.3499984741211,51.470001220703125,2311.739990234375,2.2850000858306885,2398.419921875,10.720000267028809,0.5,244.004
2017-05-24,1124.5699462890625,97.23999786376953,51.36000061035156,2317.340087890625,2.2660000324249268,2404.389892578125,10.020000457763672,0.5,244.004
2017-05-25,1118.3800048828125,97.25,48.900001525878906,2342.929931640625,2.255000114440918,2415.070068359375,9.989999771118164,0.5,244.004
2017-05-26,1119.56005859375,97.4000015258789,49.79999923706055,2355.300048828125,2.25,2415.820068359375,9.8100004196167,0.5,244.004
2017-05-29,1118.75,,,2352.969970703125,,,,0.5,244.004
2017-05-30,1122.8399658203125,97.27999877929688,49.65999984741211,2343.679931640625,2.2170000076293945,2412.909912109375,10.380000114440918,0.5,244.004
2017-05-31,1123.9000244140625,96.91999816894531,48.31999969482422,2347.3798828125,2.196000099182129,2411.800048828125,10.40999984741211,0.5,244.004
2017-06-01,1119.02001953125,97.19999694824219,48.36000061035156,2344.610107421875,2.2170000076293945,2430.06005859375,9.890000343322754,0.5,244.163
2017-06-02,1121.0400390625,96.72000122070312,47.65999984741211,2371.719970703125,2.1589999198913574,2439.070068359375,9.75,0.5,244.163
2017-06-05,1117.449951171875,96.80000305175781,47.400001525878906,2368.6201171875,2.181999921798706,2436.10009765625,10.069999694824219,0.5,244.163
2017-06-06,1116.949951171875,96.63999938964844,48.189998626708984,,2.1470000743865967,2429.330078125,10.449999809265137,0.5,244.163
2017-06-07,1117.4599609375,96.75,45.720001220703125,2360.139892578125,2.177999973297119,2433.139892578125,10.390000343322754,0.5,244.163
2017-06-08,1123.1400146484375,96.91999816894531,45.63999938964844,2363.570068359375,2.194000005722046,2433.7900390625,10.15999984741211,0.5,244.163
2017-06-09,1121.510009765625,97.2699966430664,45.83000183105469,2381.68994140625,2.1989998817443848,2431.77001953125,10.699999809265137,0.5,244.163
2017-06-12,1124.0999755859375,97.13999938964844,46.08000183105469,2357.8701171875,2.2130000591278076,2429.389892578125,11.460000038146973,0.5,244.163
2017-06-13,1130.489990234375,96.9800033569336,46.459999084472656,2374.699951171875,2.2070000171661377,2440.35009765625,10.420000076293945,0.5,244.163
2017-06-14,1126.550048828125,96.94000244140625,44.72999954223633,2372.639892578125,2.138000011444092,2437.919921875,10.640000343322754,0.5,244.163
2017-06-15,1118.9000244140625,97.43000030517578,44.459999084472656,2361.64990234375,2.1619999408721924,2432.4599609375,10.899999618530273,0.5,244.163
2017-06-16,1129.93994140625,97.16000366210938,44.7400016784668,2361.830078125,2.1570000648498535,2433.14990234375,10.380000114440918,0.5,244.163
2017-06-19,1131.1400146484375,97.52999877929688,44.20000076293945,2370.89990234375,2.190000057220459,2453.4599609375,10.369999885559082,0.5,244.163
2017-06-20,1135.72998046875,97.75,43.22999954223633,2369.22998046875,2.1530001163482666,2437.030029296875,10.859999656677246,0.5,244.163
2017-06-21,1140.8499755859375,97.55999755859375,42.529998779296875,2357.530029296875,2.1549999713897705,2435.610107421875,10.75,0.5,244.163
2017-06-22,1142.5,97.54000091552734,42.7400016784668,2370.3701171875,2.1530001163482666,2434.5,10.479999542236328,0.5,244.163
2017-06-23,1139.050048828125,97.30000305175781,43.0099983215332,2378.60009765625,2.1440000534057617,2438.300048828125,10.020000457763672,0.5,244.163
2017-06-26,1133.449951171875,97.43000030517578,43.380001068115234,2388.659912109375,2.13700008392334,2439.070068359375,9.899999618530273,0.5,244.163
2017-06-27,1133.0799560546875,96.47000122070312,44.2400016784668,2391.949951171875,2.197999954223633,2419.3798828125,11.0600004196167,0.5,244.163
2017-06-28,1139.9599609375,96.05000305175781,44.7400016784668,2382.56005859375,2.2209999561309814,2440.68994140625,10.029999732971191,0.5,244.163
2017-06-29,1137.699951171875,95.62999725341797,44.93000030517578,2395.659912109375,2.2669999599456787,2419.699951171875,11.4399995803833,0.5,244.163
2017-06-30,1146.1400146484375,95.66000366210938,46.040000915527344,2391.7900390625,2.302000045776367,2423.409912109375,11.180000305175781,0.5,244.163
2017-07-03,1144.81005859375,96.19999694824219,47.06999969482422,2394.47998046875,2.3459999561309814,2429.010009765625,11.220000267028809,0.5,244.243
2017-07-04,1149.5799560546875,,,2380.52001953125,,,,0.5,244.243
2017-07-05,1149.199951171875,96.29000091552734,45.130001068115234,2388.35009765625,2.3340001106262207,2432.5400390625,11.069999694824219,0.5,244.243
2017-07-06,1152.8499755859375,95.81999969482422,45.52000045776367,2387.81005859375,2.369999885559082,2409.75,12.539999961853027,0.5,244.243
2017-07-07,1156.3699951171875,96.01000213623047,44.22999954223633,2379.8701171875,2.3929998874664307,2425.179931640625,11.1899995803833,0.5,244.243
2017-07-10,1153.81005859375,96.05000305175781,44.400001525878906,2382.10009765625,2.371000051498413,2427.429931640625,11.109999656677246,0.5,244.243
2017-07-12,1147.969970703125,95.79000091552734,45.4900016784668,2391.77001953125,2.3269999027252197,2443.25,10.300000190734863,0.5,244.243
2017-07-13,1137.1199951171875,95.7300033569336,46.08000183105469,2409.489990234375,2.3480000495910645,2447.830078125,9.899999618530273,0.5,244.243
2017-07-14,1136.6300048828125,95.11000061035156,46.540000915527344,2414.6298828125,2.319000005722046,2459.27001953125,9.510000228881836,0.5,244.243
2017-07-17,1127.510009765625,95.12999725341797,46.02000045776367,2425.10009765625,2.309000015258789,2459.139892578125,9.819999694824219,0.5,244.243
2017-07-18,1127.6600341796875,94.66000366210938,46.400001525878906,2426.0400390625,2.263000011444092,2460.610107421875,9.890000343322754,0.5,244.243
2017-07-19,1124.27001953125,94.80000305175781,47.119998931884766,2429.93994140625,2.2679998874664307,2473.830078125,9.789999961853027,0.5,244.243
2017-07-20,1123.5,94.2699966430664,46.790000915527344,2441.840087890625,2.2660000324249268,2473.449951171875,9.579999923706055,0.5,244.243
2017-07-21,1120.56005859375,93.94000244140625,45.77000045776367,2450.06005859375,2.2320001125335693,2472.5400390625,9.359999656677246,0.5,244.243
2017-07-24,1116.1099853515625,93.9800033569336,46.34000015258789,2451.530029296875,2.253999948501587,2469.909912109375,9.430000305175781,0.5,244.243
2017-07-25,1113.9000244140625,94.05000305175781,47.88999938964844,2439.89990234375,2.3259999752044678,2477.1298828125,9.430000305175781,0.5,244.243
2017-07-26,1119.239990234375,93.66999816894531,48.75,2434.510009765625,2.2820000648498535,2477.830078125,9.600000381469727,0.5,244.243
2017-07-27,1111.8499755859375,93.86000061035156,49.040000915527344,2443.239990234375,2.309999942779541,2475.419921875,10.109999656677246,0.5,244.243
2017-07-28,1115.510009765625,93.26000213623047,49.709999084472656,2400.989990234375,2.2890000343322754,2472.10009765625,10.289999961853027,0.5,244.243
2017-07-31,1124.050048828125,92.86000061035156,50.16999816894531,2402.7099609375,2.2920000553131104,2470.300048828125,10.260000228881836,0.5,244.243
2017-08-01,1118.72998046875,93.02999877929688,49.15999984741211,2422.9599609375,2.250999927520752,2476.35009765625,10.09000015258789,0.5,245.183
2017-08-02,1120.3699951171875,92.83000183105469,49.59000015258789,2427.6298828125,2.26200008392334,2477.570068359375,10.279999732971191,0.5,245.183
2017-08-03,1122.0999755859375,92.80999755859375,49.029998779296875,2386.85009765625,2.2279999256134033,2472.159912109375,10.4399995803833,0.5,245.183
2017-08-04,1127.25,93.54000091552734,49.58000183105469,2395.449951171875,2.2669999599456787,2476.830078125,10.029999732971191,0.5,245.183
2017-08-07,1127.199951171875,93.43000030517578,49.38999938964844,2398.75,2.256999969482422,2480.909912109375,9.930000305175781,0.5,245.183
2017-08-08,1125.3499755859375,93.63999938964844,49.16999816894531,2394.72998046875,2.2829999923706055,2474.919921875,10.960000038146973,0.5,245.183
2017-08-09,1126.0699462890625,93.5199966430664,49.560001373291016,2368.389892578125,2.240999937057495,2474.02001953125,11.109999656677246,0.5,245.183
2017-08-10,1138.22998046875,93.4000015258789,48.59000015258789,2359.469970703125,2.2119998931884766,2438.2099609375,16.040000915527344,0.5,245.183
2017-08-11,1143.52001953125,93.06999969482422,48.81999969482422,2319.7099609375,2.188999891281128,2441.320068359375,15.510000228881836,0.5,245.183
2017-08-14,1141.4599609375,93.45999908447266,47.59000015258789,2334.219970703125,2.2190001010894775,2465.840087890625,12.329999923706055,0.5,245.183
2017-08-15,1138.9200439453125,93.8499984741211,47.54999923706055,,2.2660000324249268,2464.610107421875,12.039999961853027,0.5,245.183
2017-08-16,1135.1800537109375,93.48999786376953,46.779998779296875,2348.260009765625,2.2260000705718994,2468.110107421875,11.739999771118164,0.5,245.183
2017-08-17,1134.800048828125,93.62000274658203,47.09000015258789,2361.669921875,2.1989998817443848,2430.010009765625,15.550000190734863,0.5,245.183
2017-08-18,1140.47998046875,93.43000030517578,48.5099983215332,2358.3701171875,2.194000005722046,2425.550048828125,14.260000228881836,0.5,245.183
2017-08-21,1139.06005859375,93.0999984741211,47.369998931884766,2355.0,2.180000066757202,2428.3701171875,13.1899995803833,0.5,245.183
2017-08-22,1137.9300537109375,93.55000305175781,47.63999938964844,2365.330078125,2.2149999141693115,2452.510009765625,11.350000381469727,0.5,245.183
2017-08-23,1131.1600341796875,93.1500015258789,48.40999984741211,2366.39990234375,2.1710000038146973,2444.0400390625,12.25,0.5,245.183
2017-08-24,1125.449951171875,93.27999877929688,47.43000030517578,2375.840087890625,2.194000005722046,2438.969970703125,12.229999542236328,0.5,245.183
2017-08-25,1127.280029296875,92.73999786376953,47.869998931884766,2378.510009765625,2.1689999103546143,2443.050048828125,11.279999732971191,0.5,245.183
2017-08-28,1120.800048828125,92.20999908447266,46.56999969482422,2370.300048828125,2.1589999198913574,2444.239990234375,11.319999694824219,0.5,245.183
2017-08-29,1118.010009765625,92.3499984741211,46.439998626708984,2364.739990234375,2.135999917984009,2446.300048828125,11.699999809265137,0.5,245.183
2017-08-30,1124.1400146484375,92.87999725341797,45.959999084472656,2372.2900390625,2.1429998874664307,2457.590087890625,11.220000267028809,0.5,245.183
2017-08-31,1123.3299560546875,92.66999816894531,47.22999954223633,2363.18994140625,2.121000051498413,2471.64990234375,10.59000015258789,0.5,245.183
2017-09-01,1123.5400390625,92.80999755859375,47.290000915527344,2357.68994140625,2.1570000648498535,2476.550048828125,10.130000114440918,0.5,246.435
2017-09-04,1118.949951171875,,,2329.64990234375,,,,0.5,246.435
2017-09-05,1132.1300048828125,92.30999755859375,48.65999984741211,2326.6201171875,2.069999933242798,2457.85009765625,12.229999542236328,0.5,246.435
2017-09-06,1131.6500244140625,92.29000091552734,49.15999984741211,2319.820068359375,2.1080000400543213,2465.5400390625,11.630000114440918,0.5,246.435
2017-09-07,1131.52001953125,91.52999877929688,49.09000015258789,2346.18994140625,2.061000108718872,2465.10009765625,11.550000190734863,0.5,246.435
2017-09-08,1127.030029296875,91.33000183105469,47.47999954223633,2343.719970703125,2.061000108718872,2461.429931640625,12.119999885559082,0.5,246.435
2017-09-11,1132.8699951171875,91.86000061035156,48.06999969482422,2359.080078125,2.125,2488.110107421875,10.729999542236328,0.5,246.435
2017-09-12,1129.4300537109375,91.91000366210938,48.22999954223633,2365.469970703125,2.1710000038146973,2496.47998046875,10.579999923706055,0.5,246.435
2017-09-13,1127.5999755859375,92.5199966430664,49.29999923706055,2360.179931640625,2.194999933242798,2498.3701171875,10.5,0.5,246.435
2017-09-14,1130.1300048828125,92.12000274658203,49.88999938964844,2377.659912109375,2.197000026702881,2495.6201171875,10.4399995803833,0.5,246.435
2017-09-15,1133.1800537109375,91.87000274658203,49.88999938964844,2386.070068359375,2.2019999027252197,2500.22998046875,10.170000076293945,0.5,246.435
2017-09-18,1133.300048828125,92.05000305175781,49.90999984741211,2418.2099609375,2.2290000915527344,2503.8701171875,10.149999618530273,0.5,246.435
2017-09-19,1128.8199462890625,91.79000091552734,49.47999954223633,2416.050048828125,2.243000030517578,2506.64990234375,10.180000305175781,0.5,246.435
2017-09-20,1130.3599853515625,92.51000213623047,50.40999984741211,2412.199951171875,2.2769999504089355,2508.239990234375,9.779999732971191,0.5,246.435
2017-09-21,1131.1800537109375,92.26000213623047,50.54999923706055,2406.5,2.2780001163482666,2500.60009765625,9.670000076293945,0.5,246.435
2017-09-22,1130.3499755859375,92.16999816894531,50.65999984741211,,2.26200008392334,2502.219970703125,9.59000015258789,0.5,246.435
2017-09-25,1132.1099853515625,92.6500015258789,52.220001220703125,2380.39990234375,2.2200000286102295,2496.659912109375,10.210000038146973,0.5,246.435
2017-09-26,1133.8199462890625,92.97000122070312,51.880001068115234,2374.320068359375,2.2290000915527344,2496.840087890625,10.170000076293945,0.5,246.435
2017-09-27,1136.719970703125,93.36000061035156,52.13999938964844,2372.570068359375,2.309000015258789,2507.0400390625,9.869999885559082,0.5,246.435
2017-09-28,1145.280029296875,93.08999633789062,51.560001373291016,2373.139892578125,2.309000015258789,2510.06005859375,9.550000190734863,0.5,246.435
2017-09-29,1145.93994140625,93.08000183105469,51.66999816894531,2394.469970703125,2.3259999752044678,2519.360107421875,9.510000228881836,0.5,246.435
2017-10-02,1144.6600341796875,93.55999755859375,50.58000183105469,,2.3369998931884766,2529.1201171875,9.449999809265137,0.5,246.626
2017-10-03,1142.300048828125,93.56999969482422,50.41999816894531,,2.3340001106262207,2534.580078125,9.510000228881836,0.5,246.626
2017-10-04,1141.969970703125,93.45999908447266,49.97999954223633,,2.3299999237060547,2537.739990234375,9.630000114440918,0.5,246.626
2017-10-05,1142.300048828125,93.95999908447266,50.790000915527344,,2.3499999046325684,2552.070068359375,9.1899995803833,0.5,246.626
2017-10-06,1141.97998046875,93.80000305175781,49.290000915527344,,2.369999885559082,2549.330078125,9.649999618530273,0.5,246.626
2017-10-09,1143.699951171875,93.73999786376953,49.58000183105469,,2.3610000610351562,2544.72998046875,10.329999923706055,0.5,246.626
2017-10-10,1142.8199462890625,93.29000091552734,50.91999816894531,2433.81005859375,2.3450000286102295,2550.639892578125,10.079999923706055,0.5,246.626
2017-10-11,1133.8599853515625,92.95999908447266,51.29999923706055,2458.159912109375,2.3450000286102295,2555.239990234375,9.850000381469727,0.5,246.626
2017-10-12,1131.489990234375,93.12000274658203,50.599998474121094,2474.760009765625,2.322999954223633,2550.929931640625,9.90999984741211,0.5,246.626
2017-10-13,1132.06005859375,93.08999633789062,51.45000076293945,2473.6201171875,2.2799999713897705,2553.169921875,9.609999656677246,0.5,246.626
2017-10-16,1126.300048828125,93.27999877929688,51.869998931884766,2480.050048828125,2.306999921798706,2557.639892578125,9.90999984741211,0.5,246.626
2017-10-17,1127.0799560546875,93.48999786376953,51.880001068115234,2484.3701171875,2.2980000972747803,2559.360107421875,10.3100004196167,0.5,246.626
2017-10-18,1129.93994140625,93.36000061035156,52.040000915527344,2482.909912109375,2.3389999866485596,2561.260009765625,10.069999694824219,0.5,246.626
2017-10-19,1131.4000244140625,93.2699966430664,51.290000915527344,2473.06005859375,2.321000099182129,2562.10009765625,10.050000190734863,0.5,246.626
2017-10-20,1127.8900146484375,93.69999694824219,51.470001220703125,2489.5400390625,2.38100004196167,2575.2099609375,9.970000267028809,0.5,246.626
2017-10-23,1133.760009765625,93.94000244140625,51.900001525878906,2490.050048828125,2.375999927520752,2564.97998046875,11.069999694824219,0.5,246.626
2017-10-24,1129.02001953125,93.95999908447266,52.470001220703125,2490.489990234375,2.4059998989105225,2569.1298828125,11.15999984741211,0.5,246.626
2017-10-25,1129.72998046875,93.70999908447266,52.18000030517578,2492.5,2.444000005722046,2557.14990234375,11.229999542236328,0.5,246.626
2017-10-26,1126.469970703125,94.61000061035156,52.63999938964844,2480.6298828125,2.4519999027252197,2560.39990234375,11.300000190734863,0.5,246.626
2017-10-27,1128.489990234375,94.91999816894531,53.900001525878906,2496.6298828125,2.427999973297119,2581.070068359375,9.800000190734863,0.5,246.626
2017-10-30,1125.4599609375,94.48999786376953,54.150001525878906,2501.929931640625,2.369999885559082,2572.830078125,10.5,0.5,246.626
2017-10-31,1123.449951171875,94.55000305175781,54.380001068115234,2523.429931640625,2.375999927520752,2575.260009765625,10.180000305175781,0.5,246.626
2017-11-01,1117.72998046875,94.81999969482422,54.29999923706055,2556.469970703125,2.375999927520752,2579.360107421875,10.199999809265137,0.5,247.284
2017-11-02,1109.949951171875,94.69000244140625,54.540000915527344,2546.360107421875,2.3469998836517334,2579.85009765625,9.930000305175781,0.5,247.284
2017-11-03,1111.7099609375,94.94000244140625,55.63999938964844,2557.969970703125,2.3429999351501465,2587.840087890625,9.140000343322754,0.5,247.284
2017-11-06,1114.800048828125,94.72000122070312,57.349998474121094,2549.409912109375,2.319999933242798,2591.1298828125,9.399999618530273,0.5,247.284
2017-11-07,1113.75,94.91000366210938,57.20000076293945,2545.43994140625,2.306999921798706,2590.639892578125,9.890000343322754,0.5,247.284
2017-11-08,1112.52001953125,94.87000274658203,56.810001373291016,2552.39990234375,2.325000047683716,2594.3798828125,9.779999732971191,0.5,247.284
2017-11-09,1113.1099853515625,94.44000244140625,57.16999816894531,2550.570068359375,2.3310000896453857,2584.6201171875,10.5,0.5,247.284
2017-11-10,1116.8499755859375,94.38999938964844,56.7400016784668,2542.949951171875,2.4000000953674316,2582.300048828125,11.289999961853027,0.5,247.284
2017-11-13,1118.31005859375,94.48999786376953,56.7599983215332,2530.35009765625,2.4000000953674316,2584.840087890625,11.5,0.5,247.284
2017-11-14,1119.4599609375,93.83000183105469,55.70000076293945,2526.639892578125,2.38100004196167,2578.8701171875,11.59000015258789,0.5,247.284
2017-11-15,1115.77001953125,93.80999755859375,55.33000183105469,2518.25,2.3350000381469727,2564.6201171875,13.130000114440918,0.5,247.284
2017-11-17,1096.3900146484375,93.66000366210938,56.54999923706055,2533.989990234375,2.3540000915527344,2578.85009765625,11.430000305175781,0.5,247.284
2017-11-20,1092.56005859375,94.08000183105469,56.09000015258789,2527.669921875,2.371999979019165,2582.139892578125,10.649999618530273,0.5,247.284
2017-11-21,1096.0,93.94999694824219,56.83000183105469,2530.699951171875,2.36299991607666,2599.030029296875,9.729999542236328,0.5,247.284
2017-11-22,1091.260009765625,93.22000122070312,58.02000045776367,2540.510009765625,2.322000026702881,2597.080078125,9.880000114440918,0.5,247.284
2017-11-23,1085.31005859375,,,2537.14990234375,,,,0.5,247.284
2017-11-24,1082.5899658203125,92.76000213623047,58.95000076293945,2544.330078125,2.3399999141693115,2602.419921875,9.670000076293945,0.5,247.284
2017-11-27,1084.949951171875,92.9000015258789,58.11000061035156,2507.81005859375,2.328000068664551,2601.419921875,9.869999885559082,0.5,247.284
2017-11-28,1090.06005859375,93.26000213623047,57.9900016784668,2514.18994140625,2.3380000591278076,2627.0400390625,10.029999732971191,0.5,247.284
2017-11-29,1083.449951171875,93.26000213623047,57.29999923706055,2512.89990234375,2.375999927520752,2626.070068359375,10.699999809265137,0.5,247.284
2017-11-30,1080.6600341796875,93.01000213623047,57.400001525878906,2476.3701171875,2.4170000553131104,2647.580078125,11.279999732971191,0.5,247.284
2017-12-01,1087.22998046875,92.9000015258789,58.36000061035156,2475.409912109375,2.361999988555908,2642.219970703125,11.430000305175781,0.5,247.805
2017-12-04,1082.510009765625,93.19000244140625,57.470001220703125,2501.669921875,2.378999948501587,2639.43994140625,11.680000305175781,0.5,247.805
2017-12-05,1085.22998046875,93.37999725341797,57.619998931884766,2510.1201171875,2.3559999465942383,2629.570068359375,11.329999923706055,0.5,247.805
2017-12-06,1085.22998046875,93.61000061035156,55.959999084472656,2474.3701171875,2.3299999237060547,2629.27001953125,11.020000457763672,0.5,247.805
2017-12-07,1092.5699462890625,93.80000305175781,56.689998626708984,2461.97998046875,2.375999927520752,2636.97998046875,10.15999984741211,0.5,247.805
2017-12-08,1092.43994140625,93.9000015258789,57.36000061035156,2464.0,2.382999897003174,2651.5,9.579999923706055,0.5,247.805
2017-12-11,1091.8199462890625,93.87000274658203,57.9900016784668,2471.489990234375,2.384999990463257,2659.989990234375,9.34000015258789,0.5,247.805
2017-12-12,1087.8299560546875,94.0999984741211,57.13999938964844,2461.0,2.4030001163482666,2664.110107421875,9.920000076293945,0.5,247.805
2017-12-13,1091.260009765625,93.43000030517578,56.599998474121094,2480.550048828125,2.3489999771118164,2662.85009765625,10.180000305175781,0.5,247.805
2017-12-14,1084.1800537109375,93.48999786376953,57.040000915527344,2469.47998046875,2.3459999561309814,2652.010009765625,10.489999771118164,0.5,247.805
2017-12-15,1087.8199462890625,93.93000030517578,57.29999923706055,2482.070068359375,2.3550000190734863,2675.81005859375,9.420000076293945,0.5,247.805
2017-12-18,1089.030029296875,93.69999694824219,57.15999984741211,2481.8798828125,2.3919999599456787,2690.159912109375,9.529999732971191,0.5,247.805
2017-12-19,1085.3800048828125,93.47000122070312,57.459999084472656,2478.530029296875,2.4630000591278076,2681.469970703125,10.029999732971191,0.5,247.805
2017-12-20,1084.199951171875,93.3499984741211,58.09000015258789,,2.496999979019165,2679.25,9.720000267028809,0.5,247.805
2017-12-21,1079.9599609375,93.27999877929688,58.36000061035156,2429.830078125,2.4809999465942383,2684.570068359375,9.619999885559082,0.5,247.805
2017-12-22,1080.2099609375,93.3499984741211,58.470001220703125,2440.5400390625,2.484999895095825,2683.340087890625,9.899999618530273,0.5,247.805
2017-12-25,1077.1099853515625,,,,,,,0.5,247.805
2017-12-26,1076.3599853515625,93.26000213623047,59.970001220703125,2427.340087890625,2.4670000076293945,2680.5,10.25,0.5,247.805
2017-12-27,1075.0400390625,93.02999877929688,59.63999938964844,2436.669921875,2.4140000343322754,2682.6201171875,10.470000267028809,0.5,247.805
2017-12-28,1073.550048828125,92.5999984741211,59.84000015258789,2467.489990234375,2.431999921798706,2687.5400390625,10.180000305175781,0.5,247.805
2017-12-29,1069.489990234375,92.12000274658203,60.41999816894531,,2.4049999713897705,2673.610107421875,11.039999961853027,0.5,247.805
2018-01-01,1066.0699462890625,,,,,,,0.5,248.859
2018-01-02,1065.219970703125,91.8499984741211,60.369998931884766,2479.64990234375,2.4649999141693115,2695.81005859375,9.770000457763672,0.5,248.859
2018-01-03,1062.5400390625,92.16000366210938,61.630001068115234,2486.35009765625,2.447000026702881,2713.06005859375,9.149999618530273,0.5,248.859
2018-01-04,1063.93994140625,91.8499984741211,62.0099983215332,2466.4599609375,2.453000068664551,2723.989990234375,9.220000267028809,0.5,248.859
2018-01-05,1061.0799560546875,91.94999694824219,61.439998626708984,2497.52001953125,2.4760000705718994,2743.14990234375,9.220000267028809,0.5,248.859
2018-01-08,1060.5,92.33000183105469,61.72999954223633,2513.280029296875,2.4800000190734863,2747.7099609375,9.520000457763672,0.5,248.859
2018-01-09,1067.68994140625,92.52999877929688,62.959999084472656,2510.22998046875,2.5460000038146973,2751.2900390625,10.079999923706055,0.5,248.859
2018-01-10,1071.739990234375,92.33000183105469,63.56999969482422,2499.75,2.549999952316284,2748.22998046875,9.819999694824219,0.5,248.859
2018-01-11,1069.6700439453125,91.8499984741211,63.79999923706055,2487.909912109375,2.5309998989105225,2767.56005859375,9.880000114440918,0.5,248.859
2018-01-12,1065.1400146484375,90.97000122070312,64.30000305175781,2496.419921875,2.552000045776367,2786.239990234375,10.15999984741211,0.5,248.859
2018-01-15,1055.800048828125,,,2503.72998046875,,,,0.5,248.859
2018-01-16,1061.8199462890625,90.38999938964844,63.72999954223633,2521.739990234375,2.5439999103546143,2776.419921875,11.65999984741211,0.5,248.859
2018-01-17,1062.4599609375,90.54000091552734,63.970001220703125,2515.429931640625,2.578000068664551,2802.56005859375,11.90999984741211,0.5,248.859
2018-01-18,1066.56005859375,90.5,63.95000076293945,2515.81005859375,2.6110000610351562,2798.030029296875,12.220000267028809,0.5,248.859
2018-01-19,1069.68994140625,90.56999969482422,63.369998931884766,2520.260009765625,2.63700008392334,2810.300048828125,11.270000457763672,0.5,248.859
2018-01-22,1066.3599853515625,90.4000015258789,63.4900016784668,2502.110107421875,2.6649999618530273,2832.969970703125,11.029999732971191,0.5,248.859
2018-01-23,1068.81005859375,90.12000274658203,64.47000122070312,2536.60009765625,2.624000072479248,2839.1298828125,11.100000381469727,0.5,248.859
2018-01-24,1072.760009765625,89.20999908447266,65.61000061035156,2538.0,2.6540000438690186,2837.5400390625,11.470000267028809,0.5,248.859
2018-01-25,1064.4000244140625,89.38999938964844,65.51000213623047,2562.22998046875,2.621000051498413,2839.25,11.579999923706055,0.5,248.859
2018-01-26,1064.8900146484375,89.06999969482422,66.13999938964844,2574.760009765625,2.6619999408721924,2872.8701171875,11.079999923706055,0.5,248.859
2018-01-29,1063.1300048828125,89.30999755859375,65.55999755859375,2598.18994140625,2.6989998817443848,2853.530029296875,13.84000015258789,0.5,248.859
2018-01-30,1069.7900390625,89.19000244140625,64.5,2567.739990234375,2.7260000705718994,2822.429931640625,14.789999961853027,0.5,248.859
2018-01-31,1072.5400390625,89.12999725341797,64.7300033569336,2566.4599609375,2.7200000286102295,2823.81005859375,13.539999961853027,0.5,248.859
2018-02-01,1069.02001953125,88.66999816894531,65.80000305175781,2568.5400390625,2.7730000019073486,2821.97998046875,13.470000267028809,0.5,249.529
2018-02-02,1071.1800537109375,89.19999694824219,65.44999694824219,2525.389892578125,2.8540000915527344,2762.1298828125,17.309999465942383,0.5,249.529
2018-02-05,1090.010009765625,89.55000305175781,64.1500015258789,2491.75,2.7939999103546143,2648.93994140625,37.31999969482422,0.5,249.529
2018-02-06,1093.300048828125,89.58999633789062,63.38999938964844,2453.31005859375,2.7679998874664307,2695.139892578125,29.979999542236328,0.5,249.529
2018-02-07,1079.260009765625,90.26000213623047,61.790000915527344,2396.56005859375,2.8440001010894775,2681.659912109375,27.729999542236328,0.5,249.529
2018-02-08,1089.4200439453125,90.2300033569336,61.150001525878906,2407.6201171875,2.8510000705718994,2581.0,33.459999084472656,0.5,249.529
2018-02-09,1095.8599853515625,90.44000244140625,59.20000076293945,2363.77001953125,2.8289999961853027,2619.550048828125,29.059999465942383,0.5,249.529
2018-02-12,1083.1700439453125,90.20999908447266,59.290000915527344,2385.3798828125,2.8570001125335693,2656.0,25.610000610351562,0.5,249.529
2018-02-13,1082.6099853515625,89.69999694824219,59.189998626708984,2395.18994140625,2.8399999141693115,2662.93994140625,24.969999313354492,0.5,249.529
2018-02-14,1083.77001953125,89.12000274658203,60.599998474121094,2421.830078125,2.9130001068115234,2698.6298828125,19.260000228881836,0.5,249.529
2018-02-15,1070.010009765625,88.58999633789062,61.34000015258789,,2.8910000324249268,2731.199951171875,19.1299991607666,0.5,249.529
2018-02-16,1063.0699462890625,89.0999984741211,61.68000030517578,,2.877000093460083,2732.219970703125,19.459999084472656,0.5,249.529
2018-02-19,1065.6300048828125,,,2442.820068359375,,,,0.5,249.529
2018-02-20,1066.7099609375,89.72000122070312,61.900001525878906,2415.1201171875,2.8929998874664307,2716.260009765625,20.600000381469727,0.5,249.529
2018-02-21,1072.5400390625,90.08000183105469,61.68000030517578,2429.64990234375,2.943000078201294,2701.330078125,20.020000457763672,0.5,249.529
2018-02-22,1074.8599853515625,89.75,62.77000045776367,2414.280029296875,2.9170000553131104,2703.9599609375,18.719999313354492,0.5,249.529
2018-02-23,1080.0799560546875,89.87999725341797,63.54999923706055,2451.52001953125,2.871000051498413,2747.300048828125,16.489999771118164,0.5,249.529
2018-02-26,1075.0,89.81999969482422,63.90999984741211,2457.64990234375,2.8589999675750732,2779.60009765625,15.800000190734863,0.5,249.529
2018-02-27,1069.699951171875,90.36000061035156,63.0099983215332,2456.139892578125,2.9079999923706055,2744.280029296875,18.59000015258789,0.5,249.529
2018-02-28,1079.3900146484375,90.61000061035156,61.63999938964844,2427.360107421875,2.868000030517578,2713.830078125,19.850000381469727,0.5,249.529
2018-03-01,1085.3499755859375,90.31999969482422,60.9900016784668,,2.803999900817871,2677.669921875,22.469999313354492,0.5,249.577
2018-03-02,1081.949951171875,89.94000244140625,61.25,2402.159912109375,2.8570001125335693,2691.25,19.59000015258789,0.5,249.577
2018-03-05,1079.2099609375,90.08000183105469,62.56999969482422,2375.06005859375,2.88100004196167,2720.93994140625,18.729999542236328,0.5,249.577
2018-03-06,1076.6600341796875,89.62000274658203,62.599998474121094,2411.409912109375,2.877000093460083,2728.1201171875,18.360000610351562,0.5,249.577
2018-03-07,1063.1600341796875,89.63999938964844,61.150001525878906,2401.820068359375,2.882999897003174,2726.800048828125,17.760000228881836,0.5,249.577
2018-03-08,1066.1500244140625,90.12000274658203,60.119998931884766,2433.080078125,2.865999937057495,2738.969970703125,16.540000915527344,0.5,249.577
2018-03-09,1073.4599609375,90.08999633789062,62.040000915527344,2459.449951171875,2.8940000534057617,2786.570068359375,14.640000343322754,0.5,249.577
2018-03-12,1064.050048828125,89.9000015258789,61.36000061035156,2484.1201171875,2.869999885559082,2783.02001953125,15.779999732971191,0.5,249.577
2018-03-13,1063.8599853515625,89.66000366210938,60.709999084472656,2494.489990234375,2.8480000495910645,2765.31005859375,16.350000381469727,0.5,249.577
2018-03-14,1066.4000244140625,89.69999694824219,60.959999084472656,2486.080078125,2.816999912261963,2749.47998046875,17.229999542236328,0.5,249.577
2018-03-15,1062.550048828125,90.13999938964844,61.189998626708984,2492.3798828125,2.8259999752044678,2747.330078125,16.59000015258789,0.5,249.577
2018-03-16,1068.75,90.2300033569336,62.34000015258789,2493.969970703125,2.8480000495910645,2752.010009765625,15.800000190734863,0.5,249.577
2018-03-19,1070.2099609375,89.9000015258789,62.060001373291016,2475.030029296875,2.8450000286102295,2712.919921875,19.020000457763672,0.5,249.577
2018-03-20,1072.1600341796875,90.37000274658203,63.400001525878906,2485.52001953125,2.878999948501587,2716.93994140625,18.200000762939453,0.5,249.577
2018-03-21,1070.550048828125,89.77999877929688,65.16999816894531,2484.969970703125,2.9070000648498535,2711.929931640625,17.860000610351562,0.5,249.577
2018-03-22,1063.9599609375,89.86000061035156,64.30000305175781,2496.02001953125,2.8320000171661377,2643.68994140625,23.34000015258789,0.5,249.577
2018-03-23,1079.9000244140625,89.44000244140625,65.87999725341797,2416.760009765625,2.8299999237060547,2588.260009765625,24.8700008392334,0.5,249.577
2018-03-26,1082.530029296875,89.02999877929688,65.55000305175781,2437.080078125,2.8429999351501465,2658.550048828125,21.030000686645508,0.5,249.577
2018-03-27,1074.300048828125,89.37000274658203,65.25,2452.06005859375,2.7860000133514404,2612.6201171875,22.5,0.5,249.577
2018-03-28,1074.1199951171875,90.05999755859375,64.37999725341797,2419.2900390625,2.7750000953674316,2605.0,22.8700008392334,0.5,249.577
2018-03-29,1063.4100341796875,90.1500015258789,64.94000244140625,2436.3701171875,2.740999937057495,2640.8701171875,19.969999313354492,0.5,249.577
2018-03-30,1062.0,,,2445.85009765625,,,,0.5,249.577
2018-04-02,1060.989990234375,90.05000305175781,63.0099983215332,2444.159912109375,2.7320001125335693,2581.8798828125,23.6200008392334,0.5,250.227
2018-04-03,1056.1600341796875,90.19999694824219,63.5099983215332,2442.429931640625,2.7839999198913574,2614.449951171875,21.100000381469727,0.5,250.227
2018-04-04,1053.72998046875,90.13999938964844,63.369998931884766,2408.06005859375,2.7880001068115234,2644.68994140625,20.059999465942383,0.5,250.227
2018-04-05,1057.4300537109375,90.45999908447266,63.540000915527344,2437.52001953125,2.8320000171661377,2662.840087890625,18.940000534057617,0.5,250.227
2018-04-06,1061.6400146484375,90.11000061035156,62.060001373291016,2429.580078125,2.7750000953674316,2604.469970703125,21.489999771118164,0.5,250.227
2018-04-09,1070.4599609375,89.83999633789062,63.41999816894531,2444.080078125,2.7860000133514404,2613.159912109375,21.770000457763672,0.5,250.227
2018-04-10,1068.77001953125,89.58999633789062,65.51000213623047,2450.739990234375,2.796999931335449,2656.8701171875,20.469999313354492,0.5,250.227
2018-04-11,1063.3800048828125,89.56999969482422,66.81999969482422,2444.219970703125,2.7899999618530273,2642.18994140625,20.239999771118164,0.5,250.227
2018-04-12,1065.75,89.75,67.06999969482422,2442.7099609375,2.8340001106262207,2663.989990234375,18.489999771118164,0.5,250.227
2018-04-13,1069.97998046875,89.80000305175781,67.38999938964844,2455.070068359375,2.8289999961853027,2656.300048828125,17.40999984741211,0.5,250.227
2018-04-16,1070.6600341796875,89.43000030517578,66.22000122070312,2457.489990234375,2.8320000171661377,2677.840087890625,16.559999465942383,0.5,250.227
2018-04-17,1069.52001953125,89.5199966430664,66.5199966430664,2453.77001953125,2.813999891281128,2706.389892578125,15.25,0.5,250.227
2018-04-18,1066.0899658203125,89.62000274658203,68.47000122070312,2479.97998046875,2.867000102996826,2708.639892578125,15.600000381469727,0.5,250.227
2018-04-19,1064.0699462890625,89.94000244140625,68.29000091552734,2486.10009765625,2.9140000343322754,2693.1298828125,15.960000038146973,0.5,250.227
2018-04-20,1066.239990234375,90.31999969482422,68.37999725341797,2476.330078125,2.9509999752044678,2670.139892578125,16.8799991607666,0.5,250.227
2018-04-23,1071.4100341796875,90.94000244140625,68.63999938964844,2474.110107421875,2.9730000495910645,2670.2900390625,16.34000015258789,0.5,250.227
2018-04-24,1080.1800537109375,90.7699966430664,67.69999694824219,2464.139892578125,2.9830000400543213,2634.56005859375,18.020000457763672,0.5,250.227
2018-04-25,1076.75,91.16999816894531,68.05000305175781,2448.81005859375,3.0239999294281006,2639.39990234375,17.84000015258789,0.5,250.227
2018-04-26,1081.1700439453125,91.55999755859375,68.19000244140625,2475.639892578125,2.990000009536743,2666.93994140625,16.239999771118164,0.5,250.227
2018-04-27,1076.7900390625,91.54000091552734,68.0999984741211,2492.39990234375,2.9570000171661377,2669.909912109375,15.40999984741211,0.5,250.227
2018-04-30,1067.5999755859375,91.83999633789062,68.56999969482422,2515.3798828125,2.936000108718872,2648.050048828125,15.930000305175781,0.5,250.227
2018-05-01,1069.449951171875,92.44999694824219,67.25,,2.9760000705718994,2654.800048828125,15.489999771118164,0.5,250.792
2018-05-02,1072.52001953125,92.51000213623047,67.93000030517578,2505.610107421875,2.9639999866485596,2635.669921875,15.970000267028809,0.5,250.792
2018-05-03,1078.81005859375,92.41000366210938,68.43000030517578,2487.25,2.946000099182129,2629.72998046875,15.899999618530273,0.5,250.792
2018-05-04,1074.1199951171875,92.56999969482422,69.72000122070312,2461.3798828125,2.944000005722046,2663.419921875,14.770000457763672,0.5,250.792
2018-05-07,1073.3299560546875,92.75,70.7300033569336,,2.950000047683716,2672.6298828125,14.75,0.5,250.792
2018-05-08,1078.3900146484375,93.12000274658203,69.05999755859375,2449.81005859375,2.9690001010894775,2671.919921875,14.710000038146973,0.5,250.792
2018-05-09,1077.56005859375,93.04000091552734,71.13999938964844,2443.97998046875,3.003999948501587,2697.7900390625,13.420000076293945,0.5,250.792
2018-05-10,1077.97998046875,92.6500015258789,71.36000061035156,2464.159912109375,2.9709999561309814,2723.070068359375,13.229999542236328,0.5,250.792
2018-05-11,1064.3699951171875,92.54000091552734,70.69999694824219,2477.7099609375,2.9709999561309814,2727.719970703125,12.649999618530273,0.5,250.792
2018-05-14,1065.949951171875,92.58999633789062,70.95999908447266,2476.110107421875,2.994999885559082,2730.1298828125,12.930000305175781,0.5,250.792
2018-05-15,1069.1600341796875,93.22000122070312,71.30999755859375,2458.5400390625,3.0799999237060547,2711.449951171875,14.630000114440918,0.5,250.792
2018-05-16,1078.8599853515625,93.38999938964844,71.48999786376953,2459.820068359375,3.0950000286102295,2722.4599609375,13.420000076293945,0.5,250.792
2018-05-17,1076.489990234375,93.47000122070312,71.48999786376953,2448.449951171875,3.1089999675750732,2720.1298828125,13.430000305175781,0.5,250.792
2018-05-18,1080.9100341796875,93.63999938964844,71.27999877929688,2460.64990234375,3.066999912261963,2712.969970703125,13.420000076293945,0.5,250.792
2018-05-21,1080.510009765625,93.68000030517578,72.23999786376953,2465.570068359375,3.065000057220459,2733.010009765625,13.079999923706055,0.5,250.792
2018-05-22,1076.510009765625,93.61000061035156,72.12999725341797,,3.065000057220459,2724.43994140625,13.220000267028809,0.5,250.792
2018-05-23,1074.199951171875,94.01000213623047,71.83999633789062,2471.909912109375,3.003000020980835,2733.2900390625,12.579999923706055,0.5,250.792
2018-05-24,1074.7900390625,93.77999877929688,70.70999908447266,2466.010009765625,2.9809999465942383,2727.760009765625,12.529999732971191,0.5,250.792
2018-05-25,1079.22998046875,94.19000244140625,67.87999725341797,2460.800048828125,2.930999994277954,2721.330078125,13.220000267028809,0.5,250.792
2018-05-28,1073.6500244140625,,,2478.9599609375,,,,0.5,250.792
2018-05-29,1073.1700439453125,94.83000183105469,66.7300033569336,2457.25,2.7679998874664307,2689.860107421875,17.020000457763672,0.5,250.792
2018-05-30,1083.9300537109375,94.1500015258789,68.20999908447266,2409.030029296875,2.8420000076293945,2724.010009765625,14.9399995803833,0.5,250.792
2018-05-31,1075.030029296875,93.98999786376953,67.04000091552734,2423.010009765625,2.822000026702881,2705.27001953125,15.430000305175781,0.5,250.792
2018-06-01,1079.949951171875,94.19000244140625,65.80999755859375,2438.9599609375,2.8949999809265137,2734.6201171875,13.460000038146973,0.5,251.018
2018-06-04,1070.3599853515625,94.0199966430664,64.75,2447.760009765625,2.937000036239624,2746.8701171875,12.739999771118164,0.5,251.018
2018-06-05,1070.530029296875,93.88999938964844,65.5199966430664,2453.760009765625,2.9189999103546143,2748.800048828125,12.399999618530273,0.5,251.018
2018-06-06,1070.2900390625,93.66000366210938,64.7300033569336,,2.9749999046325684,2772.35009765625,11.640000343322754,0.5,251.018
2018-06-07,1065.1500244140625,93.4000015258789,65.94999694824219,2470.580078125,2.933000087738037,2770.3701171875,12.130000114440918,0.5,251.018
2018-06-08,1071.3299560546875,93.55000305175781,65.73999786376953,2451.580078125,2.937000036239624,2779.030029296875,12.180000305175781,0.5,251.018
2018-06-11,1072.6500244140625,93.58000183105469,66.0999984741211,2470.14990234375,2.9570000171661377,2782.0,12.350000381469727,0.5,251.018
2018-06-12,1076.3800048828125,93.80000305175781,66.36000061035156,2468.830078125,2.9570000171661377,2786.85009765625,12.34000015258789,0.5,251.018
2018-06-13,1079.25,93.70999908447266,66.63999938964844,,2.9769999980926514,2775.6298828125,12.9399995803833,0.5,251.018
2018-06-14,1084.699951171875,94.7699966430664,66.88999938964844,2423.47998046875,2.946000099182129,2782.489990234375,12.119999885559082,0.5,251.018
2018-06-15,1090.77001953125,94.79000091552734,65.05999755859375,2404.0400390625,2.9240000247955322,2779.659912109375,11.979999542236328,0.5,251.018
2018-06-18,1103.8199462890625,94.75,65.8499984741211,2376.239990234375,2.9260001182556152,2773.75,12.3100004196167,0.5,251.018
2018-06-19,1104.1600341796875,95.08999633789062,65.06999969482422,2340.110107421875,2.8929998874664307,2762.590087890625,13.350000381469727,0.5,251.018
2018-06-20,1111.1199951171875,95.05999755859375,66.22000122070312,2363.909912109375,2.927999973297119,2767.320068359375,12.789999961853027,0.5,251.018
2018-06-21,1107.719970703125,94.87000274658203,65.54000091552734,2337.830078125,2.8970000743865967,2749.760009765625,14.640000343322754,0.5,251.018
2018-06-22,1109.6300048828125,94.5199966430664,68.58000183105469,2357.219970703125,2.9000000953674316,2754.8798828125,13.770000457763672,0.5,251.018
2018-06-25,1110.530029296875,94.27999877929688,68.08000183105469,2357.8798828125,2.875,2717.070068359375,17.329999923706055,0.5,251.018
2018-06-26,1114.030029296875,94.68000030517578,70.52999877929688,2350.919921875,2.880000114440918,2723.06005859375,15.920000076293945,0.5,251.018
2018-06-27,1117.5999755859375,95.29000091552734,72.76000213623047,2342.030029296875,2.8269999027252197,2699.6298828125,17.90999984741211,0.5,251.018
2018-06-28,1122.780029296875,95.38999938964844,73.44999694824219,2314.239990234375,2.8469998836517334,2716.31005859375,16.850000381469727,0.5,251.018
2018-06-29,1120.5400390625,94.62999725341797,74.1500015258789,2326.1298828125,2.8489999771118164,2718.3701171875,16.09000015258789,0.5,251.018
2018-07-02,1114.510009765625,94.87000274658203,73.94000244140625,2271.5400390625,2.865999937057495,2726.7099609375,15.600000381469727,0.5,251.214
2018-07-03,1118.1700439453125,94.58999633789062,74.13999938964844,2272.760009765625,2.8380000591278076,2713.219970703125,16.139999389648438,0.5,251.214
2018-07-04,1113.3399658203125,,,2265.4599609375,,,,0.5,251.214
2018-07-05,1114.31005859375,94.47000122070312,72.94000244140625,2257.550048828125,2.8399999141693115,2736.610107421875,14.970000267028809,0.5,251.214
2018-07-06,1117.760009765625,94.04000091552734,73.80000305175781,2272.8701171875,2.8310000896453857,2759.820068359375,13.369999885559082,0.5,251.214
2018-07-09,1113.6500244140625,94.08000183105469,73.8499984741211,2285.800048828125,2.859999895095825,2784.169921875,12.6899995803833,0.5,251.214
2018-07-10,1112.47998046875,94.11000061035156,74.11000061035156,2294.159912109375,2.872999906539917,2793.840087890625,12.640000343322754,0.5,251.214
2018-07-11,1112.56005859375,94.72000122070312,70.37999725341797,2280.6201171875,2.8420000076293945,2774.02001953125,13.630000114440918,0.5,251.214
2018-07-12,1127.1700439453125,94.80999755859375,70.33000183105469,2285.06005859375,2.8529999256134033,2798.2900390625,12.579999923706055,0.5,251.214
2018-07-13,1122.6500244140625,94.75,71.01000213623047,2310.89990234375,2.8310000896453857,2801.31005859375,12.180000305175781,0.5,251.214
2018-07-16,1129.8499755859375,94.51000213623047,68.05999755859375,2301.989990234375,2.8580000400543213,2798.429931640625,12.829999923706055,0.5,251.214
2018-07-17,1126.9000244140625,94.97000122070312,68.08000183105469,2297.919921875,2.864000082015991,2809.550048828125,12.0600004196167,0.5,251.214
2018-07-18,1125.550048828125,95.08000183105469,68.76000213623047,2290.110107421875,2.875,2815.6201171875,12.100000381469727,0.5,251.214
2018-07-19,1131.0899658203125,95.16999816894531,69.45999908447266,2282.2900390625,2.8469998836517334,2804.489990234375,12.869999885559082,0.5,251.214
2018-07-20,1134.47998046875,94.45999908447266,70.45999908447266,2289.18994140625,2.8949999809265137,2801.830078125,12.859999656677246,0.5,251.214
2018-07-23,1127.1600341796875,94.66999816894531,67.88999938964844,2269.31005859375,2.9649999141693115,2806.97998046875,12.619999885559082,0.5,251.214
2018-07-24,1132.449951171875,94.61000061035156,68.5199966430664,2280.199951171875,2.9489998817443848,2820.39990234375,12.40999984741211,0.5,251.214
2018-07-25,1127.97998046875,94.36000061035156,69.30000305175781,2273.030029296875,2.936000108718872,2846.070068359375,12.289999961853027,0.5,251.214
2018-07-26,1115.75,94.75,69.61000061035156,2289.06005859375,2.9749999046325684,2837.43994140625,12.140000343322754,0.5,251.214
2018-07-27,1123.1500244140625,94.68000030517578,68.69000244140625,2294.989990234375,2.9600000381469727,2818.820068359375,13.029999732971191,0.5,251.214
2018-07-30,1114.5999755859375,94.36000061035156,70.12999725341797,2293.510009765625,2.9749999046325684,2802.60009765625,14.260000228881836,0.5,251.214
2018-07-31,1116.6700439453125,94.48999786376953,68.76000213623047,2295.260009765625,2.9639999866485596,2816.2900390625,12.829999923706055,0.5,251.214
2018-08-01,1112.199951171875,94.62000274658203,67.66000366210938,2307.070068359375,3.003000020980835,2813.360107421875,13.149999618530273,0.5,251.663
2018-08-02,1118.5999755859375,95.16999816894531,68.95999908447266,2270.199951171875,2.9860000610351562,2827.219970703125,12.1899995803833,0.5,251.663
2018-08-03,1128.1500244140625,95.13999938964844,68.48999786376953,2287.679931640625,2.953000068664551,2840.35009765625,11.640000343322754,0.5,251.663
2018-08-06,1122.9000244140625,95.36000061035156,69.01000213623047,2286.5,2.937999963760376,2850.39990234375,11.270000457763672,0.5,251.663
2018-08-07,1125.4000244140625,95.22000122070312,69.16999816894531,2300.159912109375,2.9730000495910645,2858.449951171875,10.930000305175781,0.5,251.663
2018-08-08,1116.25,95.0999984741211,66.94000244140625,2301.449951171875,2.9709999561309814,2857.699951171875,10.850000381469727,0.5,251.663
2018-08-09,1115.949951171875,95.5,66.80999755859375,2303.7099609375,2.934999942779541,2853.580078125,11.270000457763672,0.5,251.663
2018-08-10,1121.8900146484375,96.36000061035156,67.62999725341797,2282.7900390625,2.8570001125335693,2833.280029296875,13.15999984741211,0.5,251.663
2018-08-13,1130.9000244140625,96.38999938964844,67.19999694824219,2248.449951171875,2.877000093460083,2821.929931640625,14.779999732971191,0.5,251.663
2018-08-14,1135.969970703125,96.7300033569336,67.04000091552734,2258.909912109375,2.8949999809265137,2839.9599609375,13.3100004196167,0.5,251.663
2018-08-15,1126.75,96.69999694824219,65.01000213623047,,2.8519999980926514,2818.3701171875,14.640000343322754,0.5,251.663
2018-08-16,1136.3800048828125,96.6500015258789,65.45999908447266,2240.800048828125,2.871000051498413,2840.68994140625,13.449999809265137,0.5,251.663
2018-08-17,1126.239990234375,96.0999984741211,65.91000366210938,2247.050048828125,2.872999906539917,2850.1298828125,12.640000343322754,0.5,251.663
2018-08-20,1118.5,95.9000015258789,66.43000030517578,2247.8798828125,2.822999954223633,2857.050048828125,12.489999771118164,0.5,251.663
2018-08-21,1116.8800048828125,95.26000213623047,67.3499984741211,2270.06005859375,2.8440001010894775,2862.9599609375,12.859999656677246,0.5,251.663
2018-08-22,1116.0999755859375,95.1500015258789,67.86000061035156,2273.330078125,2.822999954223633,2861.820068359375,12.25,0.5,251.663
2018-08-23,1117.5,95.62000274658203,67.83000183105469,2282.60009765625,2.821000099182129,2856.97998046875,12.40999984741211,0.5,251.663
2018-08-24,1126.1500244140625,95.1500015258789,68.72000122070312,2293.2099609375,2.8259999752044678,2874.68994140625,11.989999771118164,0.5,251.663
2018-08-27,1111.1700439453125,94.77999877929688,68.87000274658203,2299.300048828125,2.8480000495910645,2896.739990234375,12.15999984741211,0.5,251.663
2018-08-28,1108.22998046875,94.72000122070312,68.52999877929688,2303.1201171875,2.884000062942505,2897.52001953125,12.5,0.5,251.663
2018-08-29,1106.8800048828125,94.5999984741211,69.51000213623047,2309.030029296875,2.884000062942505,2914.0400390625,12.25,0.5,251.663
2018-08-30,1108.449951171875,94.72000122070312,70.25,2307.35009765625,2.859999895095825,2901.1298828125,13.529999732971191,0.5,251.663
2018-08-31,1115.449951171875,95.13999938964844,69.80000305175781,2322.8798828125,2.8529999256134033,2901.52001953125,12.859999656677246,0.5,251.663
2018-09-03,1114.81005859375,,,2307.030029296875,,,,0.5,252.182
2018-09-04,1113.5,95.41999816894531,69.87000274658203,2315.719970703125,2.9019999504089355,2896.719970703125,13.15999984741211,0.5,252.182
2018-09-05,1121.300048828125,95.12999725341797,68.72000122070312,2291.77001953125,2.9019999504089355,2888.60009765625,13.90999984741211,0.5,252.182
2018-09-06,1118.0999755859375,95.0199966430664,67.7699966430664,2287.610107421875,2.878999948501587,2878.050048828125,14.649999618530273,0.5,252.182
2018-09-07,1124.699951171875,95.37000274658203,67.75,2281.580078125,2.941999912261963,2871.679931640625,14.880000114440918,0.5,252.182
2018-09-10,1126.8499755859375,95.1500015258789,67.54000091552734,2288.659912109375,2.937000036239624,2877.1298828125,14.15999984741211,0.5,252.182
2018-09-11,1136.77001953125,95.05999755859375,69.25,2283.199951171875,2.9769999980926514,2887.889892578125,13.220000267028809,0.5,252.182
2018-09-12,1125.300048828125,94.80000305175781,70.37000274658203,2282.919921875,2.9630000591278076,2888.919921875,13.140000343322754,0.5,252.182
2018-09-13,1125.75,94.54000091552734,68.58999633789062,2286.22998046875,2.9630000591278076,2904.179931640625,12.369999885559082,0.5,252.182
2018-09-14,1120.550048828125,94.9800033569336,68.98999786376953,2318.25,2.99399995803833,2904.97998046875,12.069999694824219,0.5,252.182
2018-09-17,1120.9000244140625,94.51000213623047,68.91000366210938,2303.010009765625,3.000999927520752,2888.800048828125,13.680000305175781,0.5,252.182
2018-09-18,1125.6199951171875,94.62000274658203,69.8499984741211,2308.97998046875,3.0480000972747803,2904.31005859375,12.789999961853027,0.5,252.182
2018-09-19,1120.800048828125,94.55000305175781,71.12000274658203,2308.4599609375,3.0829999446868896,2907.949951171875,11.75,0.5,252.182
2018-09-20,1122.25,93.91000366210938,70.80000305175781,2323.449951171875,3.078000068664551,2930.75,11.800000190734863,0.5,252.182
2018-09-21,1116.4000244140625,94.22000122070312,70.77999877929688,2339.169921875,3.068000078201294,2929.669921875,11.680000305175781,0.5,252.182
2018-09-24,1114.0999755859375,94.26000213623047,72.08000183105469,,3.078000068664551,2919.3701171875,12.199999809265137,0.5,252.182
2018-09-25,1117.8499755859375,94.12999725341797,72.27999877929688,,3.1019999980926514,2915.56005859375,12.420000076293945,0.5,252.182
2018-09-26,1115.8299560546875,94.19000244140625,71.56999969482422,,3.061000108718872,2905.969970703125,12.890000343322754,0.5,252.182
2018-09-27,1114.1700439453125,95.0,72.12000274658203,2355.429931640625,3.055999994277954,2914.0,12.40999984741211,0.5,252.182
2018-09-28,1112.31005859375,95.19000244140625,73.25,2343.070068359375,3.055999994277954,2913.97998046875,12.119999885559082,0.5,252.182
2018-10-01,1109.010009765625,95.30000305175781,75.30000305175781,2338.8798828125,3.0799999237060547,2924.590087890625,12.0,0.5,252.772
2018-10-02,1112.25,95.51000213623047,75.2300033569336,2309.570068359375,3.055999994277954,2923.429931640625,12.050000190734863,0.5,252.772
2018-10-03,1117.5,95.76000213623047,76.41000366210938,,3.1610000133514404,2925.510009765625,11.609999656677246,0.5,252.772
2018-10-04,1125.4200439453125,95.75,74.33000183105469,2274.489990234375,3.197000026702881,2901.610107421875,14.220000267028809,0.5,252.772
2018-10-05,1132.9000244140625,95.62000274658203,74.33999633789062,2267.52001953125,3.2249999046325684,2885.570068359375,14.819999694824219,0.5,252.772
2018-10-08,1131.0999755859375,95.7699966430664,74.29000091552734,2253.830078125,3.2330000400543213,2884.429931640625,15.6899995803833,0.5,252.772
2018-10-09,1133.199951171875,95.68000030517578,74.95999908447266,,3.2079999446868896,2880.340087890625,15.949999809265137,0.5,252.772
2018-10-10,1132.4000244140625,95.51000213623047,73.16999816894531,2228.610107421875,3.2249999046325684,2785.679931640625,22.959999084472656,0.5,252.772
2018-10-11,1142.8499755859375,95.0199966430664,70.97000122070312,2129.669921875,3.132999897003174,2728.3701171875,24.979999542236328,0.5,252.772
2018-10-12,1134.300048828125,95.22000122070312,71.33999633789062,2161.85009765625,3.1410000324249268,2767.1298828125,21.309999465942383,0.5,252.772
2018-10-15,1131.18994140625,95.06999969482422,71.77999877929688,2145.1201171875,3.1630001068115234,2750.7900390625,21.299999237060547,0.5,252.772
2018-10-16,1135.1700439453125,95.05000305175781,71.91999816894531,2145.1201171875,3.1559998989105225,2809.919921875,17.6200008392334,0.5,252.772
2018-10-17,1122.1500244140625,95.58000183105469,69.75,2167.510009765625,3.178999900817871,2809.2099609375,17.399999618530273,0.5,252.772
2018-10-18,1127.0999755859375,95.9000015258789,68.6500015258789,2148.31005859375,3.174999952316284,2768.780029296875,20.059999465942383,0.5,252.772
2018-10-19,1136.5999755859375,95.70999908447266,69.12000274658203,2156.260009765625,3.197999954223633,2767.780029296875,19.889999389648438,0.5,252.772
2018-10-22,1131.5999755859375,96.01000213623047,69.16999816894531,2161.7099609375,3.196000099182129,2755.8798828125,19.639999389648438,0.5,252.772
2018-10-23,1131.25,95.95999908447266,66.43000030517578,2106.10009765625,3.1659998893737793,2740.68994140625,20.709999084472656,0.5,252.772
2018-10-24,1136.6400146484375,96.43000030517578,66.81999969482422,2097.580078125,3.124000072479248,2656.10009765625,25.229999542236328,0.5,252.772
2018-10-25,1137.56005859375,96.68000030517578,67.33000183105469,2063.300048828125,3.135999917984009,2705.570068359375,24.219999313354492,0.5,252.772
2018-10-26,1135.22998046875,96.36000061035156,67.58999633789062,2027.1500244140625,3.0769999027252197,2658.68994140625,24.15999984741211,0.5,252.772
2018-10-29,1139.5,96.58000183105469,67.04000091552734,1996.050048828125,3.0869998931884766,2641.25,24.700000762939453,0.5,252.772
2018-10-30,1142.0799560546875,97.01000213623047,66.18000030517578,2014.68994140625,3.109999895095825,2682.6298828125,23.350000381469727,0.5,252.772
2018-10-31,1137.699951171875,97.12999725341797,65.30999755859375,2029.68994140625,3.1589999198913574,2711.739990234375,21.229999542236328,0.5,252.772
2018-11-01,1140.969970703125,96.27999877929688,63.689998626708984,2024.4599609375,3.1440000534057617,2740.3701171875,19.34000015258789,0.5,252.594
2018-11-02,1129.050048828125,96.54000091552734,63.13999938964844,2096.0,3.2139999866485596,2723.06005859375,19.510000228881836,0.5,252.594
2018-11-05,1116.0999755859375,96.3499984741211,63.099998474121094,2076.919921875,3.2009999752044678,2738.31005859375,19.959999084472656,0.5,252.594
2018-11-06,1121.56005859375,96.31999969482422,62.209999084472656,2089.6201171875,3.2139999866485596,2755.449951171875,19.90999984741211,0.5,252.594
2018-11-07,1119.949951171875,96.0,61.66999816894531,2078.68994140625,3.2130000591278076,2813.889892578125,16.360000610351562,0.5,252.594
2018-11-08,1115.3699951171875,96.63999938964844,60.66999816894531,2092.6298828125,3.2339999675750732,2806.830078125,16.719999313354492,0.5,252.594
2018-11-09,1119.5699462890625,96.91000366210938,60.189998626708984,2086.090087890625,3.188999891281128,2781.010009765625,17.360000610351562,0.5,252.594
2018-11-12,1130.949951171875,97.54000091552734,59.93000030517578,2080.43994140625,3.186000108718872,2726.219970703125,20.450000762939453,0.5,252.594
2018-11-13,1137.4599609375,97.30000305175781,55.689998626708984,2071.22998046875,3.1449999809265137,2722.179931640625,20.020000457763672,0.5,252.594
2018-11-14,1131.1300048828125,96.80000305175781,56.25,2068.050048828125,3.119999885559082,2701.580078125,21.25,0.5,252.594
2018-11-15,1131.199951171875,96.93000030517578,56.459999084472656,2088.06005859375,3.118000030517578,2730.199951171875,19.979999542236328,0.5,252.594
2018-11-16,1127.0,96.47000122070312,56.459999084472656,2092.39990234375,3.0739998817443848,2736.27001953125,18.139999389648438,0.5,252.594
2018-11-19,1120.4000244140625,96.19000244140625,56.7599983215332,2100.56005859375,3.056999921798706,2690.72998046875,20.100000381469727,0.5,252.594
2018-11-20,1126.18994140625,96.80999755859375,53.43000030517578,2082.580078125,3.0480000972747803,2641.889892578125,22.479999542236328,0.5,252.594
2018-11-21,1128.4000244140625,96.70999908447266,54.630001068115234,2076.550048828125,3.061000108718872,2649.929931640625,20.799999237060547,0.5,252.594
2018-11-22,1137.31005859375,,,2069.949951171875,,,,0.5,252.594
2018-11-23,1135.5,96.91999816894531,50.41999816894531,2057.47998046875,3.053999900817871,2632.56005859375,21.520000457763672,0.5,252.594
2018-11-26,1133.5,97.06999969482422,51.630001068115234,2083.02001953125,3.072000026702881,2673.449951171875,18.899999618530273,0.5,252.594
2018-11-27,1129.030029296875,97.37000274658203,51.560001373291016,2099.419921875,3.055000066757202,2682.169921875,19.020000457763672,0.5,252.594
2018-11-28,1130.3699951171875,96.79000091552734,50.290000915527344,2108.219970703125,3.0439999103546143,2743.7900390625,18.489999771118164,0.5,252.594
2018-11-29,1121.1199951171875,96.77999877929688,51.45000076293945,2114.10009765625,3.0350000858306885,2737.800048828125,18.790000915527344,0.5,252.594
2018-11-30,1117.02001953125,97.2699966430664,50.93000030517578,2096.860107421875,3.013000011444092,2760.169921875,18.06999969482422,0.5,252.594
2018-12-03,1117.1500244140625,97.04000091552734,52.95000076293945,2131.929931640625,2.992000102996826,2790.3701171875,16.440000534057617,0.5,252.767
2018-12-04,1108.300048828125,96.97000122070312,53.25,2114.35009765625,2.9240000247955322,2700.06005859375,20.739999771118164,0.5,252.767
2018-12-05,1110.6300048828125,,,2101.31005859375,,,,0.5,252.767
2018-12-06,1111.6600341796875,96.80999755859375,51.4900016784668,2068.68994140625,2.875999927520752,2695.949951171875,21.190000534057617,0.5,252.767
2018-12-07,1119.5999755859375,96.51000213623047,52.61000061035156,2075.760009765625,2.8499999046325684,2633.080078125,23.229999542236328,0.5,252.767
2018-12-10,1122.699951171875,97.22000122070312,51.0,2053.7900390625,2.8559999465942383,2637.719970703125,22.639999389648438,0.5,252.767
2018-12-11,1131.5,97.38999938964844,51.650001525878906,2052.969970703125,2.878999948501587,2636.780029296875,21.760000228881836,0.5,252.767
2018-12-12,1127.6199951171875,97.04000091552734,51.150001525878906,2082.570068359375,2.9059998989105225,2651.070068359375,21.459999084472656,0.5,252.767
2018-12-13,1123.8499755859375,97.05999755859375,52.58000183105469,2095.550048828125,2.9110000133514404,2650.5400390625,20.649999618530273,0.5,252.767
2018-12-14,1127.02001953125,97.44000244140625,51.20000076293945,2069.3798828125,2.8910000324249268,2599.949951171875,21.6299991607666,0.5,252.767
2018-12-17,1131.6500244140625,97.0999984741211,49.880001068115234,2071.090087890625,2.8570001125335693,2545.93994140625,24.520000457763672,0.5,252.767
2018-12-18,1128.1500244140625,97.13999938964844,46.2400016784668,2062.110107421875,2.825000047683716,2546.159912109375,25.579999923706055,0.5,252.767
2018-12-19,1125.0699462890625,97.04000091552734,47.20000076293945,2078.840087890625,2.7780001163482666,2506.9599609375,25.579999923706055,0.5,252.767
2018-12-20,1128.1300048828125,96.27999877929688,45.880001068115234,2060.1201171875,2.7890000343322754,2467.419921875,28.3799991607666,0.5,252.767
2018-12-21,1120.030029296875,96.95999908447266,45.59000015258789,2061.489990234375,2.7920000553131104,2416.6201171875,30.110000610351562,0.5,252.767
2018-12-24,1127.5,96.55000305175781,42.529998779296875,2055.010009765625,2.749000072479248,2351.10009765625,36.06999969482422,0.5,252.767
2018-12-25,1123.22998046875,,,,,,,0.5,252.767
2018-12-26,1122.6300048828125,97.05000305175781,46.220001220703125,2028.010009765625,2.796999931335449,2467.699951171875,30.40999984741211,0.5,252.767
2018-12-27,1123.52001953125,96.4800033569336,44.61000061035156,2028.43994140625,2.743000030517578,2488.830078125,29.959999084472656,0.5,252.767
2018-12-28,1119.5999755859375,96.38999938964844,45.33000183105469,2041.0400390625,2.7360000610351562,2485.739990234375,28.34000015258789,0.5,252.767
2018-12-31,1116.300048828125,96.16999816894531,45.40999984741211,,2.686000108718872,2506.85009765625,25.420000076293945,0.5,252.767
2019-01-01,1112.5,,,,,,,0.5,252.561
2019-01-02,1113.800048828125,96.81999969482422,46.540000915527344,2010.0,2.6610000133514404,2510.030029296875,23.219999313354492,0.5,252.561
2019-01-03,1122.1800537109375,96.30999755859375,47.09000015258789,1993.699951171875,2.553999900817871,2447.889892578125,25.450000762939453,0.5,252.561
2019-01-04,1124.1199951171875,96.19000244140625,47.959999084472656,2010.25,2.6589999198913574,2531.93994140625,21.3799991607666,0.5,252.561
2019-01-07,1114.4000244140625,95.70999908447266,48.52000045776367,2037.0999755859375,2.681999921798706,2549.68994140625,21.399999618530273,0.5,252.561
2019-01-08,1116.4000244140625,95.9000015258789,49.779998779296875,2025.27001953125,2.7160000801086426,2574.409912109375,20.469999313354492,0.5,252.561
2019-01-09,1121.050048828125,95.22000122070312,52.36000061035156,2064.7099609375,2.7279999256134033,2584.9599609375,19.979999542236328,0.5,252.561
2019-01-10,1118.6700439453125,95.54000091552734,52.59000015258789,2063.280029296875,2.7309999465942383,2596.639892578125,19.5,0.5,252.561
2019-01-11,1116.550048828125,95.66999816894531,51.59000015258789,2075.570068359375,2.7009999752044678,2596.260009765625,18.190000534057617,0.5,252.561
2019-01-14,1118.5999755859375,95.58999633789062,50.5099983215332,2064.52001953125,2.7100000381469727,2582.610107421875,19.06999969482422,0.5,252.561
2019-01-15,1122.0,95.97000122070312,52.11000061035156,2097.179931640625,2.7109999656677246,2610.300048828125,18.600000381469727,0.5,252.561
2019-01-16,1122.4000244140625,96.05999755859375,52.310001373291016,2106.10009765625,2.7309999465942383,2616.10009765625,19.040000915527344,0.5,252.561
2019-01-17,1118.77001953125,96.06999969482422,52.06999969482422,2107.06005859375,2.749000072479248,2635.9599609375,18.059999465942383,0.5,252.561
2019-01-18,1120.550048828125,96.33999633789062,53.79999923706055,2124.280029296875,2.7839999198913574,2670.7099609375,17.799999237060547,0.5,252.561
2019-01-21,1125.7900390625,,,2124.610107421875,,,,0.5,252.561
2019-01-22,1132.3699951171875,96.30000305175781,52.56999969482422,2117.77001953125,2.7300000190734863,2632.89990234375,20.799999237060547,0.5,252.561
2019-01-23,1130.1500244140625,96.12000274658203,52.619998931884766,2127.780029296875,2.755000114440918,2638.699951171875,19.520000457763672,0.5,252.561
2019-01-24,1125.3299560546875,96.5999984741211,53.130001068115234,2145.030029296875,2.7119998931884766,2642.330078125,18.889999389648438,0.5,252.561
2019-01-25,1126.75,95.79000091552734,53.689998626708984,2177.72998046875,2.753000020980835,2664.760009765625,17.420000076293945,0.5,252.561
2019-01-28,1118.010009765625,95.75,51.9900016784668,2177.300048828125,2.74399995803833,2643.85009765625,18.8700008392334,0.5,252.561
2019-01-29,1119.699951171875,95.81999969482422,53.310001373291016,2183.360107421875,2.7119998931884766,2640.0,19.1299991607666,0.5,252.561
2019-01-30,1117.8699951171875,95.33999633789062,54.22999954223633,2206.199951171875,2.694999933242798,2681.050048828125,17.65999984741211,0.5,252.561
2019-01-31,1109.0,95.58000183105469,53.790000915527344,2204.85009765625,2.634999990463257,2704.10009765625,16.56999969482422,0.5,252.561
2019-02-01,1111.550048828125,95.58000183105469,55.2599983215332,2203.4599609375,2.690999984741211,2706.530029296875,16.139999389648438,0.5,253.319
2019-02-04,1118.300048828125,95.8499984741211,54.560001373291016,,2.7239999771118164,2724.8701171875,15.729999542236328,0.5,253.319
2019-02-05,1121.0999755859375,96.0999984741211,53.65999984741211,,2.7019999027252197,2737.699951171875,15.569999694824219,0.5,253.319
2019-02-06,1118.699951171875,96.41999816894531,54.0099983215332,,2.7019999027252197,2731.610107421875,15.380000114440918,0.5,253.319
2019-02-07,1121.6300048828125,96.51000213623047,52.63999938964844,2203.419921875,2.6519999504089355,2706.050048828125,16.3700008392334,0.5,253.319
2019-02-08,1123.75,96.63999938964844,52.720001220703125,2177.050048828125,2.631999969482422,2707.8798828125,15.720000267028809,0.5,253.319
2019-02-11,1122.8800048828125,97.05999755859375,52.40999984741211,2180.72998046875,2.6610000133514404,2709.800048828125,15.970000267028809,0.5,253.319
2019-02-12,1125.02001953125,96.70999908447266,53.099998474121094,2190.469970703125,2.684000015258789,2744.72998046875,15.430000305175781,0.5,253.319
2019-02-13,1120.300048828125,97.12999725341797,53.900001525878906,2201.47998046875,2.7079999446868896,2753.030029296875,15.649999618530273,0.5,253.319
2019-02-14,1123.719970703125,96.9800033569336,54.40999984741211,2225.85009765625,2.6570000648498535,2745.72998046875,16.219999313354492,0.5,253.319
2019-02-15,1128.300048828125,96.91999816894531,55.59000015258789,2196.090087890625,2.6659998893737793,2775.60009765625,14.90999984741211,0.5,253.319
2019-02-18,1125.31005859375,,,2210.889892578125,,,,0.5,253.319
2019-02-19,1124.280029296875,96.5199966430664,56.09000015258789,2205.6298828125,2.6470000743865967,2779.760009765625,14.880000114440918,0.5,253.319
2019-02-20,1121.4200439453125,96.44999694824219,56.91999816894531,2229.760009765625,2.6540000438690186,2784.699951171875,14.020000457763672,0.5,253.319
2019-02-21,1121.719970703125,96.61000061035156,56.959999084472656,2228.659912109375,2.687999963760376,2774.8798828125,14.460000038146973,0.5,253.319
2019-02-22,1124.1500244140625,96.51000213623047,57.2599983215332,2230.5,2.6549999713897705,2792.669921875,13.510000228881836,0.5,253.319
2019-02-25,1122.31005859375,96.41000366210938,55.47999954223633,2232.56005859375,2.6730000972747803,2796.110107421875,14.850000381469727,0.5,253.319
2019-02-26,1117.199951171875,96.0,55.5,2226.60009765625,2.635999917984009,2793.89990234375,15.170000076293945,0.5,253.319
2019-02-27,1114.300048828125,96.1500015258789,56.939998626708984,2234.7900390625,2.693000078201294,2792.3798828125,14.699999809265137,0.5,253.319
2019-02-28,1115.0999755859375,96.16000366210938,57.220001220703125,2195.43994140625,2.7109999656677246,2784.489990234375,14.779999732971191,0.5,253.319
2019-03-01,1124.219970703125,96.52999877929688,55.79999923706055,,2.755000114440918,2803.68994140625,13.569999694824219,0.5,254.277
2019-03-04,1126.81005859375,96.68000030517578,56.59000015258789,2190.659912109375,2.7219998836517334,2792.81005859375,14.630000114440918,0.5,254.277
2019-03-05,1128.1500244140625,96.8499984741211,56.560001373291016,2179.22998046875,2.7219998836517334,2789.64990234375,14.739999771118164,0.5,254.277
2019-03-06,1126.199951171875,96.87000274658203,56.220001220703125,2175.60009765625,2.691999912261963,2771.449951171875,15.739999771118164,0.5,254.277
2019-03-07,1127.0,97.66999816894531,56.65999984741211,2165.7900390625,2.635999917984009,2748.929931640625,16.59000015258789,0.5,254.277
2019-03-08,1133.0699462890625,97.37000274658203,56.06999969482422,2137.43994140625,2.625,2743.070068359375,16.049999237060547,0.5,254.277
2019-03-11,1134.06005859375,97.22000122070312,56.790000915527344,2138.10009765625,2.6429998874664307,2783.300048828125,14.329999923706055,0.5,254.277
2019-03-12,1130.77001953125,96.94000244140625,56.869998931884766,2157.179931640625,2.6050000190734863,2791.52001953125,13.770000457763672,0.5,254.277
2019-03-13,1127.27001953125,96.55000305175781,58.2599983215332,2148.409912109375,2.6110000610351562,2810.919921875,13.40999984741211,0.5,254.277
2019-03-14,1129.5899658203125,96.79000091552734,58.61000061035156,2155.679931640625,2.630000114440918,2808.47998046875,13.5,0.5,254.277
2019-03-15,1135.4200439453125,96.5999984741211,58.52000045776367,2176.110107421875,2.5929999351501465,2822.47998046875,12.880000114440918,0.5,254.277
2019-03-18,1132.72998046875,96.5199966430664,59.09000015258789,2179.489990234375,2.6019999980926514,2832.93994140625,13.100000381469727,0.5,254.277
2019-03-19,1131.199951171875,96.37999725341797,59.029998779296875,2177.6201171875,2.614000082015991,2832.570068359375,13.5600004196167,0.5,254.277
2019-03-20,1129.719970703125,95.76000213623047,59.83000183105469,2177.10009765625,2.5350000858306885,2824.22998046875,13.90999984741211,0.5,254.277
2019-03-21,1125.0,96.5,59.97999954223633,2184.8798828125,2.5369999408721924,2854.8798828125,13.630000114440918,0.5,254.277
2019-03-22,1127.77001953125,96.6500015258789,59.040000915527344,2186.949951171875,2.4549999237060547,2800.7099609375,16.479999542236328,0.5,254.277
2019-03-25,1135.1400146484375,96.56999969482422,58.81999969482422,2144.860107421875,2.4200000762939453,2798.360107421875,16.329999923706055,0.5,254.277
2019-03-26,1133.8499755859375,96.73999786376953,59.939998626708984,2148.800048828125,2.4140000343322754,2818.4599609375,14.680000305175781,0.5,254.277
2019-03-27,1133.9300537109375,96.7699966430664,59.40999984741211,2145.6201171875,2.374000072479248,2805.3701171875,15.149999618530273,0.5,254.277
2019-03-28,1138.5,97.19999694824219,59.29999923706055,2128.10009765625,2.3889999389648438,2815.43994140625,14.430000305175781,0.5,254.277
2019-03-29,1134.3199462890625,97.27999877929688,60.13999938964844,2140.669921875,2.4140000343322754,2834.39990234375,13.710000038146973,0.5,254.277
2019-04-01,1136.699951171875,97.25,61.59000015258789,2168.280029296875,2.496999979019165,2867.18994140625,13.399999618530273,0.5,255.233
2019-04-02,1132.6700439453125,97.36000061035156,62.58000183105469,2177.179931640625,2.4809999465942383,2867.239990234375,13.359999656677246,0.5,255.233
2019-04-03,1136.3900146484375,97.08999633789062,62.459999084472656,2203.27001953125,2.5169999599456787,2873.39990234375,13.739999771118164,0.5,255.233
2019-04-04,1133.530029296875,97.30999755859375,62.099998474121094,2206.530029296875,2.51200008392334,2879.389892578125,13.579999923706055,0.5,255.233
2019-04-05,1134.300048828125,97.4000015258789,63.08000183105469,2209.610107421875,2.500999927520752,2892.739990234375,12.819999694824219,0.5,255.233
2019-04-08,1136.68994140625,97.05000305175781,64.4000015258789,2210.60009765625,2.5190000534057617,2895.77001953125,13.180000305175781,0.5,255.233
2019-04-09,1141.1099853515625,97.01000213623047,63.97999954223633,2213.56005859375,2.499000072479248,2878.199951171875,14.279999732971191,0.5,255.233
2019-04-10,1140.0999755859375,96.94999694824219,64.61000061035156,2224.389892578125,2.4769999980926514,2888.2099609375,13.300000190734863,0.5,255.233
2019-04-11,1135.9000244140625,97.18000030517578,63.58000183105469,2224.43994140625,2.503999948501587,2888.320068359375,13.020000457763672,0.5,255.233
2019-04-12,1140.989990234375,96.97000122070312,63.88999938964844,2233.449951171875,2.559999942779541,2907.409912109375,12.010000228881836,0.5,255.233
2019-04-15,1133.4300537109375,96.94000244140625,63.400001525878906,2242.8798828125,2.552999973297119,2905.580078125,12.319999694824219,0.5,255.233
2019-04-16,1133.199951171875,97.04000091552734,64.05000305175781,2248.6298828125,2.5920000076293945,2907.06005859375,12.180000305175781,0.5,255.233
2019-04-17,1135.699951171875,97.01000213623047,63.7599983215332,2245.889892578125,2.5920000076293945,2900.449951171875,12.600000381469727,0.5,255.233
2019-04-18,1130.199951171875,97.47000122070312,64.0,2213.77001953125,2.559999942779541,2905.030029296875,12.09000015258789,0.5,255.233
2019-04-19,1136.1099853515625,,,2216.14990234375,,,,0.5,255.233
2019-04-22,1134.5,97.27999877929688,65.69999694824219,2216.64990234375,2.5899999141693115,2907.969970703125,12.420000076293945,0.5,255.233
2019-04-23,1140.0400390625,97.56999969482422,66.30000305175781,2220.510009765625,2.569999933242798,2933.679931640625,12.279999732971191,0.5,255.233
2019-04-24,1142.0,98.0999984741211,65.88999938964844,2201.030029296875,2.5220000743865967,2927.25,13.140000343322754,0.5,255.233
2019-04-25,1155.260009765625,98.19999694824219,65.20999908447266,2190.5,2.5339999198913574,2926.169921875,13.25,0.5,255.233
2019-04-26,1159.0,98.01000213623047,63.29999923706055,2179.31005859375,2.505000114440918,2939.8798828125,12.729999542236328,0.5,255.233
2019-04-29,1157.72998046875,97.86000061035156,63.5,2216.429931640625,2.5360000133514404,2943.030029296875,13.109999656677246,0.5,255.233
2019-04-30,1158.7900390625,97.4800033569336,63.90999984741211,2203.590087890625,2.509000062942505,2945.830078125,13.119999885559082,0.5,255.233
2019-05-01,1163.260009765625,97.69000244140625,63.599998474121094,,2.510999917984009,2923.72998046875,14.800000190734863,0.5,255.296
2019-05-02,1164.6700439453125,97.83000183105469,61.810001373291016,2212.75,2.552000045776367,2917.52001953125,14.420000076293945,0.5,255.296
2019-05-03,1166.1099853515625,97.5199966430664,61.939998626708984,2196.320068359375,2.5309998989105225,2945.639892578125,12.869999885559082,0.5,255.296
2019-05-06,1163.3299560546875,97.5199966430664,62.25,,2.5,2932.469970703125,15.4399995803833,0.5,255.296
2019-05-07,1168.050048828125,97.62999725341797,61.400001525878906,2176.989990234375,2.447999954223633,2884.050048828125,19.31999969482422,0.5,255.296
2019-05-08,1171.300048828125,97.62000274658203,62.119998931884766,2168.010009765625,2.4820001125335693,2879.419921875,19.399999618530273,0.5,255.296
2019-05-09,1172.18994140625,97.37000274658203,61.70000076293945,2102.010009765625,2.4570000171661377,2870.719970703125,19.100000381469727,0.5,255.296
2019-05-10,1179.18994140625,97.33000183105469,61.65999984741211,2108.0400390625,2.4549999237060547,2881.39990234375,16.040000915527344,0.5,255.296
2019-05-13,1174.4200439453125,97.31999969482422,61.040000915527344,2079.010009765625,2.4049999713897705,2811.8701171875,20.549999237060547,0.5,255.296
2019-05-14,1187.1800537109375,97.52999877929688,61.779998779296875,2081.840087890625,2.4189999103546143,2834.409912109375,18.059999465942383,0.5,255.296
2019-05-15,1186.9300537109375,97.56999969482422,62.02000045776367,2092.780029296875,2.378999948501587,2850.9599609375,16.440000534057617,0.5,255.296
2019-05-16,1186.0400390625,97.83999633789062,62.869998931884766,2067.68994140625,2.4049999713897705,2876.320068359375,15.289999961853027,0.5,255.296
2019-05-17,1190.489990234375,98.0,62.7599983215332,2055.800048828125,2.3929998874664307,2859.530029296875,15.960000038146973,0.5,255.296
2019-05-20,1193.8299560546875,97.93000030517578,63.099998474121094,2055.7099609375,2.4159998893737793,2840.22998046875,16.309999465942383,0.5,255.296
2019-05-21,1193.3299560546875,98.05999755859375,62.9900016784668,2061.25,2.4260001182556152,2864.360107421875,14.949999809265137,0.5,255.296
2019-05-23,1188.800048828125,97.8499984741211,57.90999984741211,2059.590087890625,2.2960000038146973,2822.239990234375,16.920000076293945,0.5,255.296
2019-05-24,1188.800048828125,97.61000061035156,58.630001068115234,2045.31005859375,2.3239998817443848,2826.06005859375,15.850000381469727,0.5,255.296
2019-05-27,1185.0,,,2044.2099609375,,,,0.5,255.296
2019-05-28,1182.31005859375,97.95999908447266,59.13999938964844,2048.830078125,2.2679998874664307,2802.389892578125,17.5,0.5,255.296
2019-05-29,1187.5799560546875,98.13999938964844,58.810001373291016,2023.3199462890625,2.2360000610351562,2783.02001953125,17.899999618530273,0.5,255.296
2019-05-30,1192.2099609375,98.13999938964844,56.59000015258789,2038.800048828125,2.2269999980926514,2788.860107421875,17.299999237060547,0.5,255.296
2019-05-31,1188.3800048828125,97.75,53.5,2041.739990234375,2.1419999599456787,2752.06005859375,18.709999084472656,0.5,255.296
2019-06-03,1187.8699951171875,97.13999938964844,53.25,2067.85009765625,2.0810000896453857,2744.449951171875,18.860000610351562,0.5,255.213
2019-06-04,1178.3499755859375,97.06999969482422,53.47999954223633,2066.969970703125,2.11899995803833,2803.27001953125,16.969999313354492,0.5,255.213
2019-06-05,1176.050048828125,97.37000274658203,51.68000030517578,2069.110107421875,2.122999906539917,2826.14990234375,16.09000015258789,0.5,255.213
2019-06-06,1178.739990234375,97.02999877929688,52.59000015258789,,2.124000072479248,2843.489990234375,15.930000305175781,0.5,255.213
2019-06-07,1177.0,96.61000061035156,53.9900016784668,2072.330078125,2.0840001106262207,2873.340087890625,16.299999237060547,0.5,255.213
2019-06-10,1180.760009765625,96.76000213623047,53.2599983215332,2099.489990234375,2.1429998874664307,2886.72998046875,15.9399995803833,0.5,255.213
2019-06-11,1182.0999755859375,96.69000244140625,53.27000045776367,2111.81005859375,2.140000104904175,2885.719970703125,15.989999771118164,0.5,255.213
2019-06-12,1177.97998046875,97.0,51.13999938964844,2108.75,2.127000093460083,2879.840087890625,15.90999984741211,0.5,255.213
2019-06-13,1183.4300537109375,97.01000213623047,52.279998779296875,2103.14990234375,2.0910000801086426,2891.639892578125,15.819999694824219,0.5,255.213
2019-06-14,1181.0799560546875,97.56999969482422,52.5099983215332,2095.409912109375,2.0929999351501465,2886.97998046875,15.279999732971191,0.5,255.213
2019-06-17,1185.8900146484375,97.55999755859375,51.93000030517578,2090.72998046875,2.0859999656677246,2889.669921875,15.350000381469727,0.5,255.213
2019-06-18,1185.3499755859375,97.63999938964844,53.900001525878906,2098.7099609375,2.059999942779541,2917.75,15.149999618530273,0.5,255.213
2019-06-19,1173.5799560546875,97.12000274658203,53.7599983215332,2124.780029296875,2.0290000438690186,2926.4599609375,14.329999923706055,0.5,255.213
2019-06-20,1170.300048828125,96.62999725341797,56.650001525878906,2131.2900390625,2.000999927520752,2954.179931640625,14.75,0.5,255.213
2019-06-21,1157.2099609375,96.22000122070312,57.43000030517578,2125.6201171875,2.068000078201294,2950.4599609375,15.399999618530273,0.5,255.213
2019-06-24,1158.31005859375,95.9800033569336,57.900001525878906,2126.330078125,2.0209999084472656,2945.35009765625,15.260000228881836,0.5,255.213
2019-06-25,1152.469970703125,96.16000366210938,57.83000183105469,2121.639892578125,1.99399995803833,2917.3798828125,16.280000686645508,0.5,255.213
2019-06-26,1155.7099609375,96.20999908447266,59.380001068115234,2121.85009765625,2.0490000247955322,2913.780029296875,16.209999084472656,0.5,255.213
2019-06-27,1152.5,96.19000244140625,59.43000030517578,2134.320068359375,2.005000114440918,2924.919921875,15.819999694824219,0.5,255.213
2019-06-28,1155.510009765625,96.12999725341797,58.470001220703125,2130.6201171875,2.0,2941.760009765625,15.079999923706055,0.5,255.213
2019-07-01,1155.5999755859375,96.83999633789062,59.09000015258789,2129.739990234375,2.0339999198913574,2964.330078125,14.0600004196167,0.5,255.802
2019-07-02,1159.75,96.7300033569336,56.25,2122.02001953125,1.9759999513626099,2973.010009765625,12.930000305175781,0.5,255.802
2019-07-03,1165.5799560546875,96.7699966430664,57.34000015258789,2096.02001953125,1.9529999494552612,2995.820068359375,12.569999694824219,0.5,255.802
2019-07-04,1168.8699951171875,,,2108.72998046875,,,,0.5,255.802
2019-07-05,1167.1300048828125,97.25,57.5099983215332,2110.590087890625,2.0480000972747803,2990.409912109375,13.279999732971191,0.5,255.802
2019-07-08,1174.02001953125,97.37999725341797,57.65999984741211,2064.169921875,2.0339999198913574,2975.949951171875,13.960000038146973,0.5,255.802
2019-07-09,1179.8499755859375,97.48999786376953,57.83000183105469,2052.030029296875,2.053999900817871,2979.6298828125,14.09000015258789,0.5,255.802
2019-07-10,1181.47998046875,97.0999984741211,60.43000030517578,2058.780029296875,2.061000108718872,2993.070068359375,13.029999732971191,0.5,255.802
2019-07-11,1175.530029296875,97.05000305175781,60.20000076293945,2080.580078125,2.119999885559082,2999.909912109375,12.930000305175781,0.5,255.802
2019-07-12,1174.0799560546875,96.80999755859375,60.209999084472656,2086.659912109375,2.1059999465942383,3013.77001953125,12.390000343322754,0.5,255.802
2019-07-15,1176.4100341796875,96.93000030517578,59.58000183105469,2082.47998046875,2.0920000076293945,3014.300048828125,12.680000305175781,0.5,255.802
2019-07-16,1178.4300537109375,97.4000015258789,57.619998931884766,2091.8701171875,2.121999979019165,3004.0400390625,12.859999656677246,0.5,255.802
2019-07-17,1177.8800048828125,97.22000122070312,56.779998779296875,2072.919921875,2.061000108718872,2984.419921875,13.970000267028809,0.5,255.802
2019-07-18,1178.68994140625,96.79000091552734,55.29999923706055,2066.550048828125,2.0380001068115234,2995.110107421875,13.529999732971191,0.5,255.802
2019-07-19,1170.77001953125,97.1500015258789,55.630001068115234,2094.360107421875,2.0480000972747803,2976.610107421875,14.449999809265137,0.5,255.802
2019-07-22,1175.1099853515625,97.26000213623047,56.220001220703125,2093.340087890625,2.0429999828338623,2985.030029296875,13.529999732971191,0.5,255.802
2019-07-23,1174.760009765625,97.70999908447266,56.77000045776367,2101.449951171875,2.0739998817443848,3005.469970703125,12.609999656677246,0.5,255.802
2019-07-24,1176.800048828125,97.7300033569336,55.880001068115234,2082.300048828125,2.049999952316284,3019.56005859375,12.069999694824219,0.5,255.802
2019-07-25,1176.550048828125,97.81999969482422,56.02000045776367,2074.47998046875,2.0739998817443848,3003.669921875,12.739999771118164,0.5,255.802
2019-07-26,1182.3900146484375,98.01000213623047,56.20000076293945,2066.260009765625,2.0810000896453857,3025.860107421875,12.15999984741211,0.5,255.802
2019-07-29,1183.3499755859375,98.04000091552734,56.869998931884766,2029.47998046875,2.055000066757202,3020.969970703125,12.829999923706055,0.5,255.802
2019-07-30,1181.8499755859375,98.05000305175781,58.04999923706055,2038.6800537109375,2.061000108718872,3013.179931640625,13.9399995803833,0.5,255.802
2019-07-31,1180.6500244140625,98.5199966430664,58.58000183105469,2024.550048828125,2.0209999084472656,2980.3798828125,16.1200008392334,0.5,255.802
2019-08-01,1186.31005859375,98.38999938964844,53.95000076293945,2017.3399658203125,1.8940000534057617,2953.56005859375,17.8700008392334,0.5,256.036
2019-08-02,1194.75,98.0999984741211,55.65999984741211,1998.1300048828125,1.8550000190734863,2932.050048828125,17.610000610351562,0.5,256.036
2019-08-05,1203.93994140625,97.5,54.689998626708984,1946.97998046875,1.7350000143051147,2844.739990234375,24.59000015258789,0.5,256.036
2019-08-06,1216.6500244140625,97.62999725341797,53.630001068115234,1917.5,1.7389999628067017,2881.77001953125,20.170000076293945,0.5,256.036
2019-08-07,1212.530029296875,97.54000091552734,51.09000015258789,1909.7099609375,1.684000015258789,2883.97998046875,19.489999771118164,0.5,256.036
2019-08-08,1212.22998046875,97.62000274658203,52.540000915527344,1920.6099853515625,1.715999960899353,2938.090087890625,16.90999984741211,0.5,256.036
2019-08-09,1207.030029296875,97.48999786376953,54.5,1937.75,1.7339999675750732,2918.64990234375,17.969999313354492,0.5,256.036
2019-08-12,1213.199951171875,97.37999725341797,54.93000030517578,1942.2900390625,1.6390000581741333,2882.699951171875,21.09000015258789,0.5,256.036
2019-08-13,1217.6300048828125,97.80999755859375,57.099998474121094,1925.8299560546875,1.6799999475479126,2926.320068359375,17.520000457763672,0.5,256.036
2019-08-14,1204.72998046875,97.98999786376953,55.22999954223633,1938.3699951171875,1.5809999704360962,2840.60009765625,22.100000381469727,0.5,256.036
2019-08-15,1215.6400146484375,98.13999938964844,54.470001220703125,,1.5290000438690186,2847.60009765625,21.18000030517578,0.5,256.036
2019-08-16,1211.5,98.13999938964844,54.869998931884766,1927.1700439453125,1.5390000343322754,2888.679931640625,18.469999313354492,0.5,256.036
2019-08-19,1207.489990234375,98.3499984741211,56.209999084472656,1939.9000244140625,1.5980000495910645,2923.64990234375,16.8799991607666,0.5,256.036
2019-08-20,1210.530029296875,98.19000244140625,56.34000015258789,1960.25,1.5609999895095825,2900.510009765625,17.5,0.5,256.036
2019-08-21,1205.280029296875,98.30000305175781,55.68000030517578,1964.6500244140625,1.5770000219345093,2924.429931640625,15.800000190734863,0.5,256.036
2019-08-22,1201.3199462890625,98.16999816894531,55.349998474121094,1951.010009765625,1.6100000143051147,2922.949951171875,16.68000030517578,0.5,256.036
2019-08-23,1208.56005859375,97.63999938964844,54.16999816894531,1948.300048828125,1.527999997138977,2847.110107421875,19.8700008392334,0.5,256.036
2019-08-26,1212.6500244140625,98.08000183105469,53.63999938964844,1916.31005859375,1.5449999570846558,2878.3798828125,19.31999969482422,0.5,256.036
2019-08-27,1210.72998046875,98.0,54.93000030517578,1924.5999755859375,1.4900000095367432,2869.159912109375,20.309999465942383,0.5,256.036
2019-08-28,1210.760009765625,98.20999908447266,55.779998779296875,1941.0899658203125,1.465999960899353,2887.93994140625,19.350000381469727,0.5,256.036
2019-08-29,1211.3699951171875,98.51000213623047,56.709999084472656,1933.4100341796875,1.5160000324249268,2924.580078125,17.8799991607666,0.5,256.036
2019-08-30,1207.1600341796875,98.91999816894531,55.099998474121094,1967.7900390625,1.50600004196167,2926.4599609375,18.979999542236328,0.5,256.036
2019-09-02,1209.1500244140625,,,1969.18994140625,,,,0.5,256.43
2019-09-03,1212.77001953125,98.94999694824219,53.939998626708984,1965.68994140625,1.465999960899353,2906.27001953125,19.65999984741211,0.5,256.43
2019-09-04,1210.47998046875,98.44999694824219,56.2599983215332,1988.530029296875,1.4589999914169312,2937.780029296875,17.329999923706055,0.5,256.43
2019-09-05,1202.68994140625,98.41000366210938,56.29999923706055,2004.75,1.565000057220459,2976.0,16.270000457763672,0.5,256.43
2019-09-06,1196.0,98.38999938964844,56.52000045776367,2009.1300048828125,1.5499999523162842,2978.7099609375,15.0,0.5,256.43
2019-09-09,1191.6199951171875,98.27999877929688,57.849998474121094,2019.550048828125,1.621999979019165,2978.429931640625,15.270000457763672,0.5,256.43
2019-09-10,1190.8599853515625,98.33000183105469,57.400001525878906,2032.0799560546875,1.7020000219345093,2979.389892578125,15.199999809265137,0.5,256.43
2019-09-11,1189.5,98.6500015258789,55.75,2049.199951171875,1.7330000400543213,3000.929931640625,14.609999656677246,0.5,256.43
2019-09-12,1189.800048828125,98.30999755859375,55.09000015258789,,1.7910000085830688,3009.570068359375,14.220000267028809,0.5,256.43
2019-09-13,1180.75,98.26000213623047,54.849998474121094,,1.902999997138977,3007.389892578125,13.739999771118164,0.5,256.43
2019-09-16,1178.719970703125,98.6500015258789,62.900001525878906,2062.219970703125,1.840999960899353,2997.9599609375,14.670000076293945,0.5,256.43
2019-09-17,1183.2900390625,98.26000213623047,59.34000015258789,2062.330078125,1.812000036239624,3005.699951171875,14.4399995803833,0.5,256.43
2019-09-18,1185.6500244140625,98.5999984741211,58.11000061035156,2070.72998046875,1.7860000133514404,3006.72998046875,13.949999809265137,0.5,256.43
2019-09-19,1189.550048828125,98.2699966430664,58.130001068115234,2080.35009765625,1.7740000486373901,3006.7900390625,14.050000190734863,0.5,256.43
2019-09-20,1193.8599853515625,98.51000213623047,58.09000015258789,2091.52001953125,1.7549999952316284,2992.070068359375,15.319999694824219,0.5,256.43
2019-09-23,1193.1300048828125,98.5999984741211,58.63999938964844,2091.699951171875,1.7079999446868896,2991.780029296875,14.90999984741211,0.5,256.43
2019-09-24,1193.010009765625,98.33999633789062,57.290000915527344,2101.0400390625,1.6349999904632568,2966.60009765625,17.049999237060547,0.5,256.43
2019-09-25,1193.93994140625,99.04000091552734,56.4900016784668,2073.389892578125,1.7319999933242798,2984.8701171875,15.960000038146973,0.5,256.43
2019-09-26,1197.8900146484375,99.20999908447266,56.40999984741211,2074.52001953125,1.684999942779541,2977.6201171875,16.06999969482422,0.5,256.43
2019-09-27,1198.6300048828125,99.11000061035156,55.90999984741211,2049.929931640625,1.6749999523162842,2961.7900390625,17.219999313354492,0.5,256.43
2019-09-30,1201.9100341796875,99.37999725341797,54.06999969482422,2063.050048828125,1.6749999523162842,2976.739990234375,16.239999771118164,0.5,256.43
2019-10-01,1198.0,99.12999725341797,53.619998931884766,2072.419921875,1.6440000534057617,2940.25,18.559999465942383,0.5,257.155
2019-10-02,1201.68994140625,99.04000091552734,52.63999938964844,2031.9100341796875,1.5959999561309814,2887.610107421875,20.559999465942383,0.5,257.155
2019-10-03,1203.5699462890625,98.86000061035156,52.45000076293945,,1.5360000133514404,2910.6298828125,19.1200008392334,0.5,257.155
2019-10-04,1200.0799560546875,98.80999755859375,52.810001373291016,2020.68994140625,1.5149999856948853,2952.010009765625,17.040000915527344,0.5,257.155
2019-10-07,1191.3299560546875,98.98999786376953,52.75,2021.72998046875,1.5529999732971191,2938.7900390625,17.860000610351562,0.5,257.155
2019-10-08,1195.760009765625,99.13999938964844,52.630001068115234,2046.25,1.5369999408721924,2893.06005859375,20.280000686645508,0.5,257.155
2019-10-09,1198.3699951171875,99.12000274658203,52.59000015258789,,1.5889999866485596,2919.39990234375,18.639999389648438,0.5,257.155
2019-10-10,1196.780029296875,98.70999908447266,53.54999923706055,2028.1500244140625,1.6579999923706055,2938.1298828125,17.56999969482422,0.5,257.155
2019-10-11,1188.81005859375,98.30000305175781,54.70000076293945,2044.6099853515625,1.7519999742507935,2970.27001953125,15.579999923706055,0.5,257.155
2019-10-14,1182.489990234375,98.44999694824219,53.59000015258789,2067.39990234375,1.7330000400543213,2966.14990234375,14.569999694824219,0.5,257.155
2019-10-15,1182.300048828125,98.29000091552734,52.810001373291016,2068.169921875,1.7710000276565552,2995.679931640625,13.539999961853027,0.5,257.155
2019-10-16,1183.9300537109375,98.01000213623047,53.36000061035156,2082.830078125,1.7480000257492065,2989.68994140625,13.680000305175781,0.5,257.155
2019-10-17,1184.8299560546875,97.61000061035156,53.93000030517578,2077.93994140625,1.7569999694824219,2997.949951171875,13.789999961853027,0.5,257.155
2019-10-18,1177.27001953125,97.27999877929688,53.779998779296875,2060.68994140625,1.746999979019165,2986.199951171875,14.25,0.5,257.155
2019-10-21,1178.0799560546875,97.33000183105469,53.310001373291016,2064.840087890625,1.7920000553131104,3006.719970703125,14.0,0.5,257.155
2019-10-22,1171.4000244140625,97.52999877929688,54.15999984741211,2088.860107421875,1.7680000066757202,2995.989990234375,14.460000038146973,0.5,257.155
2019-10-23,1171.260009765625,97.47000122070312,55.970001220703125,2080.6201171875,1.7589999437332153,3004.52001953125,14.010000228881836,0.5,257.155
2019-10-24,1169.699951171875,97.62999725341797,56.22999954223633,2085.659912109375,1.7660000324249268,3010.2900390625,13.710000038146973,0.5,257.155
2019-10-25,1174.25,97.83000183105469,56.65999984741211,2087.889892578125,1.8009999990463257,3022.550048828125,12.649999618530273,0.5,257.155
2019-10-28,1170.8199462890625,97.76000213623047,55.810001373291016,2093.60009765625,1.8530000448226929,3039.419921875,13.109999656677246,0.5,257.155
2019-10-29,1166.760009765625,97.69000244140625,55.540000915527344,2092.68994140625,1.8350000381469727,3036.889892578125,13.199999809265137,0.5,257.155
2019-10-30,1165.75,97.6500015258789,55.060001373291016,2080.27001953125,1.7979999780654907,3046.77001953125,12.329999923706055,0.5,257.155
2019-10-31,1163.699951171875,97.3499984741211,54.18000030517578,2083.47998046875,1.690999984741211,3037.56005859375,13.220000267028809,0.5,257.155
2019-11-01,1168.550048828125,97.23999786376953,56.20000076293945,2100.199951171875,1.7280000448226929,3066.909912109375,12.300000190734863,0.5,257.879
2019-11-04,1163.800048828125,97.51000213623047,56.540000915527344,2130.239990234375,1.7860000133514404,3078.27001953125,12.829999923706055,0.5,257.879
2019-11-05,1161.81005859375,97.9800033569336,57.22999954223633,2142.639892578125,1.8660000562667847,3074.6201171875,13.100000381469727,0.5,257.879
2019-11-06,1155.199951171875,97.94999694824219,56.349998474121094,2144.14990234375,1.8140000104904175,3076.780029296875,12.619999885559082,0.5,257.879
2019-11-07,1160.0799560546875,98.13999938964844,57.150001525878906,2144.2900390625,1.9259999990463257,3085.179931640625,12.729999542236328,0.5,257.879
2019-11-08,1158.5999755859375,98.3499984741211,57.2400016784668,2137.22998046875,1.9329999685287476,3093.080078125,12.069999694824219,0.5,257.879
2019-11-11,1158.5999755859375,98.19999694824219,56.86000061035156,2124.090087890625,1.9429999589920044,3087.010009765625,12.6899995803833,0.5,257.879
2019-11-12,1163.9000244140625,98.30999755859375,56.79999923706055,2140.919921875,1.909000039100647,3091.840087890625,12.680000305175781,0.5,257.879
2019-11-13,1164.949951171875,98.37000274658203,57.119998931884766,2122.449951171875,1.8700000047683716,3094.0400390625,13.0,0.5,257.879
2019-11-14,1169.8599853515625,98.16000366210938,56.77000045776367,2139.22998046875,1.815000057220459,3096.6298828125,13.050000190734863,0.5,257.879
2019-11-15,1167.52001953125,98.0,57.720001220703125,2162.179931640625,1.8339999914169312,3120.4599609375,12.050000190734863,0.5,257.879
2019-11-18,1162.3299560546875,97.79000091552734,57.04999923706055,2160.68994140625,1.8079999685287476,3122.030029296875,12.460000038146973,0.5,257.879
2019-11-19,1165.68994140625,97.86000061035156,55.209999084472656,2153.239990234375,1.7860000133514404,3120.179931640625,12.859999656677246,0.5,257.879
2019-11-20,1165.8199462890625,97.93000030517578,57.11000061035156,2125.320068359375,1.7380000352859497,3108.4599609375,12.779999732971191,0.5,257.879
2019-11-21,1168.260009765625,97.98999786376953,58.58000183105469,2096.60009765625,1.7719999551773071,3103.5400390625,13.130000114440918,0.5,257.879
2019-11-22,1175.22998046875,98.2699966430664,57.77000045776367,2101.9599609375,1.7740000486373901,3110.2900390625,12.34000015258789,0.5,257.879
2019-11-25,1179.489990234375,98.31999969482422,58.0099983215332,2123.5,1.7640000581741333,3133.639892578125,11.869999885559082,0.5,257.879
2019-11-26,1172.4100341796875,98.25,58.40999984741211,2121.35009765625,1.7400000095367432,3140.52001953125,11.539999961853027,0.5,257.879
2019-11-27,1172.5999755859375,98.41000366210938,58.11000061035156,2127.85009765625,1.7669999599456787,3153.6298828125,11.75,0.5,257.879
2019-11-28,1175.3599853515625,,,2118.60009765625,,,,0.5,257.879
2019-11-29,1177.010009765625,98.2699966430664,55.16999816894531,2087.9599609375,1.7760000228881836,3140.97998046875,12.619999885559082,0.5,257.879
2019-12-02,1181.469970703125,97.86000061035156,55.959999084472656,2091.919921875,1.8359999656677246,3113.8701171875,14.90999984741211,0.5,258.63
2019-12-03,1183.7900390625,97.73999786376953,56.099998474121094,2084.070068359375,1.7089999914169312,3093.199951171875,15.960000038146973,0.5,258.63
2019-12-04,1187.6300048828125,97.6500015258789,58.43000030517578,2068.889892578125,1.781000018119812,3112.760009765625,14.800000190734863,0.5,258.63
2019-12-05,1189.4599609375,97.41000366210938,58.43000030517578,2060.739990234375,1.7970000505447388,3117.429931640625,14.520000457763672,0.5,258.63
2019-12-06,1187.97998046875,97.69999694824219,59.20000076293945,2081.85009765625,1.8420000076293945,3145.909912109375,13.619999885559082,0.5,258.63
2019-12-09,1186.1099853515625,97.63999938964844,59.02000045776367,2088.64990234375,1.8289999961853027,3135.9599609375,15.859999656677246,0.5,258.63
2019-12-10,1188.6800537109375,97.41000366210938,59.2400016784668,2098.0,1.8329999446868896,3132.52001953125,15.680000305175781,0.5,258.63
2019-12-11,1189.0699462890625,97.16000366210938,58.7599983215332,2105.6201171875,1.7899999618530273,3141.6298828125,14.989999771118164,0.5,258.63
2019-12-12,1187.9300537109375,97.4000015258789,59.18000030517578,2137.35009765625,1.8969999551773071,3168.570068359375,13.9399995803833,0.5,258.63
2019-12-13,1169.5899658203125,97.16999816894531,60.06999969482422,2170.25,1.819000005722046,3168.800048828125,12.630000114440918,0.5,258.63
2019-12-16,1172.530029296875,97.06999969482422,60.209999084472656,2168.14990234375,1.8919999599456787,3191.449951171875,12.140000343322754,0.5,258.63
2019-12-17,1167.4599609375,97.20999908447266,60.939998626708984,2195.679931640625,1.8890000581741333,3192.52001953125,12.289999961853027,0.5,258.63
2019-12-18,1162.780029296875,97.41000366210938,60.93000030517578,2194.760009765625,1.9240000247955322,3191.139892578125,12.579999923706055,0.5,258.63
2019-12-19,1164.3599853515625,97.41999816894531,61.220001220703125,2196.56005859375,1.9079999923706055,3205.3701171875,12.5,0.5,258.63
2019-12-20,1161.06005859375,97.70999908447266,60.439998626708984,2204.179931640625,1.9170000553131104,3221.219970703125,12.510000228881836,0.5,258.63
2019-12-23,1159.300048828125,97.66000366210938,60.52000045776367,2203.7099609375,1.934999942779541,3224.010009765625,12.609999656677246,0.5,258.63
2019-12-24,1161.5699462890625,97.6500015258789,61.11000061035156,2190.080078125,1.909999966621399,3223.3798828125,12.670000076293945,0.5,258.63
2019-12-25,1162.22998046875,,,,,,,0.5,258.63
2019-12-26,1159.75,97.58999633789062,61.68000030517578,2197.929931640625,1.9049999713897705,3239.909912109375,12.649999618530273,0.5,258.63
2019-12-27,1161.199951171875,96.91999816894531,61.720001220703125,2204.2099609375,1.8739999532699585,3240.02001953125,13.430000305175781,0.5,258.63
2019-12-30,1160.6800537109375,96.73999786376953,61.68000030517578,2197.669921875,1.8949999809265137,3221.2900390625,14.819999694824219,0.5,258.63
2019-12-31,1156.3499755859375,96.38999938964844,61.060001373291016,,1.9190000295639038,3230.780029296875,13.779999732971191,0.5,258.63
2020-01-01,1153.75,,,,,,,0.5,259.127
2020-01-02,1153.969970703125,96.8499984741211,61.18000030517578,2175.169921875,1.8819999694824219,3257.85009765625,12.470000267028809,0.5,259.127
2020-01-03,1157.1500244140625,96.83999633789062,63.04999923706055,2176.4599609375,1.7879999876022339,3234.85009765625,14.020000457763672,0.5,259.127
2020-01-06,1165.8499755859375,96.66999816894531,63.27000045776367,2155.070068359375,1.8109999895095825,3246.280029296875,13.850000381469727,0.5,259.127
2020-01-07,1167.4200439453125,96.9800033569336,62.70000076293945,2175.5400390625,1.8270000219345093,3237.179931640625,13.789999961853027,0.5,259.127
2020-01-08,1166.4599609375,97.30000305175781,59.61000061035156,2151.31005859375,1.8739999532699585,3253.050048828125,13.449999809265137,0.5,259.127
2020-01-09,1161.260009765625,97.44999694824219,59.560001373291016,2186.449951171875,1.8580000400543213,3274.699951171875,12.539999961853027,0.5,259.127
2020-01-10,1157.81005859375,97.36000061035156,59.040000915527344,2206.389892578125,1.8250000476837158,3265.35009765625,12.5600004196167,0.5,259.127
2020-01-13,1156.9300537109375,97.3499984741211,58.08000183105469,2229.260009765625,1.8480000495910645,3288.1298828125,12.319999694824219,0.5,259.127
2020-01-14,1153.93994140625,97.37000274658203,58.22999954223633,2238.8798828125,1.8179999589920044,3283.14990234375,12.390000343322754,0.5,259.127
2020-01-15,1157.050048828125,97.2300033569336,57.810001373291016,2230.97998046875,1.7879999876022339,3289.2900390625,12.420000076293945,0.5,259.127
2020-01-16,1156.780029296875,97.31999969482422,58.52000045776367,2248.050048828125,1.809000015258789,3316.81005859375,12.319999694824219,0.5,259.127
2020-01-17,1158.77001953125,97.61000061035156,58.540000915527344,2250.570068359375,1.8359999656677246,3329.6201171875,12.100000381469727,0.5,259.127
2020-01-20,1160.3599853515625,,,2262.639892578125,,,,0.5,259.127
2020-01-21,1157.5699462890625,97.52999877929688,58.34000015258789,2239.68994140625,1.7690000534057617,3320.7900390625,12.850000381469727,0.5,259.127
2020-01-22,1168.739990234375,97.52999877929688,56.7400016784668,2267.25,1.7690000534057617,3321.75,12.90999984741211,0.5,259.127
2020-01-23,1163.72998046875,97.69000244140625,55.59000015258789,2246.1298828125,1.7400000095367432,3325.5400390625,12.979999542236328,0.5,259.127
2020-01-24,1167.5999755859375,97.8499984741211,54.189998626708984,,1.680999994277954,3295.469970703125,14.5600004196167,0.5,259.127
2020-01-27,1169.1500244140625,97.95999908447266,53.13999938964844,,1.6050000190734863,3243.6298828125,18.229999542236328,0.5,259.127
2020-01-28,1176.72998046875,98.0199966430664,53.47999954223633,2176.719970703125,1.6410000324249268,3276.239990234375,16.280000686645508,0.5,259.127
2020-01-29,1174.280029296875,97.98999786376953,53.33000183105469,2185.280029296875,1.593999981880188,3273.39990234375,16.389999389648438,0.5,259.127
2020-01-30,1178.0799560546875,97.87000274658203,52.13999938964844,2148.0,1.5579999685287476,3283.659912109375,15.489999771118164,0.5,259.127
2020-01-31,1187.1199951171875,97.38999938964844,51.560001373291016,2119.010009765625,1.5199999809265137,3225.52001953125,18.84000015258789,0.5,259.127
2020-02-03,1194.8699951171875,97.80000305175781,50.11000061035156,2118.8798828125,1.5199999809265137,3248.919921875,17.969999313354492,0.5,259.25
2020-02-04,1189.3599853515625,97.95999908447266,49.61000061035156,2157.89990234375,1.6030000448226929,3297.590087890625,16.049999237060547,0.5,259.25
2020-02-05,1182.47998046875,98.2699966430664,50.75,2165.6298828125,1.6490000486373901,3334.68994140625,15.149999618530273,0.5,259.25
2020-02-06,1183.4599609375,98.5,50.95000076293945,2227.93994140625,1.6440000534057617,3345.780029296875,14.960000038146973,0.5,259.25
2020-02-07,1184.25,98.68000030517578,50.31999969482422,2211.949951171875,1.5779999494552612,3327.7099609375,15.470000267028809,0.5,259.25
2020-02-10,1191.0899658203125,98.83000183105469,49.56999969482422,2201.070068359375,1.5470000505447388,3352.090087890625,15.039999961853027,0.5,259.25
2020-02-11,1185.6300048828125,98.72000122070312,49.939998626708984,2223.1201171875,1.590000033378601,3357.75,15.180000305175781,0.5,259.25
2020-02-12,1180.719970703125,99.05000305175781,51.16999816894531,2238.3798828125,1.6299999952316284,3379.449951171875,13.739999771118164,0.5,259.25
2020-02-13,1177.9599609375,99.06999969482422,51.41999816894531,2232.9599609375,1.6169999837875366,3373.93994140625,14.149999618530273,0.5,259.25
2020-02-14,1183.469970703125,99.12000274658203,52.04999923706055,2243.590087890625,1.5880000591278076,3380.159912109375,13.680000305175781,0.5,259.25
2020-02-17,1182.1800537109375,,,2242.169921875,,,,0.5,259.25
2020-02-18,1183.81005859375,99.45999908447266,52.04999923706055,2208.8798828125,1.555999994277954,3370.2900390625,14.829999923706055,0.5,259.25
2020-02-19,1189.9300537109375,99.5999984741211,53.290000915527344,2210.340087890625,1.5700000524520874,3386.14990234375,14.380000114440918,0.5,259.25
2020-02-20,1191.3699951171875,99.87000274658203,53.779998779296875,2195.5,1.524999976158142,3373.22998046875,15.5600004196167,0.5,259.25
2020-02-21,1204.4000244140625,99.26000213623047,53.380001068115234,2162.840087890625,1.4709999561309814,3337.75,17.079999923706055,0.5,259.25
2020-02-24,1205.77001953125,99.29000091552734,51.43000030517578,2079.0400390625,1.3769999742507935,3225.889892578125,25.030000686645508,0.5,259.25
2020-02-25,1217.6500244140625,98.97000122070312,49.900001525878906,2103.610107421875,1.3300000429153442,3128.2099609375,27.850000381469727,0.5,259.25
2020-02-26,1214.550048828125,99.0,48.72999954223633,2076.77001953125,1.309999942779541,3116.389892578125,27.559999465942383,0.5,259.25
2020-02-27,1211.3599853515625,98.44000244140625,47.09000015258789,2054.889892578125,1.2990000247955322,2978.760009765625,39.15999984741211,0.5,259.25
2020-02-28,1211.31005859375,98.12999725341797,44.7599983215332,1987.010009765625,1.1269999742507935,2954.219970703125,40.11000061035156,0.5,259.25
2020-03-02,1200.0999755859375,97.36000061035156,46.75,2002.510009765625,1.0880000591278076,3090.22998046875,33.41999816894531,0.25,258.076
2020-03-03,1188.280029296875,97.1500015258789,47.18000030517578,2014.1500244140625,1.0099999904632568,3003.3701171875,36.81999969482422,0.25,258.076
2020-03-04,1186.3399658203125,97.33999633789062,46.779998779296875,2059.330078125,0.9919999837875366,3130.1201171875,31.989999771118164,0.25,258.076
2020-03-05,1183.6800537109375,96.81999969482422,45.900001525878906,2085.260009765625,0.9259999990463257,3023.93994140625,39.619998931884766,0.25,258.076
2020-03-06,1187.469970703125,95.94999694824219,41.279998779296875,2040.219970703125,0.7059999704360962,2972.3701171875,41.939998626708984,0.25,258.076
2020-03-09,1187.699951171875,94.9000015258789,31.1299991607666,1954.77001953125,0.49900001287460327,2746.56005859375,54.459999084472656,0.25,258.076
2020-03-10,1199.9599609375,96.41000366210938,34.36000061035156,1962.9300537109375,0.7480000257492065,2882.22998046875,47.29999923706055,0.25,258.076
2020-03-11,1184.699951171875,96.51000213623047,32.97999954223633,1908.27001953125,0.8199999928474426,2741.3798828125,53.900001525878906,0.25,258.076
2020-03-12,1189.3900146484375,97.47000122070312,31.5,1834.3299560546875,0.8489999771118164,2480.639892578125,75.47000122070312,0.25,258.076
2020-03-13,1209.969970703125,98.75,31.729999542236328,1771.43994140625,0.9509999752044678,2711.02001953125,57.83000183105469,0.25,258.076
2020-03-16,1210.800048828125,98.08999633789062,28.700000762939453,1714.8599853515625,0.7279999852180481,2386.1298828125,82.69000244140625,0.25,258.076
2020-03-17,1232.0400390625,99.58000183105469,26.950000762939453,1672.43994140625,0.996999979019165,2529.18994140625,75.91000366210938,0.25,258.076
2020-03-18,1237.989990234375,101.16000366210938,20.3700008392334,1591.199951171875,1.2660000324249268,2398.10009765625,76.44999694824219,0.25,258.076
2020-03-19,1255.3499755859375,102.76000213623047,25.219999313354492,1457.6400146484375,1.11899995803833,2409.389892578125,72.0,0.25,258.076
2020-03-20,1256.8800048828125,102.81999969482422,22.43000030517578,1566.1500244140625,0.9380000233650208,2304.919921875,66.04000091552734,0.25,258.076
2020-03-23,1253.949951171875,102.48999786376953,23.360000610351562,1482.4599609375,0.7639999985694885,2237.39990234375,61.59000015258789,0.25,258.076
2020-03-24,1262.9300537109375,101.73999786376953,24.010000228881836,1609.969970703125,0.8159999847412109,2447.330078125,61.66999816894531,0.25,258.076
2020-03-25,1228.5999755859375,101.05000305175781,24.489999771118164,1704.760009765625,0.8579999804496765,2475.56005859375,63.95000076293945,0.25,258.076
2020-03-26,1231.0799560546875,99.41999816894531,22.600000381469727,1686.239990234375,0.8109999895095825,2630.070068359375,61.0,0.25,258.076
2020-03-27,1212.18994140625,98.37000274658203,21.510000228881836,1717.72998046875,0.7490000128746033,2541.469970703125,65.54000091552734,0.25,258.076
2020-03-30,1211.6300048828125,99.18000030517578,20.09000015258789,1717.1199951171875,0.6700000166893005,2626.64990234375,57.08000183105469,0.25,258.076
2020-03-31,1222.699951171875,99.05000305175781,20.479999542236328,1754.6400146484375,0.6980000138282776,2584.590087890625,53.540000915527344,0.25,258.076
2020-04-01,1216.6600341796875,99.66999816894531,20.309999465942383,1685.4599609375,0.6349999904632568,2470.5,57.060001373291016,0.25,256.032
2020-04-02,1234.72998046875,100.18000030517578,25.31999969482422,1724.8599853515625,0.6269999742507935,2526.89990234375,50.90999984741211,0.25,256.032
2020-04-03,1226.8499755859375,100.58000183105469,28.34000015258789,1725.43994140625,0.5870000123977661,2488.64990234375,46.79999923706055,0.25,256.032
2020-04-06,1235.800048828125,100.69000244140625,26.079999923706055,1791.8800048828125,0.6759999990463257,2663.679931640625,45.2400016784668,0.25,256.032
2020-04-07,1223.0999755859375,99.9800033569336,23.6299991607666,1823.5999755859375,0.7360000014305115,2659.409912109375,46.70000076293945,0.25,256.032
2020-04-08,1215.31005859375,100.12000274658203,25.09000015258789,1807.1400146484375,0.7639999985694885,2749.97998046875,43.349998474121094,0.25,256.032
2020-04-09,1214.75,99.5199966430664,22.760000228881836,1836.2099609375,0.7289999723434448,2789.820068359375,41.66999816894531,0.25,256.032
2020-04-10,1209.510009765625,,,1860.699951171875,,,,0.25,256.032
2020-04-13,1211.0400390625,99.3499984741211,22.40999984741211,1825.760009765625,0.7490000128746033,2761.6298828125,41.16999816894531,0.25,256.032
2020-04-14,1213.9000244140625,98.88999938964844,20.110000610351562,1857.0799560546875,0.7519999742507935,2846.06005859375,37.7599983215332,0.25,256.032
2020-04-15,1212.3800048828125,99.45999908447266,19.8700008392334,,0.6380000114440918,2783.360107421875,40.84000015258789,0.25,256.032
2020-04-16,1222.550048828125,100.02999877929688,19.8700008392334,1857.0699462890625,0.609000027179718,2799.550048828125,40.11000061035156,0.25,256.032
2020-04-17,1226.6400146484375,99.77999877929688,18.270000457763672,1914.530029296875,0.6539999842643738,2874.56005859375,38.150001525878906,0.25,256.032
2020-04-20,1215.260009765625,99.95999908447266,-37.630001068115234,1898.3599853515625,0.6259999871253967,2823.159912109375,43.83000183105469,0.25,256.032
2020-04-21,1218.0999755859375,100.26000213623047,10.010000228881836,1879.3800048828125,0.5709999799728394,2736.56005859375,45.40999984741211,0.25,256.032
2020-04-22,1230.8499755859375,100.38999938964844,13.779999732971191,1896.1500244140625,0.6190000176429749,2799.31005859375,41.97999954223633,0.25,256.032
2020-04-23,1231.3800048828125,100.43000030517578,16.5,1914.72998046875,0.6129999756813049,2797.800048828125,41.380001068115234,0.25,256.032
2020-04-24,1232.449951171875,100.37999725341797,16.940000534057617,1889.010009765625,0.5960000157356262,2836.739990234375,35.93000030517578,0.25,256.032
2020-04-27,1229.5,100.04000091552734,12.779999732971191,1922.77001953125,0.656000018119812,2878.47998046875,33.290000915527344,0.25,256.032
2020-04-28,1220.8699951171875,99.87000274658203,12.34000015258789,1934.0899658203125,0.6100000143051147,2863.389892578125,33.56999969482422,0.25,256.032
2020-04-29,1220.4000244140625,99.56999969482422,15.0600004196167,1947.56005859375,0.6269999742507935,2939.510009765625,31.229999542236328,0.25,256.032
2020-04-30,1210.7900390625,99.0199966430664,18.84000015258789,,0.621999979019165,2912.429931640625,34.150001525878906,0.25,256.032
2020-05-01,1212.9599609375,98.80000305175781,19.780000686645508,,0.6420000195503235,2830.7099609375,37.189998626708984,0.25,255.802
2020-05-04,1223.780029296875,99.4800033569336,20.389999389648438,1895.3699951171875,0.6370000243186951,2842.739990234375,35.970001220703125,0.25,255.802
2020-05-05,1222.449951171875,99.70999908447266,24.559999465942383,,0.6570000052452087,2868.43994140625,33.61000061035156,0.25,255.802
2020-05-06,1221.25,100.08999633789062,23.989999771118164,1928.760009765625,0.7110000252723694,2848.419921875,34.119998931884766,0.25,255.802
2020-05-07,1228.530029296875,99.88999938964844,23.549999237060547,1928.6099853515625,0.6309999823570251,2881.18994140625,31.440000534057617,0.25,255.802
2020-05-08,1218.6300048828125,99.7300033569336,24.739999771118164,1945.8199462890625,0.6819999814033508,2929.800048828125,27.979999542236328,0.25,255.802
2020-05-11,1218.699951171875,100.23999786376953,24.139999389648438,1935.4000244140625,0.7260000109672546,2930.18994140625,27.56999969482422,0.25,255.802
2020-05-12,1222.4000244140625,99.93000030517578,25.780000686645508,1922.1700439453125,0.6779999732971191,2870.1201171875,33.040000915527344,0.25,255.802
2020-05-13,1225.6500244140625,100.23999786376953,25.290000915527344,1940.4200439453125,0.6489999890327454,2820.0,35.279998779296875,0.25,255.802
2020-05-14,1226.550048828125,100.47000122070312,27.559999465942383,1924.9599609375,0.6190000176429749,2852.5,32.61000061035156,0.25,255.802
2020-05-15,1225.4599609375,100.4000015258789,29.43000030517578,1927.280029296875,0.6399999856948853,2863.699951171875,31.889999389648438,0.25,255.802
2020-05-18,1232.0899658203125,99.66999816894531,31.81999969482422,1937.1099853515625,0.7440000176429749,2953.909912109375,29.299999237060547,0.25,255.802
2020-05-19,1224.199951171875,99.37000274658203,32.5,1980.6099853515625,0.7110000252723694,2922.93994140625,30.530000686645508,0.25,255.802
2020-05-20,1224.3199462890625,99.12000274658203,33.4900016784668,1989.6400146484375,0.6800000071525574,2971.610107421875,27.989999771118164,0.25,255.802
2020-05-21,1226.550048828125,99.37000274658203,33.91999816894531,1998.31005859375,0.6769999861717224,2948.510009765625,29.530000686645508,0.25,255.802
2020-05-22,1233.3900146484375,99.86000061035156,33.25,1970.1300048828125,0.6570000052452087,2955.449951171875,28.15999984741211,0.25,255.802
2020-05-25,1239.550048828125,,,1994.5999755859375,,,,0.25,255.802
2020-05-26,1240.02001953125,98.91000366210938,34.349998474121094,2029.780029296875,0.6980000138282776,2991.77001953125,28.010000228881836,0.25,255.802
2020-05-27,1230.8699951171875,99.05999755859375,32.810001373291016,2031.199951171875,0.6800000071525574,3036.1298828125,27.6200008392334,0.25,255.802
2020-05-28,1238.300048828125,98.37999725341797,33.709999084472656,2028.5400390625,0.7049999833106995,3029.72998046875,28.59000015258789,0.25,255.802
2020-05-29,1237.97998046875,98.33999633789062,35.4900016784668,2029.5999755859375,0.6480000019073486,3044.31005859375,27.510000228881836,0.25,255.802
2020-06-01,1230.469970703125,97.83000183105469,35.439998626708984,2065.080078125,0.6620000004768372,3055.72998046875,28.229999542236328,0.25,257.042
2020-06-02,1222.989990234375,97.66999816894531,36.810001373291016,2087.18994140625,0.6800000071525574,3080.820068359375,26.84000015258789,0.25,257.042
2020-06-03,1219.1400146484375,97.27999877929688,37.290000915527344,2147.0,0.7609999775886536,3122.8701171875,25.65999984741211,0.25,257.042
2020-06-04,1215.8199462890625,96.68000030517578,37.40999984741211,2151.179931640625,0.8199999928474426,3112.35009765625,25.809999465942383,0.25,257.042
2020-06-05,1215.3800048828125,96.94000244140625,39.54999923706055,2181.8701171875,0.9039999842643738,3193.929931640625,24.520000457763672,0.25,257.042
2020-06-08,1201.1099853515625,96.62000274658203,38.189998626708984,2184.2900390625,0.8840000033378601,3232.389892578125,25.809999465942383,0.25,257.042
2020-06-09,1195.72998046875,96.31999969482422,38.939998626708984,2188.919921875,0.8289999961853027,3207.179931640625,27.56999969482422,0.25,257.042
2020-06-10,1197.300048828125,95.95999908447266,39.599998474121094,2195.68994140625,0.7480000257492065,3190.139892578125,27.56999969482422,0.25,257.042
2020-06-11,1189.739990234375,96.7300033569336,36.34000015258789,2176.780029296875,0.652999997138977,3002.10009765625,40.790000915527344,0.25,257.042
2020-06-12,1204.760009765625,97.31999969482422,36.2599983215332,2132.300048828125,0.6990000009536743,3041.31005859375,36.09000015258789,0.25,257.042
2020-06-15,1202.6099853515625,96.68000030517578,37.119998931884766,2030.8199462890625,0.7020000219345093,3066.590087890625,34.400001525878906,0.25,257.042
2020-06-16,1206.9000244140625,96.95999908447266,38.380001068115234,2138.050048828125,0.7559999823570251,3124.739990234375,33.66999816894531,0.25,257.042
2020-06-17,1211.1500244140625,97.16000366210938,37.959999084472656,2141.050048828125,0.7329999804496765,3113.489990234375,33.470001220703125,0.25,257.042
2020-06-18,1214.3499755859375,97.41999816894531,38.84000015258789,2133.47998046875,0.6940000057220459,3115.340087890625,32.939998626708984,0.25,257.042
2020-06-19,1211.3599853515625,97.62000274658203,39.75,2141.320068359375,0.6970000267028809,3097.739990234375,35.119998931884766,0.25,257.042
2020-06-22,1210.8900146484375,97.04000091552734,40.459999084472656,2126.72998046875,0.7039999961853027,3117.860107421875,31.770000457763672,0.25,257.042
2020-06-23,1208.0,96.69000244140625,40.369998931884766,2131.239990234375,0.7089999914169312,3131.2900390625,31.3700008392334,0.25,257.042
2020-06-24,1207.949951171875,97.1500015258789,38.0099983215332,2161.510009765625,0.6840000152587891,3050.330078125,33.84000015258789,0.25,257.042
2020-06-25,1205.25,97.43000030517578,38.720001220703125,2112.3701171875,0.6740000247955322,3083.760009765625,32.220001220703125,0.25,257.042
2020-06-26,1201.52001953125,97.5,38.4900016784668,2134.64990234375,0.6359999775886536,3009.050048828125,34.72999954223633,0.25,257.042
2020-06-29,1202.6300048828125,97.54000091552734,39.70000076293945,2093.47998046875,0.6359999775886536,3053.239990234375,31.780000686645508,0.25,257.042
2020-06-30,1198.489990234375,97.38999938964844,39.27000045776367,2108.330078125,0.652999997138977,3100.2900390625,30.43000030517578,0.25,257.042
2020-07-01,1198.3900146484375,97.19999694824219,39.81999969482422,2106.699951171875,0.6819999814033508,3115.860107421875,28.6200008392334,0.25,258.352
2020-07-02,1200.699951171875,97.31999969482422,40.650001525878906,2135.3701171875,0.6690000295639038,3130.010009765625,27.68000030517578,0.25,258.352
2020-07-03,1198.1700439453125,,,2152.409912109375,,,,0.25,258.352
2020-07-06,1198.5,96.79000091552734,40.630001068115234,2187.929931640625,0.6840000152587891,3179.719970703125,27.940000534057617,0.25,258.352
2020-07-07,1190.9300537109375,96.87999725341797,40.619998931884766,2164.169921875,0.6499999761581421,3145.320068359375,29.43000030517578,0.25,258.352
2020-07-08,1195.699951171875,96.43000030517578,40.900001525878906,2158.8798828125,0.652999997138977,3169.93994140625,28.079999923706055,0.25,258.352
2020-07-09,1192.02001953125,96.69999694824219,39.619998931884766,2167.89990234375,0.6050000190734863,3152.050048828125,29.260000228881836,0.25,258.352
2020-07-10,1195.77001953125,96.6500015258789,40.54999923706055,2150.25,0.6330000162124634,3185.0400390625,27.290000915527344,0.25,258.352
2020-07-13,1199.52001953125,96.45999908447266,40.099998474121094,2186.06005859375,0.6399999856948853,3155.219970703125,32.189998626708984,0.25,258.352
2020-07-14,1203.780029296875,96.26000213623047,40.290000915527344,2183.610107421875,0.6150000095367432,3197.52001953125,29.520000457763672,0.25,258.352
2020-07-15,1203.97998046875,96.08000183105469,41.20000076293945,2201.8798828125,0.6299999952316284,3226.56005859375,27.760000228881836,0.25,258.352
2020-07-16,1200.469970703125,96.3499984741211,40.75,2183.760009765625,0.6119999885559082,3215.570068359375,28.0,0.25,258.352
2020-07-17,1204.22998046875,95.94000244140625,40.59000015258789,2201.18994140625,0.628000020980835,3224.72998046875,25.68000030517578,0.25,258.352
2020-07-20,1202.530029296875,95.83000183105469,40.810001373291016,2198.199951171875,0.6200000047683716,3251.840087890625,24.459999084472656,0.25,258.352
2020-07-21,1200.030029296875,95.12000274658203,41.959999084472656,2228.830078125,0.6069999933242798,3257.300048828125,24.84000015258789,0.25,258.352
2020-07-22,1192.739990234375,94.97000122070312,41.900001525878906,2228.659912109375,0.5950000286102295,3276.02001953125,24.31999969482422,0.25,258.352
2020-07-23,1197.22998046875,94.69000244140625,41.06999969482422,2216.18994140625,0.5820000171661377,3235.659912109375,26.079999923706055,0.25,258.352
2020-07-24,1200.93994140625,94.44000244140625,41.290000915527344,2200.43994140625,0.5889999866485596,3215.6298828125,25.84000015258789,0.25,258.352
2020-07-27,1200.489990234375,93.66999816894531,41.599998474121094,2217.860107421875,0.609000027179718,3239.409912109375,24.739999771118164,0.25,258.352
2020-07-28,1195.9200439453125,93.76000213623047,41.040000915527344,2256.989990234375,0.5809999704360962,3218.43994140625,25.440000534057617,0.25,258.352
2020-07-29,1199.3699951171875,93.26000213623047,41.27000045776367,2263.159912109375,0.5789999961853027,3258.43994140625,24.100000381469727,0.25,258.352
2020-07-30,1190.72998046875,93.0199966430664,39.91999816894531,2267.010009765625,0.5410000085830688,3246.219970703125,24.760000228881836,0.25,258.352
2020-07-31,1189.56005859375,93.48999786376953,40.27000045776367,2249.3701171875,0.5360000133514404,3271.1201171875,24.459999084472656,0.25,258.352
2020-08-03,1193.3900146484375,93.5,41.0099983215332,2251.0400390625,0.5630000233650208,3294.610107421875,24.280000686645508,0.25,259.316
2020-08-04,1191.760009765625,93.37999725341797,41.70000076293945,2279.969970703125,0.5149999856948853,3306.510009765625,23.760000228881836,0.25,259.316
2020-08-05,1192.25,92.83000183105469,42.189998626708984,2311.860107421875,0.5429999828338623,3327.77001953125,22.989999771118164,0.25,259.316
2020-08-06,1185.1800537109375,92.79000091552734,41.95000076293945,2342.610107421875,0.5360000133514404,3349.159912109375,22.649999618530273,0.25,259.316
2020-08-07,1183.1700439453125,93.44000244140625,41.220001220703125,2351.669921875,0.5619999766349792,3351.280029296875,22.209999084472656,0.25,259.316
2020-08-10,1188.1500244140625,93.58000183105469,41.939998626708984,2386.3798828125,0.5740000009536743,3360.469970703125,22.1299991607666,0.25,259.316
2020-08-11,1185.18994140625,93.62999725341797,41.61000061035156,2418.669921875,0.6579999923706055,3333.68994140625,24.030000686645508,0.25,259.316
2020-08-12,1184.97998046875,93.44000244140625,42.66999816894531,2432.35009765625,0.6700000166893005,3380.35009765625,22.280000686645508,0.25,259.316
2020-08-13,1182.75,93.33999633789062,42.2400016784668,2437.530029296875,0.7160000205039978,3373.429931640625,22.1299991607666,0.25,259.316
2020-08-14,1184.1199951171875,93.0999984741211,42.0099983215332,2407.489990234375,0.7089999914169312,3372.85009765625,22.049999237060547,0.25,259.316
2020-08-17,1186.0400390625,92.8499984741211,42.88999938964844,,0.6830000281333923,3381.989990234375,21.350000381469727,0.25,259.316
2020-08-18,1183.0999755859375,92.2699966430664,42.88999938964844,2348.239990234375,0.6690000295639038,3389.780029296875,21.510000228881836,0.25,259.316
2020-08-19,1183.6400146484375,92.88999938964844,42.93000030517578,2360.5400390625,0.675000011920929,3374.85009765625,22.540000915527344,0.25,259.316
2020-08-20,1181.2099609375,92.79000091552734,42.58000183105469,2274.219970703125,0.6439999938011169,3385.510009765625,22.719999313354492,0.25,259.316
2020-08-21,1184.2900390625,93.25,42.34000015258789,2304.590087890625,0.6399999856948853,3397.159912109375,22.540000915527344,0.25,259.316
2020-08-24,1191.199951171875,93.30000305175781,42.619998931884766,2329.830078125,0.6460000276565552,3431.280029296875,22.3700008392334,0.25,259.316
2020-08-25,1188.25,93.0199966430664,43.349998474121094,2366.72998046875,0.6819999814033508,3443.6201171875,22.030000686645508,0.25,259.316
2020-08-26,1186.4599609375,93.01000213623047,43.38999938964844,2369.320068359375,0.6869999766349792,3478.72998046875,23.270000457763672,0.25,259.316
2020-08-27,1183.8499755859375,93.01000213623047,43.040000915527344,2344.449951171875,0.7459999918937683,3484.550048828125,24.469999313354492,0.25,259.316
2020-08-28,1186.5799560546875,92.37000274658203,42.970001220703125,2353.800048828125,0.7289999723434448,3508.010009765625,22.959999084472656,0.25,259.316
2020-08-31,1179.5899658203125,92.13999938964844,42.61000061035156,2326.169921875,0.6930000185966492,3500.31005859375,26.40999984741211,0.25,259.316
2020-09-01,1187.0400390625,92.33999633789062,42.7599983215332,2349.550048828125,0.671999990940094,3526.64990234375,26.1200008392334,0.25,259.997
2020-09-02,1184.9200439453125,92.8499984741211,41.5099983215332,2364.3701171875,0.6510000228881836,3580.840087890625,26.56999969482422,0.25,259.997
2020-09-03,1188.6500244140625,92.73999786376953,41.369998931884766,2395.89990234375,0.621999979019165,3455.06005859375,33.599998474121094,0.25,259.997
2020-09-04,1190.780029296875,92.72000122070312,39.77000045776367,2368.25,0.7210000157356262,3426.9599609375,30.75,0.25,259.997
2020-09-07,1186.4200439453125,,,2384.219970703125,,,,0.25,259.997
2020-09-08,1186.81005859375,93.4800033569336,36.7599983215332,2401.909912109375,0.6840000152587891,3331.840087890625,31.459999084472656,0.25,259.997
2020-09-09,1189.239990234375,93.26000213623047,38.04999923706055,2375.81005859375,0.703000009059906,3398.9599609375,28.809999465942383,0.25,259.997
2020-09-10,1184.3800048828125,93.33999633789062,37.29999923706055,2396.47998046875,0.6850000023841858,3339.18994140625,29.709999084472656,0.25,259.997
2020-09-11,1187.22998046875,93.33000183105469,37.33000183105469,2396.68994140625,0.6690000295639038,3340.969970703125,26.8700008392334,0.25,259.997
2020-09-14,1186.969970703125,93.06999969482422,37.2599983215332,2427.909912109375,0.6710000038146973,3383.5400390625,25.850000381469727,0.25,259.997
2020-09-15,1180.8399658203125,93.05000305175781,38.279998779296875,2443.580078125,0.6790000200271606,3401.199951171875,25.59000015258789,0.25,259.997
2020-09-16,1179.25,93.20999908447266,40.15999984741211,2435.919921875,0.6869999766349792,3385.489990234375,26.040000915527344,0.25,259.997
2020-09-17,1172.0699462890625,92.97000122070312,40.970001220703125,2406.169921875,0.6840000152587891,3357.010009765625,26.459999084472656,0.25,259.997
2020-09-18,1168.6500244140625,92.93000030517578,41.11000061035156,2412.39990234375,0.6940000057220459,3319.469970703125,25.829999923706055,0.25,259.997
2020-09-21,1163.989990234375,93.54000091552734,39.310001373291016,2389.389892578125,0.6710000038146973,3281.06005859375,27.780000686645508,0.25,259.997
2020-09-22,1163.8499755859375,93.98999786376953,39.599998474121094,2332.590087890625,0.6639999747276306,3315.570068359375,26.860000610351562,0.25,259.997
2020-09-23,1162.5,94.38999938964844,39.93000030517578,2333.239990234375,0.6759999990463257,3236.919921875,28.579999923706055,0.25,259.997
2020-09-24,1169.72998046875,94.3499984741211,40.310001373291016,2272.699951171875,0.6660000085830688,3246.590087890625,28.510000228881836,0.25,259.997
2020-09-25,1168.5,94.58000183105469,40.25,2278.7900390625,0.6589999794960022,3298.4599609375,26.3799991607666,0.25,259.997
2020-09-28,1173.43994140625,94.26000213623047,40.599998474121094,2308.080078125,0.6629999876022339,3351.60009765625,26.190000534057617,0.25,259.997
2020-09-29,1166.4100341796875,93.88999938964844,39.290000915527344,2327.889892578125,0.6449999809265137,3335.469970703125,26.270000457763672,0.25,259.997
2020-09-30,1167.8599853515625,93.88999938964844,40.220001220703125,,0.6769999861717224,3363.0,26.3700008392334,0.25,259.997
2020-10-01,1163.780029296875,93.70999908447266,38.720001220703125,,0.6769999861717224,3380.800048828125,26.700000762939453,0.25,260.319
2020-10-02,1161.97998046875,93.83999633789062,37.04999923706055,,0.6959999799728394,3348.419921875,27.6299991607666,0.25,260.319
2020-10-05,1165.3599853515625,93.51000213623047,39.220001220703125,2358.0,0.7620000243186951,3408.60009765625,27.959999084472656,0.25,260.319
2020-10-06,1156.0899658203125,93.83000183105469,40.66999816894531,2365.89990234375,0.7419999837875366,3360.969970703125,29.479999542236328,0.25,260.319
2020-10-07,1163.8900146484375,93.62999725341797,39.95000076293945,2386.93994140625,0.7850000262260437,3419.43994140625,28.059999465942383,0.25,260.319
2020-10-08,1156.5,93.61000061035156,41.189998626708984,2391.9599609375,0.7649999856948853,3446.830078125,26.360000610351562,0.25,260.319
2020-10-09,1150.3599853515625,93.05999755859375,40.599998474121094,,0.7749999761581421,3477.139892578125,25.0,0.25,260.319
2020-10-12,1142.6500244140625,93.06999969482422,39.43000030517578,2403.72998046875,0.7770000100135803,3534.219970703125,25.06999969482422,0.25,260.319
2020-10-13,1146.4000244140625,93.52999877929688,40.20000076293945,2403.14990234375,0.7269999980926514,3511.929931640625,26.06999969482422,0.25,260.319
2020-10-14,1147.8900146484375,93.37999725341797,41.040000915527344,2380.47998046875,0.722000002861023,3488.669921875,26.399999618530273,0.25,260.319
2020-10-15,1146.31005859375,93.86000061035156,40.959999084472656,2361.2099609375,0.7310000061988831,3483.340087890625,26.969999313354492,0.25,260.319
2020-10-16,1144.1300048828125,93.68000030517578,40.880001068115234,2341.530029296875,0.7440000176429749,3483.81005859375,27.40999984741211,0.25,260.319
2020-10-19,1141.1800537109375,93.43000030517578,40.83000183105469,2346.739990234375,0.7609999775886536,3426.919921875,29.18000030517578,0.25,260.319
2020-10-20,1137.0,93.06999969482422,41.459999084472656,2358.409912109375,0.796999990940094,3443.1201171875,29.350000381469727,0.25,260.319
2020-10-21,1136.0,92.61000061035156,40.029998779296875,2370.860107421875,0.8159999847412109,3435.56005859375,28.649999618530273,0.25,260.319
2020-10-22,1132.030029296875,92.94999694824219,40.63999938964844,2355.050048828125,0.8479999899864197,3453.489990234375,28.110000610351562,0.25,260.319
2020-10-23,1134.1500244140625,92.7699966430664,39.849998474121094,2360.81005859375,0.8410000205039978,3465.389892578125,27.549999237060547,0.25,260.319
2020-10-26,1127.760009765625,93.05000305175781,38.560001373291016,2343.909912109375,0.8009999990463257,3400.969970703125,32.459999084472656,0.25,260.319
2020-10-27,1131.6400146484375,92.94000244140625,39.56999969482422,2330.840087890625,0.777999997138977,3390.679931640625,33.349998474121094,0.25,260.319
2020-10-28,1128.22998046875,93.41000366210938,37.38999938964844,2345.260009765625,0.781000018119812,3271.030029296875,40.279998779296875,0.25,260.319
2020-10-29,1134.1800537109375,93.95999908447266,36.16999816894531,2326.669921875,0.8349999785423279,3310.110107421875,37.59000015258789,0.25,260.319
2020-10-30,1129.52001953125,94.04000091552734,35.790000915527344,2267.14990234375,0.8600000143051147,3269.9599609375,38.02000045776367,0.25,260.319
2020-11-02,1135.6099853515625,94.05000305175781,36.810001373291016,2300.159912109375,0.8489999771118164,3310.239990234375,37.130001068115234,0.25,260.911
2020-11-03,1132.1400146484375,93.55000305175781,37.65999984741211,2343.31005859375,0.8820000290870667,3369.159912109375,35.54999923706055,0.25,260.911
2020-11-04,1130.3299560546875,93.41000366210938,39.150001525878906,2357.320068359375,0.7680000066757202,3443.43994140625,29.56999969482422,0.25,260.911
2020-11-05,1129.739990234375,92.52999877929688,38.790000915527344,2413.7900390625,0.7760000228881836,3510.449951171875,27.579999923706055,0.25,260.911
2020-11-06,1122.6300048828125,92.2300033569336,37.13999938964844,2416.5,0.8199999928474426,3509.43994140625,24.860000610351562,0.25,260.911
2020-11-09,1121.1500244140625,92.7300033569336,40.290000915527344,2447.199951171875,0.9580000042915344,3550.5,25.75,0.25,260.911
2020-11-10,1118.68994140625,92.75,41.36000061035156,2452.830078125,0.972000002861023,3545.530029296875,24.799999237060547,0.25,260.911
2020-11-11,1116.0799560546875,93.04000091552734,41.45000076293945,2485.8701171875,0.9580000042915344,3572.659912109375,23.450000762939453,0.25,260.911
2020-11-12,1111.449951171875,92.95999908447266,41.119998931884766,2475.6201171875,0.8849999904632568,3537.010009765625,25.350000381469727,0.25,260.911
2020-11-13,1114.9100341796875,92.76000213623047,40.130001068115234,2493.8701171875,0.8930000066757202,3585.14990234375,23.100000381469727,0.25,260.911
2020-11-16,1107.760009765625,92.56999969482422,41.34000015258789,2543.030029296875,0.906000018119812,3626.909912109375,22.450000762939453,0.25,260.911
2020-11-17,1106.0899658203125,92.41999816894531,41.43000030517578,2539.14990234375,0.871999979019165,3609.530029296875,22.709999084472656,0.25,260.911
2020-11-18,1104.949951171875,92.31999969482422,41.81999969482422,2545.639892578125,0.8820000290870667,3567.7900390625,23.84000015258789,0.25,260.911
2020-11-19,1105.9000244140625,92.29000091552734,41.7400016784668,2547.419921875,0.8539999723434448,3581.8701171875,23.110000610351562,0.25,260.911
2020-11-20,1114.1400146484375,92.38999938964844,42.150001525878906,2553.5,0.8289999961853027,3557.5400390625,23.700000762939453,0.25,260.911
2020-11-23,1113.8299560546875,92.51000213623047,43.060001373291016,2602.590087890625,0.8569999933242798,3577.590087890625,22.65999984741211,0.25,260.911
2020-11-24,1113.0799560546875,92.2300033569336,44.90999984741211,2617.760009765625,0.8820000290870667,3635.409912109375,21.639999389648438,0.25,260.911
2020-11-25,1109.7099609375,91.98999786376953,45.709999084472656,2601.5400390625,0.878000020980835,3629.64990234375,21.25,0.25,260.911
2020-11-26,1104.489990234375,,,2625.909912109375,,,,0.25,260.911
2020-11-27,1105.56005859375,91.79000091552734,45.529998779296875,2633.449951171875,0.8420000076293945,3638.35009765625,20.84000015258789,0.25,260.911
2020-11-30,1104.3299560546875,91.87000274658203,45.34000015258789,2591.340087890625,0.843999981880188,3621.6298828125,20.56999969482422,0.25,260.911
2020-12-01,1108.510009765625,91.30999755859375,44.54999923706055,2634.25,0.9340000152587891,3662.449951171875,20.770000457763672,0.25,262.045
2020-12-02,1106.280029296875,91.12000274658203,45.279998779296875,2675.89990234375,0.9480000138282776,3669.010009765625,21.170000076293945,0.25,262.045
2020-12-03,1099.3800048828125,90.70999908447266,45.63999938964844,2696.219970703125,0.9200000166893005,3666.719970703125,21.280000686645508,0.25,262.045
2020-12-04,1091.3199462890625,90.69999694824219,46.2599983215332,2731.449951171875,0.968999981880188,3699.1201171875,20.790000915527344,0.25,262.045
2020-12-07,1083.780029296875,90.79000091552734,45.7599983215332,2745.43994140625,0.9279999732971191,3691.9599609375,21.299999237060547,0.25,262.045
2020-12-08,1083.6800537109375,90.97000122070312,45.599998474121094,2700.929931640625,0.9129999876022339,3702.25,20.68000030517578,0.25,262.045
2020-12-09,1084.8599853515625,91.08999633789062,45.52000045776367,2755.469970703125,0.9409999847412109,3672.820068359375,22.270000457763672,0.25,262.045
2020-12-10,1086.3599853515625,90.79000091552734,46.779998779296875,2746.4599609375,0.9079999923706055,3668.10009765625,22.520000457763672,0.25,262.045
2020-12-11,1086.3699951171875,90.9800033569336,46.56999969482422,2770.06005859375,0.8930000066757202,3663.4599609375,23.309999465942383,0.25,262.045
2020-12-14,1091.5799560546875,90.70999908447266,46.9900016784668,2762.199951171875,0.8920000195503235,3647.489990234375,24.719999313354492,0.25,262.045
2020-12-15,1092.06005859375,90.47000122070312,47.619998931884766,2756.820068359375,0.9229999780654907,3694.6201171875,22.889999389648438,0.25,262.045
2020-12-16,1088.2099609375,90.44999694824219,47.81999969482422,2771.7900390625,0.9200000166893005,3701.169921875,22.5,0.25,262.045
2020-12-17,1091.6500244140625,89.81999969482422,48.36000061035156,2770.429931640625,0.9300000071525574,3722.47998046875,21.93000030517578,0.25,262.045
2020-12-18,1092.1600341796875,90.0199966430664,49.099998474121094,2772.179931640625,0.9480000138282776,3709.409912109375,21.56999969482422,0.25,262.045
2020-12-21,1098.97998046875,90.04000091552734,47.7400016784668,2778.64990234375,0.9409999847412109,3694.919921875,25.15999984741211,0.25,262.045
2020-12-22,1101.8599853515625,90.6500015258789,47.02000045776367,2733.679931640625,0.9179999828338623,3687.260009765625,24.229999542236328,0.25,262.045
2020-12-23,1107.97998046875,90.41000366210938,48.119998931884766,2759.820068359375,0.9549999833106995,3690.010009765625,23.309999465942383,0.25,262.045
2020-12-24,1104.800048828125,90.33000183105469,48.22999954223633,2806.860107421875,0.9279999732971191,3703.06005859375,21.530000686645508,0.25,262.045
2020-12-25,1099.9100341796875,,,,,,,0.25,262.045
2020-12-28,1099.0899658203125,90.33999633789062,47.619998931884766,2808.60009765625,0.9330000281333923,3735.360107421875,21.700000762939453,0.25,262.045
2020-12-29,1095.0,90.01000213623047,48.0,2820.510009765625,0.9350000023841858,3727.0400390625,23.079999923706055,0.25,262.045
2020-12-30,1092.6199951171875,89.62999725341797,48.400001525878906,2873.469970703125,0.9259999990463257,3732.0400390625,22.770000457763672,0.25,262.045
2020-12-31,1086.4200439453125,89.94000244140625,48.52000045776367,,0.9169999957084656,3756.070068359375,22.75,0.25,262.045
2021-01-01,1084.6500244140625,,,,,,,0.25,262.687
2021-01-04,1084.72998046875,89.87999725341797,47.619998931884766,2944.449951171875,0.9169999957084656,3700.64990234375,26.969999313354492,0.25,262.687
2021-01-05,1086.6199951171875,89.44000244140625,49.93000030517578,2990.570068359375,0.9549999833106995,3726.860107421875,25.34000015258789,0.25,262.687
2021-01-06,1086.449951171875,89.52999877929688,50.630001068115234,2968.2099609375,1.0420000553131104,3748.139892578125,25.06999969482422,0.25,262.687
2021-01-07,1086.949951171875,89.83000183105469,50.83000183105469,3031.679931640625,1.0709999799728394,3803.7900390625,22.3700008392334,0.25,262.687
2021-01-08,1093.0699462890625,90.0999984741211,52.2400016784668,3152.179931640625,1.1050000190734863,3824.679931640625,21.559999465942383,0.25,262.687
2021-01-11,1092.8199462890625,90.54000091552734,52.25,3148.449951171875,1.1319999694824219,3799.610107421875,24.079999923706055,0.25,262.687
2021-01-12,1096.449951171875,90.05000305175781,53.209999084472656,3125.949951171875,1.1380000114440918,3801.18994140625,23.329999923706055,0.25,262.687
2021-01-13,1093.5400390625,90.31999969482422,52.90999984741211,3148.2900390625,1.0880000591278076,3809.840087890625,22.209999084472656,0.25,262.687
2021-01-14,1097.1099853515625,90.23999786376953,53.56999969482422,3149.929931640625,1.128999948501587,3795.5400390625,23.25,0.25,262.687
2021-01-15,1094.9000244140625,90.77999877929688,52.36000061035156,3085.89990234375,1.097000002861023,3768.25,24.34000015258789,0.25,262.687
2021-01-18,1102.9599609375,,,3013.929931640625,,,,0.25,262.687
2021-01-19,1103.0999755859375,90.5,52.97999954223633,3092.659912109375,1.0920000076293945,3798.909912109375,23.239999771118164,0.25,262.687
2021-01-20,1100.989990234375,90.47000122070312,53.2400016784668,3114.550048828125,1.090000033378601,3851.85009765625,21.579999923706055,0.25,262.687
2021-01-21,1096.25,90.12999725341797,53.130001068115234,3160.840087890625,1.1089999675750732,3853.070068359375,21.31999969482422,0.25,262.687
2021-01-22,1099.9000244140625,90.23999786376953,52.27000045776367,3140.6298828125,1.090999960899353,3841.469970703125,21.90999984741211,0.25,262.687
2021-01-25,1104.6400146484375,90.38999938964844,52.77000045776367,3208.989990234375,1.0399999618530273,3855.360107421875,23.190000534057617,0.25,262.687
2021-01-26,1101.72998046875,90.16999816894531,52.61000061035156,3140.31005859375,1.0399999618530273,3849.6201171875,23.020000457763672,0.25,262.687
2021-01-27,1101.0,90.6500015258789,52.849998474121094,3122.56005859375,1.0140000581741333,3750.77001953125,37.209999084472656,0.25,262.687
2021-01-28,1107.5,90.45999908447266,52.34000015258789,3069.050048828125,1.0570000410079956,3787.3798828125,30.209999084472656,0.25,262.687
2021-01-29,1112.2900390625,90.58000183105469,52.20000076293945,2976.2099609375,1.093000054359436,3714.239990234375,33.09000015258789,0.25,262.687
2021-02-01,1117.4300537109375,91.0199966430664,53.54999923706055,3056.530029296875,1.0770000219345093,3773.860107421875,30.239999771118164,0.25,263.579
2021-02-02,1116.8800048828125,91.19999694824219,54.7599983215332,3096.81005859375,1.1050000190734863,3826.31005859375,25.559999465942383,0.25,263.579
2021-02-03,1113.6099853515625,91.12000274658203,55.689998626708984,3129.679931640625,1.13100004196167,3830.169921875,22.90999984741211,0.25,263.579
2021-02-04,1113.1500244140625,91.52999877929688,56.22999954223633,3087.550048828125,1.1390000581741333,3871.739990234375,21.770000457763672,0.25,263.579
2021-02-05,1119.1300048828125,91.04000091552734,56.849998474121094,3120.6298828125,1.1699999570846558,3886.830078125,20.8700008392334,0.25,263.579
2021-02-08,1116.8499755859375,90.93000030517578,57.970001220703125,3091.239990234375,1.159999966621399,3915.590087890625,21.239999771118164,0.25,263.579
2021-02-09,1116.3299560546875,90.44000244140625,58.36000061035156,3084.669921875,1.156999945640564,3911.22998046875,21.6299991607666,0.25,263.579
2021-02-10,1110.0,90.37000274658203,58.68000030517578,3100.580078125,1.1330000162124634,3909.8798828125,21.989999771118164,0.25,263.579
2021-02-11,1103.97998046875,90.41999816894531,58.2400016784668,,1.1579999923706055,3916.3798828125,21.25,0.25,263.579
2021-02-12,1102.219970703125,90.4800033569336,59.470001220703125,,1.2000000476837158,3934.830078125,19.969999313354492,0.25,263.579
2021-02-15,1103.3699951171875,,,3147.0,,,,0.25,263.579
2021-02-16,1102.239990234375,90.51000213623047,60.04999923706055,3163.25,1.2990000247955322,3932.590087890625,21.459999084472656,0.25,263.579
2021-02-17,1106.4599609375,90.94999694824219,61.13999938964844,3133.72998046875,1.3009999990463257,3931.330078125,21.5,0.25,263.579
2021-02-18,1104.550048828125,90.58999633789062,60.52000045776367,3086.659912109375,1.2869999408721924,3913.969970703125,22.489999771118164,0.25,263.579
2021-02-19,1106.219970703125,90.36000061035156,59.2400016784668,3107.6201171875,1.3450000286102295,3906.7099609375,22.049999237060547,0.25,263.579
2021-02-22,1103.93994140625,90.01000213623047,61.4900016784668,3079.75,1.3700000047683716,3876.5,23.450000762939453,0.25,263.579
2021-02-23,1110.6700439453125,90.16999816894531,61.66999816894531,3070.090087890625,1.3619999885559082,3881.3701171875,23.110000610351562,0.25,263.579
2021-02-24,1109.31005859375,90.18000030517578,63.220001220703125,2994.97998046875,1.3890000581741333,3925.429931640625,21.34000015258789,0.25,263.579
2021-02-25,1107.2099609375,90.12999725341797,63.529998779296875,3099.68994140625,1.5180000066757202,3829.340087890625,28.889999389648438,0.25,263.579
2021-02-26,1119.1300048828125,90.93000030517578,61.5,3012.949951171875,1.4600000381469727,3811.14990234375,27.950000762939453,0.25,263.579
2021-03-01,1123.3699951171875,91.04000091552734,60.63999938964844,,1.4459999799728394,3901.820068359375,23.350000381469727,0.25,264.961
2021-03-02,1101.8299560546875,90.79000091552734,59.75,3043.8701171875,1.4149999618530273,3870.2900390625,24.100000381469727,0.25,264.961
2021-03-03,1124.3299560546875,90.94999694824219,61.279998779296875,3082.989990234375,1.4700000286102295,3819.719970703125,26.670000076293945,0.25,264.961
2021-03-04,1129.5,91.62999725341797,63.83000183105469,3043.489990234375,1.5499999523162842,3768.469970703125,28.56999969482422,0.25,264.961
2021-03-05,1133.3499755859375,91.9800033569336,66.08999633789062,3026.260009765625,1.5540000200271606,3841.93994140625,24.65999984741211,0.25,264.961
2021-03-08,1127.489990234375,92.30999755859375,65.05000305175781,2996.110107421875,1.5959999561309814,3821.35009765625,25.469999313354492,0.25,264.961
2021-03-09,1140.22998046875,91.95999908447266,64.01000213623047,2976.1201171875,1.5460000038146973,3875.43994140625,24.030000686645508,0.25,264.961
2021-03-10,1134.9100341796875,91.79000091552734,64.44000244140625,2958.1201171875,1.5199999809265137,3898.81005859375,22.559999465942383,0.25,264.961
2021-03-11,1136.010009765625,91.41999816894531,66.0199966430664,3013.699951171875,1.5269999504089355,3939.340087890625,21.90999984741211,0.25,264.961
2021-03-12,1129.6400146484375,91.68000030517578,65.61000061035156,3054.389892578125,1.6349999904632568,3943.340087890625,20.690000534057617,0.25,264.961
2021-03-15,1134.5,91.83000183105469,65.38999938964844,3045.7099609375,1.6069999933242798,3968.93994140625,20.030000686645508,0.25,264.961
2021-03-16,1131.3900146484375,91.87000274658203,64.80000305175781,3067.169921875,1.621000051498413,3962.7099609375,19.790000915527344,0.25,264.961
2021-03-17,1129.8399658203125,91.4000015258789,64.5999984741211,3047.5,1.6410000324249268,3974.1201171875,19.229999542236328,0.25,264.961
2021-03-18,1121.1300048828125,91.8499984741211,60.0,3066.010009765625,1.7300000190734863,3915.4599609375,21.579999923706055,0.25,264.961
2021-03-19,1126.1099853515625,91.91999816894531,61.41999816894531,3039.530029296875,1.7319999933242798,3913.10009765625,20.950000762939453,0.25,264.961
2021-03-22,1127.47998046875,91.80000305175781,61.54999923706055,3035.4599609375,1.684000015258789,3940.590087890625,18.8799991607666,0.25,264.961
2021-03-23,1125.1199951171875,92.33999633789062,57.7599983215332,3004.739990234375,1.6380000114440918,3910.52001953125,20.299999237060547,0.25,264.961
2021-03-24,1133.199951171875,92.52999877929688,61.18000030517578,2996.35009765625,1.6139999628067017,3889.139892578125,21.200000762939453,0.25,264.961
2021-03-25,1134.47998046875,92.87999725341797,58.560001373291016,3008.330078125,1.6139999628067017,3909.52001953125,19.809999465942383,0.25,264.961
2021-03-26,1134.2099609375,92.7699966430664,60.970001220703125,3041.010009765625,1.659999966621399,3974.5400390625,18.860000610351562,0.25,264.961
2021-03-29,1127.9599609375,92.94000244140625,61.560001373291016,3036.0400390625,1.7209999561309814,3971.090087890625,20.739999771118164,0.25,264.961
2021-03-30,1131.6500244140625,93.30000305175781,60.54999923706055,3070.0,1.7259999513626099,3958.550048828125,19.610000610351562,0.25,264.961
2021-03-31,1132.3199462890625,93.2300033569336,59.15999984741211,3061.419921875,1.746000051498413,3972.889892578125,19.399999618530273,0.25,264.961
2021-04-01,1127.199951171875,92.93000030517578,61.45000076293945,3087.39990234375,1.6790000200271606,4019.8701171875,17.329999923706055,0.25,266.614
2021-04-02,1128.06005859375,,,3112.800048828125,,,,0.25,266.614
2021-04-05,1128.7900390625,92.5999984741211,58.650001525878906,3120.830078125,1.7200000286102295,4077.909912109375,17.90999984741211,0.25,266.614
2021-04-06,1124.1099853515625,92.33999633789062,59.33000183105469,3127.080078125,1.656000018119812,4073.93994140625,18.1200008392334,0.25,266.614
2021-04-07,1117.5,92.45999908447266,59.77000045776367,3137.409912109375,1.652999997138977,4079.949951171875,17.15999984741211,0.25,266.614
2021-04-08,1117.8599853515625,92.05999755859375,59.599998474121094,3143.260009765625,1.6319999694824219,4097.169921875,16.950000762939453,0.25,266.614
2021-04-09,1115.8399658203125,92.16000366210938,59.31999969482422,3131.8798828125,1.6660000085830688,4128.7998046875,16.690000534057617,0.25,266.614
2021-04-12,1122.06005859375,92.13999938964844,59.70000076293945,3135.590087890625,1.6749999523162842,4127.990234375,16.90999984741211,0.25,266.614
2021-04-13,1124.449951171875,91.8499984741211,60.18000030517578,3169.080078125,1.6230000257492065,4141.58984375,16.649999618530273,0.25,266.614
2021-04-14,1120.68994140625,91.69000244140625,63.150001525878906,3182.3798828125,1.6380000114440918,4124.66015625,16.989999771118164,0.25,266.614
2021-04-15,1116.1099853515625,91.66999816894531,63.459999084472656,3194.330078125,1.5299999713897705,4170.419921875,16.56999969482422,0.25,266.614
2021-04-16,1115.6700439453125,91.55999755859375,63.130001068115234,3198.6201171875,1.5729999542236328,4185.47021484375,16.25,0.25,266.614
2021-04-19,1115.6500244140625,91.06999969482422,63.380001068115234,3198.840087890625,1.6009999513626099,4163.259765625,17.290000915527344,0.25,266.614
2021-04-20,1114.469970703125,91.23999786376953,62.439998626708984,3220.699951171875,1.562000036239624,4134.93994140625,18.68000030517578,0.25,266.614
2021-04-21,1116.1099853515625,91.16000366210938,61.349998474121094,3171.659912109375,1.5640000104904175,4173.419921875,17.5,0.25,266.614
2021-04-22,1115.6600341796875,91.33000183105469,61.43000030517578,3177.52001953125,1.5540000200271606,4134.97998046875,18.709999084472656,0.25,266.614
2021-04-23,1118.5899658203125,90.86000061035156,62.13999938964844,3181.080078125,1.5670000314712524,4180.169921875,17.329999923706055,0.25,266.614
2021-04-26,1114.1300048828125,90.80999755859375,61.90999984741211,3217.530029296875,1.5700000524520874,4187.6201171875,17.639999389648438,0.25,266.614
2021-04-27,1109.22998046875,90.91000366210938,62.939998626708984,3215.419921875,1.621999979019165,4186.72021484375,17.559999465942383,0.25,266.614
2021-04-28,1112.1500244140625,90.61000061035156,63.86000061035156,3181.469970703125,1.6200000047683716,4183.18017578125,17.280000686645508,0.25,266.614
2021-04-29,1108.6600341796875,90.61000061035156,65.01000213623047,3174.070068359375,1.6399999856948853,4211.47021484375,17.610000610351562,0.25,266.614
2021-04-30,1106.6300048828125,91.27999877929688,63.58000183105469,3147.860107421875,1.63100004196167,4181.169921875,18.610000610351562,0.25,266.614
2021-05-03,1116.760009765625,90.94999694824219,64.48999786376953,3127.199951171875,1.6069999933242798,4192.66015625,18.309999465942383,0.25,268.383
2021-05-04,1120.4000244140625,91.29000091552734,65.69000244140625,3147.3701171875,1.5920000076293945,4164.66015625,19.479999542236328,0.25,268.383
2021-05-05,1124.9100341796875,91.30999755859375,65.62999725341797,,1.5839999914169312,4167.58984375,19.149999618530273,0.25,268.383
2021-05-06,1123.989990234375,90.94999694824219,64.70999908447266,3160.429931640625,1.5609999895095825,4201.6201171875,18.389999389648438,0.25,268.383
2021-05-07,1119.3900146484375,90.2300033569336,64.9000015258789,3197.199951171875,1.5770000219345093,4232.60009765625,16.690000534057617,0.25,268.383
2021-05-10,1111.969970703125,90.20999908447266,64.91999816894531,3249.300048828125,1.6019999980926514,4188.43017578125,19.65999984741211,0.25,268.383
2021-05-11,1115.5400390625,90.13999938964844,65.27999877929688,3209.429931640625,1.6239999532699585,4152.10009765625,21.84000015258789,0.25,268.383
2021-05-12,1118.22998046875,90.70999908447266,66.08000183105469,3161.659912109375,1.6950000524520874,4063.0400390625,27.59000015258789,0.25,268.383
2021-05-13,1131.5999755859375,90.75,63.81999969482422,3122.110107421875,1.6679999828338623,4112.5,23.1299991607666,0.25,268.383
2021-05-14,1125.699951171875,90.31999969482422,65.37000274658203,3153.320068359375,1.6349999904632568,4173.85009765625,18.809999465942383,0.25,268.383
2021-05-17,1125.530029296875,90.22000122070312,66.2699966430664,3134.52001953125,1.6399999856948853,4163.2900390625,19.719999313354492,0.25,268.383
2021-05-18,1135.510009765625,89.75,65.48999786376953,3173.050048828125,1.6419999599456787,4127.830078125,21.34000015258789,0.25,268.383
2021-05-19,1127.1400146484375,90.19000244140625,63.36000061035156,,1.6829999685287476,4115.68017578125,22.18000030517578,0.25,268.383
2021-05-20,1130.3699951171875,89.80999755859375,62.04999923706055,3162.280029296875,1.6339999437332153,4159.1201171875,20.670000076293945,0.25,268.383
2021-05-21,1127.050048828125,90.0199966430664,63.58000183105469,3156.419921875,1.6319999694824219,4155.85986328125,20.149999618530273,0.25,268.383
2021-05-24,1126.7900390625,89.83000183105469,66.05000305175781,3144.300048828125,1.6080000400543213,4197.0498046875,18.399999618530273,0.25,268.383
2021-05-25,1122.18994140625,89.63999938964844,66.06999969482422,3171.320068359375,1.5640000104904175,4188.1298828125,18.84000015258789,0.25,268.383
2021-05-26,1121.3800048828125,90.04000091552734,66.20999908447266,3168.429931640625,1.5740000009536743,4195.990234375,17.360000610351562,0.25,268.383
2021-05-27,1115.52001953125,89.97000122070312,66.8499984741211,3165.510009765625,1.6100000143051147,4200.8798828125,16.739999771118164,0.25,268.383
2021-05-28,1117.300048828125,90.02999877929688,66.31999969482422,3188.72998046875,1.5809999704360962,4204.10986328125,16.760000228881836,0.25,268.383
2021-05-31,1112.8499755859375,,,3203.919921875,,,,0.25,268.383
2021-06-01,1106.97998046875,89.83000183105469,67.72000122070312,3221.8701171875,1.6150000095367432,4202.0400390625,17.899999618530273,0.25,270.654
2021-06-02,1107.2099609375,89.9000015258789,68.83000183105469,3224.22998046875,1.590999960899353,4208.1201171875,17.479999542236328,0.25,270.654
2021-06-03,1109.8800048828125,90.5,68.80999755859375,3247.429931640625,1.625,4192.85009765625,18.040000915527344,0.25,270.654
2021-06-04,1115.43994140625,90.13999938964844,69.62000274658203,3240.080078125,1.559999942779541,4229.89013671875,16.420000076293945,0.25,270.654
2021-06-07,1109.6800537109375,89.94999694824219,69.2300033569336,3252.1201171875,1.569000005722046,4226.52001953125,16.420000076293945,0.25,270.654
2021-06-08,1109.3199462890625,90.08000183105469,70.05000305175781,3247.830078125,1.527999997138977,4227.259765625,17.06999969482422,0.25,270.654
2021-06-09,1116.8900146484375,90.12000274658203,69.95999908447266,3216.179931640625,1.4889999628067017,4219.5498046875,17.889999389648438,0.25,270.654
2021-06-10,1116.4100341796875,90.08000183105469,70.29000091552734,3224.639892578125,1.4589999914169312,4239.18017578125,16.100000381469727,0.25,270.654
2021-06-11,1111.260009765625,90.55999755859375,70.91000366210938,3249.320068359375,1.4620000123977661,4247.43994140625,15.649999618530273,0.25,270.654
2021-06-14,1115.550048828125,90.5199966430664,70.87999725341797,3252.1298828125,1.5010000467300415,4255.14990234375,16.389999389648438,0.25,270.654
2021-06-15,1116.3199462890625,90.54000091552734,72.12000274658203,3258.6298828125,1.4989999532699585,4246.58984375,17.020000457763672,0.25,270.654
2021-06-16,1116.030029296875,91.12999725341797,72.1500015258789,3278.679931640625,1.569000005722046,4223.7001953125,18.149999618530273,0.25,270.654
2021-06-17,1131.949951171875,91.88999938964844,71.04000091552734,3264.9599609375,1.5110000371932983,4221.85986328125,17.75,0.25,270.654
2021-06-18,1133.5400390625,92.2300033569336,71.63999938964844,3267.929931640625,1.4500000476837158,4166.4501953125,20.700000762939453,0.25,270.654
2021-06-21,1134.25,91.86000061035156,73.66000366210938,3240.7900390625,1.4839999675750732,4224.7900390625,17.889999389648438,0.25,270.654
2021-06-22,1130.3399658203125,91.7300033569336,73.05999755859375,3263.8798828125,1.472000002861023,4246.43994140625,16.65999984741211,0.25,270.654
2021-06-23,1132.510009765625,91.80000305175781,73.08000183105469,3276.18994140625,1.4869999885559082,4241.83984375,16.31999969482422,0.25,270.654
2021-06-24,1132.6099853515625,91.81999969482422,73.30000305175781,3286.10009765625,1.4869999885559082,4266.490234375,15.970000267028809,0.25,270.654
2021-06-25,1130.800048828125,91.80999755859375,74.05000305175781,3302.840087890625,1.5360000133514404,4280.7001953125,15.619999885559082,0.25,270.654
2021-06-28,1125.3399658203125,91.87999725341797,72.91000366210938,3301.889892578125,1.4780000448226929,4290.60986328125,15.760000228881836,0.25,270.654
2021-06-29,1129.0400390625,92.05000305175781,72.9800033569336,3286.679931640625,1.4800000190734863,4291.7998046875,16.020000457763672,0.25,270.654
2021-06-30,1130.510009765625,92.44000244140625,73.47000122070312,3296.679931640625,1.4429999589920044,4297.5,15.829999923706055,0.25,270.654
2021-07-01,1129.5999755859375,92.5999984741211,75.2300033569336,3282.06005859375,1.4800000190734863,4319.93994140625,15.479999542236328,0.25,271.903
2021-07-02,1132.4100341796875,92.2300033569336,75.16000366210938,3281.780029296875,1.430999994277954,4352.33984375,15.069999694824219,0.25,271.903
2021-07-05,1129.77001953125,,,3293.2099609375,,,,0.25,271.903
2021-07-06,1129.43994140625,92.55000305175781,73.37000274658203,3305.2099609375,1.3700000047683716,4343.5400390625,16.440000534057617,0.25,271.903
2021-07-07,1135.47998046875,92.63999938964844,72.19999694824219,3285.340087890625,1.3209999799728394,4358.1298828125,16.200000762939453,0.25,271.903
2021-07-08,1140.52001953125,92.36000061035156,72.94000244140625,3252.679931640625,1.2879999876022339,4320.81982421875,19.0,0.25,271.903
2021-07-09,1146.280029296875,92.12999725341797,74.55999755859375,3217.949951171875,1.3559999465942383,4369.5498046875,16.18000030517578,0.25,271.903
2021-07-12,1144.31005859375,92.2300033569336,74.0999984741211,3246.469970703125,1.3630000352859497,4384.6298828125,16.170000076293945,0.25,271.903
2021-07-13,1141.0999755859375,92.75,75.25,3271.3798828125,1.4149999618530273,4369.2099609375,17.1200008392334,0.25,271.903
2021-07-14,1148.699951171875,92.41000366210938,73.12999725341797,3264.81005859375,1.3559999465942383,4374.2998046875,16.329999923706055,0.25,271.903
2021-07-15,1143.4100341796875,92.62000274658203,71.6500015258789,3286.219970703125,1.2970000505447388,4360.02978515625,17.010000228881836,0.25,271.903
2021-07-16,1140.1199951171875,92.69000244140625,71.80999755859375,3276.909912109375,1.2999999523162842,4327.16015625,18.450000762939453,0.25,271.903
2021-07-19,1141.5,92.88999938964844,66.41999816894531,3244.0400390625,1.180999994277954,4258.490234375,22.5,0.25,271.903
2021-07-20,1150.0699462890625,92.97000122070312,67.41999816894531,3232.699951171875,1.2089999914169312,4323.06005859375,19.729999542236328,0.25,271.903
2021-07-21,1147.47998046875,92.75,70.30000305175781,3215.909912109375,1.2799999713897705,4358.68994140625,17.90999984741211,0.25,271.903
2021-07-22,1148.68994140625,92.81999969482422,71.91000366210938,3250.2099609375,1.2649999856948853,4367.47998046875,17.690000534057617,0.25,271.903
2021-07-23,1149.9100341796875,92.91000366210938,72.06999969482422,3254.419921875,1.2860000133514404,4411.7900390625,17.200000762939453,0.25,271.903
2021-07-26,1151.1199951171875,92.6500015258789,71.91000366210938,3224.949951171875,1.2760000228881836,4422.2998046875,17.579999923706055,0.25,271.903
2021-07-27,1151.760009765625,92.43000030517578,71.6500015258789,3232.530029296875,1.2339999675750732,4401.4599609375,19.360000610351562,0.25,271.903
2021-07-28,1153.56005859375,92.31999969482422,72.38999938964844,3236.860107421875,1.2610000371932983,4400.64013671875,18.309999465942383,0.25,271.903
2021-07-29,1149.4100341796875,91.86000061035156,73.62000274658203,3242.64990234375,1.2690000534057617,4419.14990234375,17.700000762939453,0.25,271.903
2021-07-30,1142.1199951171875,92.16999816894531,73.94999694824219,3202.320068359375,1.2389999628067017,4395.259765625,18.239999771118164,0.25,271.903
2021-08-02,1150.9300537109375,92.05000305175781,71.26000213623047,3223.0400390625,1.1740000247955322,4387.16015625,19.459999084472656,0.25,272.676
2021-08-03,1149.56005859375,92.08000183105469,70.55999755859375,3237.139892578125,1.1759999990463257,4423.14990234375,18.040000915527344,0.25,272.676
2021-08-04,1148.5799560546875,92.2699966430664,68.1500015258789,3280.3798828125,1.184000015258789,4402.66015625,17.969999313354492,0.25,272.676
2021-08-05,1144.06005859375,92.23999786376953,69.08999633789062,3276.1298828125,1.2170000076293945,4429.10009765625,17.280000686645508,0.25,272.676
2021-08-06,1143.1199951171875,92.80000305175781,68.27999877929688,3270.360107421875,1.2899999618530273,4436.52001953125,16.149999618530273,0.25,272.676
2021-08-09,1144.9200439453125,92.94999694824219,66.4800033569336,3260.419921875,1.3170000314712524,4432.35009765625,16.719999313354492,0.25,272.676
2021-08-10,1145.8900146484375,93.05999755859375,68.29000091552734,3243.18994140625,1.3420000076293945,4436.75,16.790000915527344,0.25,272.676
2021-08-11,1152.47998046875,92.91000366210938,69.25,3220.6201171875,1.3289999961853027,4442.41015625,16.170000076293945,0.25,272.676
2021-08-12,1152.8499755859375,93.04000091552734,69.08999633789062,3208.3798828125,1.3669999837875366,4460.830078125,15.59000015258789,0.25,272.676
2021-08-13,1162.06005859375,92.5199966430664,68.44000244140625,3171.2900390625,1.2970000505447388,4468.0,15.449999809265137,0.25,272.676
2021-08-16,1161.3800048828125,92.62999725341797,67.29000091552734,,1.2569999694824219,4479.7099609375,16.1200008392334,0.25,272.676
2021-08-17,1164.5,93.12999725341797,66.58999633789062,3143.090087890625,1.2580000162124634,4448.080078125,17.90999984741211,0.25,272.676
2021-08-18,1176.449951171875,93.13999938964844,65.45999908447266,3158.929931640625,1.2730000019073486,4400.27001953125,21.56999969482422,0.25,272.676
2021-08-19,1169.6800537109375,93.56999969482422,63.689998626708984,3097.830078125,1.2419999837875366,4405.7998046875,21.670000076293945,0.25,272.676
2021-08-20,1175.3900146484375,93.5,62.31999969482422,3060.510009765625,1.2599999904632568,4441.669921875,18.559999465942383,0.25,272.676
2021-08-23,1174.239990234375,92.95999908447266,65.63999938964844,3090.2099609375,1.2549999952316284,4479.52978515625,17.149999618530273,0.25,272.676
2021-08-24,1167.6099853515625,92.88999938964844,67.54000091552734,3138.300048828125,1.2899999618530273,4486.22998046875,17.219999313354492,0.25,272.676
2021-08-25,1163.469970703125,92.83000183105469,68.36000061035156,3146.81005859375,1.3420000076293945,4496.18994140625,16.790000915527344,0.25,272.676
2021-08-26,1163.3299560546875,93.05999755859375,67.41999816894531,3128.530029296875,1.3420000076293945,4470.0,18.84000015258789,0.25,272.676
2021-08-27,1170.0,92.69000244140625,68.73999786376953,3133.89990234375,1.312000036239624,4509.3701171875,16.389999389648438,0.25,272.676
2021-08-30,1161.3299560546875,92.6500015258789,69.20999908447266,3144.18994140625,1.284999966621399,4528.7900390625,16.190000534057617,0.25,272.676
2021-08-31,1165.510009765625,92.62999725341797,68.5,3199.27001953125,1.3040000200271606,4522.68017578125,16.479999542236328,0.25,272.676
2021-09-01,1158.4100341796875,92.44999694824219,68.58999633789062,3207.02001953125,1.3020000457763672,4524.08984375,16.110000610351562,0.25,273.91
2021-09-02,1155.280029296875,92.2300033569336,69.98999786376953,3175.85009765625,1.2940000295639038,4536.9501953125,16.40999984741211,0.25,273.91
2021-09-03,1157.1300048828125,92.04000091552734,69.29000091552734,3201.06005859375,1.3220000267028809,4535.43017578125,16.40999984741211,0.25,273.91
2021-09-06,1154.75,,,3203.330078125,,,,0.25,273.91
2021-09-07,1155.5400390625,92.5199966430664,68.3499984741211,3187.419921875,1.3700000047683716,4520.02978515625,18.139999389648438,0.25,273.91
2021-09-08,1161.0,92.6500015258789,69.30000305175781,3162.989990234375,1.3339999914169312,4514.06982421875,17.959999084472656,0.25,273.91
2021-09-09,1166.489990234375,92.4800033569336,68.13999938964844,3114.699951171875,1.2990000247955322,4493.27978515625,18.799999237060547,0.25,273.91
2021-09-10,1169.1300048828125,92.58000183105469,69.72000122070312,3125.760009765625,1.340999960899353,4458.580078125,20.950000762939453,0.25,273.91
2021-09-13,1169.3800048828125,92.62000274658203,70.44999694824219,3127.860107421875,1.3240000009536743,4468.72998046875,19.3700008392334,0.25,273.91
2021-09-14,1171.1099853515625,92.6500015258789,70.45999908447266,3148.830078125,1.2769999504089355,4443.0498046875,19.459999084472656,0.25,273.91
2021-09-15,1170.800048828125,92.48999786376953,72.61000061035156,3153.39990234375,1.3040000200271606,4480.7001953125,18.18000030517578,0.25,273.91
2021-09-16,1165.219970703125,92.86000061035156,72.61000061035156,3130.090087890625,1.3309999704360962,4473.75,18.690000534057617,0.25,273.91
2021-09-17,1174.4200439453125,93.19999694824219,71.97000122070312,3140.510009765625,1.3700000047683716,4432.990234375,20.809999465942383,0.25,273.91
2021-09-20,1181.1099853515625,93.23999786376953,70.29000091552734,,1.309000015258789,4357.72998046875,25.709999084472656,0.25,273.91
2021-09-21,1186.3199462890625,93.19999694824219,70.55999755859375,,1.3240000009536743,4354.18994140625,24.360000610351562,0.25,273.91
2021-09-22,1182.9200439453125,93.45999908447266,72.2300033569336,,1.3359999656677246,4395.64013671875,20.8700008392334,0.25,273.91
2021-09-23,1181.030029296875,93.0999984741211,73.30000305175781,3127.580078125,1.409999966621399,4448.97998046875,18.6299991607666,0.25,273.91
2021-09-24,1174.699951171875,93.33000183105469,73.9800033569336,3125.239990234375,1.4600000381469727,4455.47998046875,17.75,0.25,273.91
2021-09-27,1179.199951171875,93.37999725341797,75.44999694824219,3133.639892578125,1.4839999675750732,4443.10986328125,18.760000228881836,0.25,273.91
2021-09-28,1176.9599609375,93.7699966430664,75.29000091552734,3097.919921875,1.534000039100647,4352.6298828125,23.25,0.25,273.91
2021-09-29,1186.8900146484375,94.33999633789062,74.83000183105469,3060.27001953125,1.5410000085830688,4359.4599609375,22.559999465942383,0.25,273.91
2021-09-30,1187.4300537109375,94.25,75.02999877929688,3068.820068359375,1.5290000438690186,4307.5400390625,23.139999389648438,0.25,273.91
2021-10-01,1183.719970703125,94.04000091552734,75.87999725341797,3019.179931640625,1.4789999723434448,4357.0400390625,21.100000381469727,0.25,276.55
2021-10-04,1180.0,93.80999755859375,77.62000274658203,,1.4809999465942383,4300.4599609375,22.959999084472656,0.25,276.55
2021-10-05,1183.780029296875,93.9800033569336,78.93000030517578,2962.169921875,1.5290000438690186,4345.72021484375,21.299999237060547,0.25,276.55
2021-10-06,1187.1700439453125,94.2699966430664,77.43000030517578,2908.31005859375,1.5240000486373901,4363.5498046875,21.0,0.25,276.55
2021-10-07,1191.3800048828125,94.22000122070312,78.30000305175781,2959.4599609375,1.5709999799728394,4399.759765625,19.540000915527344,0.25,276.55
2021-10-08,1191.1500244140625,94.06999969482422,79.3499984741211,2956.300048828125,1.6050000190734863,4391.33984375,18.770000457763672,0.25,276.55
2021-10-11,1195.5799560546875,94.31999969482422,80.5199966430664,,1.6139999628067017,4361.18994140625,20.0,0.25,276.55
2021-10-12,1195.800048828125,94.5199966430664,80.63999938964844,2916.3798828125,1.5800000429153442,4350.64990234375,19.850000381469727,0.25,276.55
2021-10-13,1196.8900146484375,94.08000183105469,80.44000244140625,2944.409912109375,1.5490000247955322,4363.7998046875,18.639999389648438,0.25,276.55
2021-10-14,1186.7099609375,93.95999908447266,81.30999755859375,2988.639892578125,1.5190000534057617,4438.259765625,16.860000610351562,0.25,276.55
2021-10-15,1182.1300048828125,93.94000244140625,82.27999877929688,3015.06005859375,1.5759999752044678,4471.3701171875,16.299999237060547,0.25,276.55
2021-10-18,1181.7900390625,93.94999694824219,82.44000244140625,3006.679931640625,1.5839999914169312,4486.4599609375,16.309999465942383,0.25,276.55
2021-10-19,1185.6800537109375,93.79000091552734,82.95999908447266,3029.0400390625,1.6349999904632568,4519.6298828125,15.699999809265137,0.25,276.55
2021-10-20,1175.6500244140625,93.55999755859375,83.87000274658203,3013.1298828125,1.6360000371932983,4536.18994140625,15.489999771118164,0.25,276.55
2021-10-21,1174.5899658203125,93.7699966430664,82.5,3007.330078125,1.6759999990463257,4549.77978515625,15.010000228881836,0.25,276.55
2021-10-22,1176.550048828125,93.61000061035156,83.76000213623047,3006.159912109375,1.6549999713897705,4544.89990234375,15.430000305175781,0.25,276.55
2021-10-25,1176.5400390625,93.80999755859375,83.76000213623047,3020.5400390625,1.6349999904632568,4566.47998046875,15.239999771118164,0.25,276.55
2021-10-26,1167.06005859375,93.94999694824219,84.6500015258789,3049.080078125,1.61899995803833,4574.7900390625,15.979999542236328,0.25,276.55
2021-10-27,1167.3299560546875,93.86000061035156,82.66000366210938,3025.489990234375,1.5290000438690186,4551.68017578125,16.979999542236328,0.25,276.55
2021-10-28,1172.1700439453125,93.3499984741211,82.80999755859375,3009.550048828125,1.5679999589920044,4596.419921875,16.530000686645508,0.25,276.55
2021-10-29,1167.3699951171875,94.12000274658203,83.56999969482422,2970.679931640625,1.5570000410079956,4605.3798828125,16.260000228881836,0.25,276.55
2021-11-01,1174.3800048828125,93.87999725341797,84.05000305175781,2978.93994140625,1.5750000476837158,4613.669921875,16.40999984741211,0.25,278.919
2021-11-02,1176.5699462890625,94.08999633789062,83.91000366210938,3013.489990234375,1.5490000247955322,4630.64990234375,16.030000686645508,0.25,278.919
2021-11-03,1178.0400390625,93.86000061035156,80.86000061035156,2975.7099609375,1.5789999961853027,4660.56982421875,15.100000381469727,0.25,278.919
2021-11-04,1179.3399658203125,94.3499984741211,78.80999755859375,2983.219970703125,1.5240000486373901,4680.06005859375,15.4399995803833,0.25,278.919
2021-11-05,1185.8299560546875,94.31999969482422,81.2699966430664,2969.27001953125,1.4529999494552612,4697.52978515625,16.479999542236328,0.25,278.919
2021-11-08,1180.5,94.05000305175781,81.93000030517578,2960.199951171875,1.496999979019165,4701.7001953125,17.219999313354492,0.25,278.919
2021-11-09,1199.8599853515625,93.95999908447266,84.1500015258789,2962.4599609375,1.4320000410079956,4685.25,17.780000686645508,0.25,278.919
2021-11-10,1177.5,94.8499984741211,81.33999633789062,2930.169921875,1.559999942779541,4646.7099609375,18.729999542236328,0.25,278.919
2021-11-11,1184.1400146484375,95.18000030517578,81.58999633789062,2924.919921875,1.559999942779541,4649.27001953125,17.65999984741211,0.25,278.919
2021-11-12,1183.1099853515625,95.12999725341797,80.79000091552734,2968.800048828125,1.5820000171661377,4682.85009765625,16.290000915527344,0.25,278.919
2021-11-15,1179.1099853515625,95.41000366210938,80.87999725341797,2999.52001953125,1.6230000257492065,4682.7998046875,16.489999771118164,0.25,278.919
2021-11-16,1183.510009765625,95.91999816894531,80.76000213623047,2997.2099609375,1.6339999437332153,4700.89990234375,16.3700008392334,0.25,278.919
2021-11-17,1184.050048828125,95.83000183105469,78.36000061035156,2962.419921875,1.6039999723434448,4688.669921875,17.110000610351562,0.25,278.919
2021-11-18,1181.22998046875,95.54000091552734,79.01000213623047,2947.3798828125,1.5889999866485596,4704.5400390625,17.59000015258789,0.25,278.919
2021-11-19,1182.9000244140625,96.06999969482422,76.0999984741211,2971.02001953125,1.5360000133514404,4697.9599609375,17.90999984741211,0.25,278.919
2021-11-22,1191.6300048828125,96.5,76.75,3013.25,1.625,4682.93994140625,19.170000076293945,0.25,278.919
2021-11-23,1189.5,96.48999786376953,78.5,2997.330078125,1.6670000553131104,4690.7001953125,19.3799991607666,0.25,278.919
2021-11-24,1189.949951171875,96.83999633789062,78.38999938964844,2994.2900390625,1.6449999809265137,4701.4599609375,18.579999923706055,0.25,278.919
2021-11-25,1187.8800048828125,,,2980.27001953125,,,,0.25,278.919
2021-11-26,1190.219970703125,96.08999633789062,68.1500015258789,2936.43994140625,1.4819999933242798,4594.6201171875,28.6200008392334,0.25,278.919
2021-11-29,1194.6099853515625,96.33999633789062,69.94999694824219,2909.320068359375,1.5299999713897705,4655.27001953125,22.959999084472656,0.25,278.919
2021-11-30,1190.739990234375,95.98999786376953,66.18000030517578,2839.010009765625,1.4429999589920044,4567.0,27.190000534057617,0.25,278.919
2021-12-01,1182.8599853515625,96.05000305175781,65.56999969482422,2899.719970703125,1.434000015258789,4513.0400390625,31.1200008392334,0.25,280.845
2021-12-02,1177.1099853515625,96.12999725341797,66.5,2945.27001953125,1.4479999542236328,4577.10009765625,27.950000762939453,0.25,280.845
2021-12-03,1176.77001953125,96.12000274658203,66.26000213623047,2968.330078125,1.343000054359436,4538.43017578125,30.670000076293945,0.25,280.845
2021-12-06,1183.1400146484375,96.29000091552734,69.48999786376953,2973.25,1.434000015258789,4591.669921875,27.18000030517578,0.25,280.845
2021-12-07,1180.56005859375,96.37000274658203,72.05000305175781,2991.719970703125,1.4800000190734863,4686.75,21.889999389648438,0.25,280.845
2021-12-08,1176.8399658203125,95.88999938964844,72.36000061035156,3001.800048828125,1.5089999437332153,4701.2099609375,19.899999618530273,0.25,280.845
2021-12-09,1172.56005859375,96.2699966430664,70.94000244140625,3029.570068359375,1.4869999885559082,4667.4501953125,21.579999923706055,0.25,280.845
2021-12-10,1177.3299560546875,96.05000305175781,71.66999816894531,3010.22998046875,1.4889999628067017,4712.02001953125,18.690000534057617,0.25,280.845
2021-12-13,1178.969970703125,96.31999969482422,71.29000091552734,3001.659912109375,1.4240000247955322,4668.97021484375,20.309999465942383,0.25,280.845
2021-12-14,1185.0999755859375,96.56999969482422,70.7300033569336,2987.949951171875,1.437999963760376,4634.08984375,21.889999389648438,0.25,280.845
2021-12-15,1184.22998046875,96.51000213623047,70.87000274658203,2989.389892578125,1.4630000591278076,4709.85009765625,19.290000915527344,0.25,280.845
2021-12-16,1184.4000244140625,96.04000091552734,72.37999725341797,3006.409912109375,1.4220000505447388,4668.669921875,20.56999969482422,0.25,280.845
2021-12-17,1186.1500244140625,96.56999969482422,70.86000061035156,3017.72998046875,1.4019999504089355,4620.64013671875,21.56999969482422,0.25,280.845
2021-12-20,1186.3900146484375,96.55000305175781,68.2300033569336,2963.0,1.4190000295639038,4568.02001953125,22.8700008392334,0.25,280.845
2021-12-21,1190.1199951171875,96.48999786376953,71.12000274658203,2975.030029296875,1.4869999885559082,4649.22998046875,21.010000228881836,0.25,280.845
2021-12-22,1191.27001953125,96.08000183105469,72.76000213623047,2984.47998046875,1.4570000171661377,4696.56005859375,18.6299991607666,0.25,280.845
2021-12-23,1187.77001953125,96.0199966430664,73.79000091552734,2998.169921875,1.4930000305175781,4725.7900390625,17.959999084472656,0.25,280.845
2021-12-24,1185.5,,,3012.429931640625,,,,0.25,280.845
2021-12-27,1185.9200439453125,96.08999633789062,75.56999969482422,2999.550048828125,1.4809999465942383,4791.18994140625,17.68000030517578,0.25,280.845
2021-12-28,1185.6500244140625,96.19999694824219,75.9800033569336,3020.239990234375,1.4809999465942383,4786.35009765625,17.540000915527344,0.25,280.845
2021-12-29,1187.8499755859375,95.93000030517578,76.55999755859375,2993.2900390625,1.5429999828338623,4793.06005859375,16.950000762939453,0.25,280.845
2021-12-30,1183.6700439453125,95.97000122070312,76.98999786376953,2977.64990234375,1.5149999856948853,4778.72998046875,17.329999923706055,0.25,280.845
2021-12-31,1189.8900146484375,95.66999816894531,75.20999908447266,,1.5119999647140503,4766.18017578125,17.219999313354492,0.25,280.845
2022-01-03,1187.780029296875,96.23999786376953,76.08000183105469,,1.628000020980835,4796.56005859375,16.600000381469727,0.25,282.543
2022-01-04,1194.6800537109375,96.29000091552734,76.98999786376953,2989.239990234375,1.6679999828338623,4793.5400390625,16.90999984741211,0.25,282.543
2022-01-05,1196.5,96.19000244140625,77.8499984741211,2953.969970703125,1.7050000429153442,4700.580078125,19.729999542236328,0.25,282.543
2022-01-06,1199.25,96.25,79.45999908447266,2920.530029296875,1.7330000400543213,4696.0498046875,19.610000610351562,0.25,282.543
2022-01-07,1205.780029296875,95.73999786376953,78.9000015258789,2954.889892578125,1.7710000276565552,4677.02978515625,18.760000228881836,0.25,282.543
2022-01-10,1196.8800048828125,95.98999786376953,78.2300033569336,2926.719970703125,1.7799999713897705,4670.2900390625,19.399999618530273,0.25,282.543
2022-01-11,1198.0899658203125,95.62000274658203,81.22000122070312,2927.3798828125,1.746000051498413,4713.06982421875,18.40999984741211,0.25,282.543
2022-01-12,1189.4300537109375,95.0,82.63999938964844,2972.47998046875,1.725000023841858,4726.35009765625,17.6200008392334,0.25,282.543
2022-01-13,1185.8800048828125,94.79000091552734,82.12000274658203,2962.090087890625,1.7109999656677246,4659.02978515625,20.309999465942383,0.25,282.543
2022-01-14,1186.6099853515625,95.16999816894531,83.81999969482422,2921.919921875,1.7719999551773071,4662.85009765625,19.190000534057617,0.25,282.543
2022-01-17,1188.9599609375,,,2890.10009765625,,,,0.25,282.543
2022-01-18,1190.06005859375,95.7300033569336,85.43000030517578,2864.239990234375,1.8650000095367432,4577.10986328125,22.790000915527344,0.25,282.543
2022-01-19,1192.97998046875,95.51000213623047,86.95999908447266,2842.280029296875,1.8270000219345093,4532.759765625,23.850000381469727,0.25,282.543
2022-01-20,1188.1600341796875,95.73999786376953,86.9000015258789,2862.679931640625,1.8329999446868896,4482.72998046875,25.59000015258789,0.25,282.543
2022-01-21,1192.4300537109375,95.63999938964844,85.13999938964844,2834.2900390625,1.746999979019165,4397.93994140625,28.850000381469727,0.25,282.543
2022-01-24,1191.5,95.91999816894531,83.30999755859375,2792.0,1.7350000143051147,4410.1298828125,29.899999618530273,0.25,282.543
2022-01-25,1195.6600341796875,95.94999694824219,85.5999984741211,2720.389892578125,1.7829999923706055,4356.4501953125,31.15999984741211,0.25,282.543
2022-01-26,1196.0999755859375,96.48999786376953,87.3499984741211,2709.239990234375,1.8480000495910645,4349.93017578125,31.959999084472656,0.25,282.543
2022-01-27,1200.6300048828125,97.26000213623047,86.61000061035156,2614.489990234375,1.8070000410079956,4326.509765625,30.489999771118164,0.25,282.543
2022-01-28,1203.4599609375,97.2699966430664,86.81999969482422,2663.340087890625,1.781999945640564,4431.85009765625,27.65999984741211,0.25,282.543
2022-01-31,1207.7099609375,96.54000091552734,88.1500015258789,,1.781999945640564,4515.5498046875,24.829999923706055,0.25,282.543
2022-02-01,1205.1199951171875,96.38999938964844,88.19999694824219,,1.7999999523162842,4546.5400390625,21.959999084472656,0.25,284.5
2022-02-02,1202.5,95.94000244140625,88.26000213623047,,1.7660000324249268,4589.3798828125,22.09000015258789,0.25,284.5
2022-02-03,1199.9599609375,95.37999725341797,90.2699966430664,2707.820068359375,1.8270000219345093,4477.43994140625,24.350000381469727,0.25,284.5
2022-02-04,1200.3299560546875,95.4800033569336,92.30999755859375,2750.260009765625,1.9299999475479126,4500.52978515625,23.219999313354492,0.25,284.5
2022-02-07,1197.0899658203125,95.4000015258789,91.31999969482422,2745.06005859375,1.9160000085830688,4483.8701171875,22.860000610351562,0.25,284.5
2022-02-08,1196.8499755859375,95.63999938964844,89.36000061035156,2746.469970703125,1.9539999961853027,4521.5400390625,21.440000534057617,0.25,284.5
2022-02-09,1196.3599853515625,95.48999786376953,89.66000366210938,2768.85009765625,1.9290000200271606,4587.18017578125,19.959999084472656,0.25,284.5
2022-02-10,1194.030029296875,95.55000305175781,89.87999725341797,2771.929931640625,2.0309998989105225,4504.080078125,23.90999984741211,0.25,284.5
2022-02-11,1199.3499755859375,96.08000183105469,93.0999984741211,2747.7099609375,1.9550000429153442,4418.64013671875,27.360000610351562,0.25,284.5
2022-02-14,1199.239990234375,96.37000274658203,95.45999908447266,2704.47998046875,1.996000051498413,4401.669921875,28.329999923706055,0.25,284.5
2022-02-15,1197.3599853515625,95.98999786376953,92.06999969482422,2676.5400390625,2.0450000762939453,4471.06982421875,25.700000762939453,0.25,284.5
2022-02-16,1196.8299560546875,95.69999694824219,93.66000366210938,2729.679931640625,2.046999931335449,4475.009765625,24.290000915527344,0.25,284.5
2022-02-17,1196.75,95.80000305175781,91.76000213623047,2744.090087890625,1.972000002861023,4380.259765625,28.110000610351562,0.25,284.5
2022-02-18,1198.6600341796875,96.04000091552734,91.06999969482422,2744.52001953125,1.9320000410079956,4348.8701171875,27.75,0.25,284.5
2022-02-21,1195.0699462890625,,,2743.800048828125,,,,0.25,284.5
2022-02-22,1194.6800537109375,96.02999877929688,92.3499984741211,2706.7900390625,1.9479999542236328,4304.759765625,28.809999465942383,0.25,284.5
2022-02-23,1192.6800537109375,96.19000244140625,92.0999984741211,2719.530029296875,1.9769999980926514,4225.5,31.020000457763672,0.25,284.5
2022-02-24,1192.4000244140625,97.13999938964844,92.80999755859375,2648.800048828125,1.968999981880188,4288.7001953125,30.31999969482422,0.25,284.5
2022-02-25,1206.0,96.62000274658203,91.58999633789062,2676.760009765625,1.9859999418258667,4384.64990234375,27.59000015258789,0.25,284.5
2022-02-28,1197.5899658203125,96.70999908447266,95.72000122070312,2699.179931640625,1.8389999866485596,4373.93994140625,30.149999618530273,0.25,284.5
2022-03-01,1200.9300537109375,97.41000366210938,103.41000366210938,,1.7070000171661377,4306.259765625,33.31999969482422,0.25,287.674
2022-03-02,1205.3699951171875,97.38999938964844,110.5999984741211,2703.52001953125,1.8650000095367432,4386.5400390625,30.739999771118164,0.25,287.674
2022-03-03,1203.1500244140625,97.79000091552734,107.66999816894531,2747.080078125,1.843999981880188,4363.490234375,30.479999542236328,0.25,287.674
2022-03-04,1205.989990234375,98.6500015258789,115.68000030517578,2713.429931640625,1.7239999771118164,4328.8701171875,31.979999542236328,0.25,287.674
2022-03-07,1216.7099609375,99.29000091552734,119.4000015258789,2651.31005859375,1.7510000467300415,4201.08984375,36.45000076293945,0.25,287.674
2022-03-08,1232.300048828125,99.05999755859375,123.69999694824219,2622.39990234375,1.871999979019165,4170.7001953125,35.130001068115234,0.25,287.674
2022-03-09,1233.1099853515625,97.97000122070312,108.69999694824219,,1.9479999542236328,4277.8798828125,32.45000076293945,0.25,287.674
2022-03-10,1223.22998046875,98.51000213623047,106.0199966430664,2680.320068359375,2.010999917984009,4259.52001953125,30.229999542236328,0.25,287.674
2022-03-11,1228.5999755859375,99.12000274658203,109.33000183105469,2661.280029296875,2.003999948501587,4204.31005859375,30.75,0.25,287.674
2022-03-14,1236.8900146484375,99.05999755859375,103.01000213623047,2645.64990234375,2.140000104904175,4173.10986328125,31.770000457763672,0.25,287.674
2022-03-15,1242.050048828125,99.06999969482422,96.44000244140625,2621.530029296875,2.1600000858306885,4262.4501953125,29.829999923706055,0.25,287.674
2022-03-16,1241.6800537109375,98.37999725341797,95.04000091552734,2659.22998046875,2.187999963760376,4357.85986328125,26.670000076293945,0.25,287.674
2022-03-17,1223.0,98.01000213623047,102.9800033569336,2694.510009765625,2.191999912261963,4411.669921875,25.670000076293945,0.25,287.674
2022-03-18,1210.3299560546875,98.2300033569336,104.69999694824219,2707.02001953125,2.1480000019073486,4463.1201171875,23.8700008392334,0.25,287.674
2022-03-21,1210.3699951171875,98.5,112.12000274658203,2686.050048828125,2.315000057220459,4461.18017578125,23.530000686645508,0.25,287.674
2022-03-22,1219.780029296875,98.48999786376953,111.76000213623047,2710.0,2.372999906539917,4511.60986328125,22.940000534057617,0.25,287.674
2022-03-23,1214.949951171875,98.62000274658203,114.93000030517578,2735.050048828125,2.321000099182129,4456.240234375,23.56999969482422,0.25,287.674
2022-03-24,1218.010009765625,98.79000091552734,112.33999633789062,2729.659912109375,2.3410000801086426,4520.16015625,21.670000076293945,0.25,287.674
2022-03-25,1217.550048828125,98.80999755859375,113.9000015258789,2729.97998046875,2.492000102996826,4543.06005859375,20.809999465942383,0.25,287.674
2022-03-28,1224.3800048828125,99.08999633789062,105.95999908447266,2729.56005859375,2.4769999980926514,4575.52001953125,19.6299991607666,0.25,287.674
2022-03-29,1223.6600341796875,98.4000015258789,104.23999786376953,2741.070068359375,2.4000000953674316,4631.60009765625,18.899999618530273,0.25,287.674
2022-03-30,1209.1300048828125,97.79000091552734,107.81999969482422,2746.739990234375,2.3580000400543213,4602.4501953125,19.329999923706055,0.25,287.674
2022-03-31,1210.43994140625,98.30999755859375,100.27999877929688,2757.64990234375,2.3269999027252197,4530.41015625,20.559999465942383,0.25,287.674
2022-04-01,1214.5,98.62999725341797,99.2699966430664,2739.85009765625,2.377000093460083,4545.85986328125,19.6299991607666,0.25,288.561
2022-04-04,1218.780029296875,98.98999786376953,103.27999877929688,2757.89990234375,2.4119999408721924,4582.64013671875,18.56999969482422,0.25,288.561
2022-04-05,1213.9000244140625,99.47000122070312,101.95999908447266,2759.199951171875,2.555999994277954,4525.1201171875,21.030000686645508,0.25,288.561
2022-04-06,1218.75,99.5999984741211,96.2300033569336,2735.030029296875,2.6089999675750732,4481.14990234375,22.100000381469727,0.25,288.561
2022-04-07,1217.5999755859375,99.75,96.02999877929688,2695.860107421875,2.6519999504089355,4500.2099609375,21.549999237060547,0.25,288.561
2022-04-08,1222.6600341796875,99.80000305175781,98.26000213623047,2700.389892578125,2.7130000591278076,4488.27978515625,21.15999984741211,0.25,288.561
2022-04-11,1228.239990234375,99.93000030517578,94.29000091552734,2693.10009765625,2.7799999713897705,4412.52978515625,24.3700008392334,0.25,288.561
2022-04-12,1235.050048828125,100.29000091552734,100.5999984741211,2666.760009765625,2.7249999046325684,4397.4501953125,24.260000228881836,0.25,288.561
2022-04-13,1228.5999755859375,99.87999725341797,104.25,2716.489990234375,2.687000036239624,4446.58984375,21.81999969482422,0.25,288.561
2022-04-14,1223.1199951171875,100.31999969482422,106.94999694824219,2716.7099609375,2.828000068664551,4392.58984375,22.700000762939453,0.25,288.561
2022-04-15,1230.0999755859375,,,2696.06005859375,,,,0.25,288.561
2022-04-18,1228.0899658203125,100.77999877929688,108.20999908447266,2693.2099609375,2.861999988555908,4391.68994140625,22.170000076293945,0.25,288.561
2022-04-19,1235.3499755859375,100.95999908447266,102.55999755859375,2718.889892578125,2.9130001068115234,4462.2099609375,21.3700008392334,0.25,288.561
2022-04-20,1239.5999755859375,100.38999938964844,102.75,2718.68994140625,2.8399999141693115,4459.4501953125,20.31999969482422,0.25,288.561
2022-04-21,1234.0899658203125,100.58000183105469,103.79000091552734,2728.2099609375,2.9170000553131104,4393.66015625,22.68000030517578,0.25,288.561
2022-04-22,1242.489990234375,101.22000122070312,102.06999969482422,2704.7099609375,2.9059998989105225,4271.77978515625,28.209999084472656,0.25,288.561
2022-04-25,1243.1600341796875,101.75,98.54000091552734,2657.1298828125,2.8259999752044678,4296.1201171875,27.020000457763672,0.25,288.561
2022-04-26,1249.2099609375,102.30000305175781,101.69999694824219,2668.31005859375,2.7720000743865967,4175.2001953125,33.52000045776367,0.25,288.561
2022-04-27,1260.7099609375,102.94999694824219,102.0199966430664,2639.06005859375,2.818000078201294,4183.9599609375,31.600000381469727,0.25,288.561
2022-04-28,1266.280029296875,103.62000274658203,105.36000061035156,2667.489990234375,2.86299991607666,4287.5,29.989999771118164,0.25,288.561
2022-04-29,1272.2900390625,102.95999908447266,104.69000244140625,2695.050048828125,2.88700008392334,4131.93017578125,33.400001525878906,0.25,288.561
2022-05-02,1262.530029296875,103.73999786376953,105.16999816894531,2687.449951171875,2.996000051498413,4155.3798828125,32.34000015258789,0.75,291.298
2022-05-03,1266.75,103.47000122070312,102.41000366210938,2680.4599609375,2.9600000381469727,4175.47998046875,29.25,0.75,291.298
2022-05-04,1261.06005859375,102.58999633789062,107.80999755859375,2677.570068359375,2.9170000553131104,4300.169921875,25.420000076293945,0.75,291.298
2022-05-05,1251.5,103.75,108.26000213623047,,3.065999984741211,4146.8701171875,31.200000762939453,0.75,291.298
2022-05-06,1268.699951171875,103.66000366210938,109.7699966430664,2644.510009765625,3.122999906539917,4123.33984375,30.190000534057617,0.75,291.298
2022-05-09,1270.1300048828125,103.6500015258789,103.08999633789062,,3.0789999961853027,3991.239990234375,34.75,0.75,291.298
2022-05-10,1274.8599853515625,103.91999816894531,99.76000213623047,2596.56005859375,2.993000030517578,4001.050048828125,32.9900016784668,0.75,291.298
2022-05-11,1276.550048828125,103.8499984741211,105.70999908447266,2592.27001953125,2.9210000038146973,3935.179931640625,32.560001373291016,0.75,291.298
2022-05-12,1278.1500244140625,104.8499984741211,106.12999725341797,2550.080078125,2.816999912261963,3930.080078125,31.770000457763672,0.75,291.298
2022-05-13,1290.75,104.55999755859375,110.48999786376953,2604.239990234375,2.934999942779541,4023.889892578125,28.8700008392334,0.75,291.298
2022-05-16,1277.5699462890625,104.19000244140625,114.19999694824219,2596.580078125,2.877000093460083,4008.010009765625,27.469999313354492,0.75,291.298
2022-05-17,1279.8499755859375,103.36000061035156,112.4000015258789,2620.43994140625,2.9679999351501465,4088.85009765625,26.100000381469727,0.75,291.298
2022-05-18,1266.6600341796875,103.80999755859375,109.58999633789062,2625.97998046875,2.885999917984009,3923.679931640625,30.959999084472656,0.75,291.298
2022-05-19,1275.5799560546875,102.72000122070312,112.20999908447266,2592.340087890625,2.8550000190734863,3900.7900390625,29.350000381469727,0.75,291.298
2022-05-20,1263.550048828125,103.1500015258789,113.2300033569336,2639.2900390625,2.7869999408721924,3901.360107421875,29.43000030517578,0.75,291.298
2022-05-23,1273.2099609375,102.08000183105469,110.29000091552734,2647.3798828125,2.8589999675750732,3973.75,28.479999542236328,0.75,291.298
2022-05-24,1258.8199462890625,101.86000061035156,109.7699966430664,2605.8701171875,2.759999990463257,3941.47998046875,29.450000762939453,0.75,291.298
2022-05-25,1260.989990234375,102.05999755859375,110.33000183105469,2617.219970703125,2.749000072479248,3978.72998046875,28.3700008392334,0.75,291.298
2022-05-26,1266.5999755859375,101.83000183105469,114.08999633789062,2612.449951171875,2.75600004196167,4057.840087890625,27.5,0.75,291.298
2022-05-27,1258.8900146484375,101.66999816894531,115.06999969482422,2638.050048828125,2.743000030517578,4158.240234375,25.719999313354492,0.75,291.298
2022-05-30,1251.5899658203125,,,2669.659912109375,,,,0.75,291.298
2022-05-31,1236.1700439453125,101.75,114.66999816894531,2685.89990234375,2.8440001010894775,4132.14990234375,26.190000534057617,0.75,291.298
2022-06-01,1241.739990234375,102.55000305175781,115.26000213623047,,2.930999994277954,4101.22998046875,25.690000534057617,0.75,294.957
2022-06-02,1246.949951171875,101.7699966430664,116.87000274658203,2658.989990234375,2.9130001068115234,4176.81982421875,24.719999313354492,0.75,294.957
2022-06-03,1240.8399658203125,102.13999938964844,118.87000274658203,2670.64990234375,2.9570000171661377,4108.5400390625,24.790000915527344,0.75,294.957
2022-06-06,1250.530029296875,102.44000244140625,118.5,,3.0380001068115234,4121.43017578125,25.06999969482422,0.75,294.957
2022-06-07,1254.47998046875,102.31999969482422,119.41000366210938,2626.340087890625,2.9719998836517334,4160.68017578125,24.020000457763672,0.75,294.957
2022-06-08,1254.5799560546875,102.54000091552734,122.11000061035156,2626.14990234375,3.0290000438690186,4115.77001953125,23.959999084472656,0.75,294.957
2022-06-09,1256.739990234375,103.22000122070312,121.51000213623047,2625.43994140625,3.0439999103546143,4017.820068359375,26.09000015258789,0.75,294.957
2022-06-10,1264.02001953125,104.1500015258789,120.66999816894531,2595.8701171875,3.1559998989105225,3900.860107421875,27.75,0.75,294.957
2022-06-13,1278.280029296875,105.08000183105469,120.93000030517578,2504.510009765625,3.365999937057495,3749.6298828125,34.02000045776367,0.75,294.957
2022-06-14,1291.800048828125,105.5199966430664,118.93000030517578,2492.969970703125,3.4830000400543213,3735.47998046875,32.689998626708984,0.75,294.957
2022-06-15,1289.47998046875,105.16000366210938,115.30999755859375,2447.3798828125,3.3949999809265137,3789.989990234375,29.6200008392334,0.75,294.957
2022-06-16,1278.1600341796875,103.62999725341797,117.58999633789062,2451.409912109375,3.306999921798706,3666.77001953125,32.95000076293945,0.75,294.957
2022-06-17,1288.1800537109375,104.69999694824219,109.55999755859375,2440.929931640625,3.239000082015991,3674.840087890625,31.1299991607666,0.75,294.957
2022-06-20,1290.5,,,2391.030029296875,,,,0.75,294.957
2022-06-21,1292.3800048828125,104.44000244140625,110.6500015258789,2408.929931640625,3.306999921798706,3764.7900390625,30.190000534057617,0.75,294.957
2022-06-22,1291.5999755859375,104.19999694824219,106.19000244140625,2342.81005859375,3.1559998989105225,3759.889892578125,28.950000762939453,0.75,294.957
2022-06-23,1297.6800537109375,104.43000030517578,104.2699966430664,2314.320068359375,3.068000078201294,3795.72998046875,29.049999237060547,0.75,294.957
2022-06-24,1299.81005859375,104.19000244140625,107.62000274658203,2366.60009765625,3.125,3911.739990234375,27.229999542236328,0.75,294.957
2022-06-27,1288.2900390625,103.94000244140625,109.56999969482422,2401.919921875,3.194000005722046,3900.110107421875,26.950000762939453,0.75,294.957
2022-06-28,1286.199951171875,104.51000213623047,111.76000213623047,2422.090087890625,3.2060000896453857,3821.550048828125,28.360000610351562,0.75,294.957
2022-06-29,1292.030029296875,105.11000061035156,109.77999877929688,2377.989990234375,3.0929999351501465,3818.830078125,28.15999984741211,0.75,294.957
2022-06-30,1301.72998046875,104.69000244140625,105.76000213623047,2332.639892578125,2.9719998836517334,3785.3798828125,28.709999084472656,0.75,294.957
2022-07-01,1287.7099609375,105.13999938964844,108.43000030517578,2305.419921875,2.8889999389648438,3825.330078125,26.700000762939453,1.0,294.913
2022-07-04,1297.8900146484375,,,2300.340087890625,,,,1.0,294.913
2022-07-05,1295.6800537109375,106.5,99.5,2341.780029296875,2.809000015258789,3831.389892578125,27.540000915527344,1.0,294.913
2022-07-06,1308.6600341796875,107.0999984741211,98.52999877929688,2292.010009765625,2.9130001068115234,3845.080078125,26.729999542236328,1.0,294.913
2022-07-07,1304.8499755859375,107.12999725341797,102.7300033569336,2334.27001953125,3.007999897003174,3902.6201171875,26.079999923706055,1.0,294.913
2022-07-08,1297.6500244140625,107.01000213623047,104.79000091552734,2350.610107421875,3.1010000705718994,3899.3798828125,24.639999389648438,1.0,294.913
2022-07-11,1293.7900390625,108.0199966430664,104.08999633789062,2340.27001953125,2.990999937057495,3854.429931640625,26.170000076293945,1.0,294.913
2022-07-12,1310.8599853515625,108.06999969482422,95.83999633789062,2317.760009765625,2.9579999446868896,3818.800048828125,27.290000915527344,1.0,294.913
2022-07-13,1305.8299560546875,107.95999908447266,96.30000305175781,2328.610107421875,2.9040000438690186,3801.780029296875,26.81999969482422,1.0,294.913
2022-07-14,1304.8499755859375,108.54000091552734,95.77999877929688,2322.320068359375,2.9600000381469727,3790.3798828125,26.399999618530273,1.0,294.913
2022-07-15,1316.1800537109375,108.05999755859375,97.58999633789062,2330.97998046875,2.930000066757202,3863.159912109375,24.229999542236328,1.0,294.913
2022-07-18,1318.1199951171875,107.37000274658203,102.5999984741211,2375.25,2.9600000381469727,3830.85009765625,25.299999237060547,1.0,294.913
2022-07-19,1318.9100341796875,106.68000030517578,104.22000122070312,2370.969970703125,3.0190000534057617,3936.68994140625,24.5,1.0,294.913
2022-07-20,1305.5,107.08000183105469,102.26000213623047,2386.85009765625,3.0360000133514404,3959.89990234375,23.8799991607666,1.0,294.913
2022-07-21,1312.8699951171875,106.91000366210938,96.3499984741211,2409.159912109375,2.9100000858306885,3998.949951171875,23.110000610351562,1.0,294.913
2022-07-22,1306.8499755859375,106.7300033569336,94.69999694824219,2393.139892578125,2.7829999923706055,3961.6298828125,23.030000686645508,1.0,294.913
2022-07-25,1309.3199462890625,106.4800033569336,96.69999694824219,2403.68994140625,2.819999933242798,3966.840087890625,23.360000610351562,1.0,294.913
2022-07-26,1310.4000244140625,107.19000244140625,94.9800033569336,2412.9599609375,2.7869999408721924,3921.050048828125,24.690000534057617,1.0,294.913
2022-07-27,1310.9000244140625,106.44999694824219,97.26000213623047,2415.530029296875,2.7339999675750732,4023.610107421875,23.239999771118164,1.0,294.913
2022-07-28,1305.949951171875,106.3499984741211,96.41999816894531,2435.27001953125,2.680999994277954,4072.429931640625,22.329999923706055,1.0,294.913
2022-07-29,1295.1500244140625,105.9000015258789,98.62000274658203,2451.5,2.6419999599456787,4130.2900390625,21.329999923706055,1.0,294.913
2022-08-01,1302.280029296875,105.44999694824219,93.88999938964844,2452.25,2.6059999465942383,4118.6298828125,22.84000015258789,1.25,295.097
2022-08-02,1306.75,106.23999786376953,94.41999816894531,2439.6201171875,2.740999937057495,4091.18994140625,23.93000030517578,1.25,295.097
2022-08-03,1314.6300048828125,106.51000213623047,90.66000366210938,2461.449951171875,2.747999906539917,4155.169921875,21.950000762939453,1.25,295.097
2022-08-04,1307.3800048828125,105.69000244140625,88.54000091552734,2473.110107421875,2.6760001182556152,4151.93994140625,21.440000534057617,1.25,295.097
2022-08-05,1302.0799560546875,106.62000274658203,89.01000213623047,2490.800048828125,2.8399999141693115,4145.18994140625,21.149999618530273,1.25,295.097
2022-08-08,1302.739990234375,106.44000244140625,90.76000213623047,2493.10009765625,2.765000104904175,4140.06005859375,21.290000915527344,1.25,295.097
2022-08-09,1299.030029296875,106.37000274658203,90.5,2503.4599609375,2.796999931335449,4122.47021484375,21.770000457763672,1.25,295.097
2022-08-10,1307.56005859375,105.19999694824219,91.93000030517578,2480.8798828125,2.7860000133514404,4210.240234375,19.739999771118164,1.25,295.097
2022-08-11,1296.699951171875,105.08999633789062,94.33999633789062,2523.780029296875,2.888000011444092,4207.27001953125,20.200000762939453,1.25,295.097
2022-08-12,1306.8299560546875,105.62999725341797,92.08999633789062,2527.93994140625,2.8489999771118164,4280.14990234375,19.530000686645508,1.25,295.097
2022-08-15,1301.3800048828125,106.55000305175781,89.41000366210938,,2.7909998893737793,4297.14013671875,19.950000762939453,1.25,295.097
2022-08-16,1313.1800537109375,106.5,86.52999877929688,2533.52001953125,2.8239998817443848,4305.2001953125,19.690000534057617,1.25,295.097
2022-08-17,1311.0,106.56999969482422,88.11000061035156,2516.469970703125,2.8929998874664307,4274.0400390625,19.899999618530273,1.25,295.097
2022-08-18,1314.8299560546875,107.4800033569336,90.5,2508.050048828125,2.880000114440918,4283.740234375,19.559999465942383,1.25,295.097
2022-08-19,1326.9100341796875,108.16999816894531,90.7699966430664,2492.68994140625,2.989000082015991,4228.47998046875,20.600000381469727,1.25,295.097
2022-08-22,1334.8599853515625,109.05000305175781,90.2300033569336,2462.5,3.0369999408721924,4137.990234375,23.799999237060547,1.25,295.097
2022-08-23,1343.3599853515625,108.62000274658203,93.73999786376953,2435.340087890625,3.053999900817871,4128.72998046875,24.110000610351562,1.25,295.097
2022-08-24,1339.0799560546875,108.68000030517578,94.88999938964844,2447.449951171875,3.1059999465942383,4140.77001953125,22.81999969482422,1.25,295.097
2022-08-25,1340.0,108.47000122070312,92.5199966430664,2477.260009765625,3.0260000228881836,4199.1201171875,21.780000686645508,1.25,295.097
2022-08-26,1334.43994140625,108.80000305175781,93.05999755859375,2481.030029296875,3.0350000858306885,4057.659912109375,25.559999465942383,1.25,295.097
2022-08-29,1341.1800537109375,108.83999633789062,97.01000213623047,2426.889892578125,3.109999895095825,4030.610107421875,26.209999084472656,1.25,295.097
2022-08-30,1345.72998046875,108.7699966430664,91.63999938964844,2450.929931640625,3.109999895095825,3986.159912109375,26.209999084472656,1.25,295.097
2022-08-31,1350.18994140625,108.69999694824219,89.55000305175781,2472.050048828125,3.132999897003174,3955.0,25.8700008392334,1.25,295.097
2022-09-01,1342.260009765625,109.69000244140625,86.61000061035156,2415.610107421875,3.265000104904175,3966.85009765625,25.559999465942383,1.25,296.349
2022-09-02,1355.0999755859375,109.52999877929688,86.87000274658203,2409.409912109375,3.193000078201294,3924.260009765625,25.469999313354492,1.25,296.349
2022-09-05,1361.510009765625,,,2403.679931640625,,,,1.25,296.349
2022-09-06,1361.81005859375,110.20999908447266,86.87999725341797,2410.02001953125,3.3399999141693115,3908.18994140625,26.90999984741211,1.25,296.349
2022-09-07,1378.1099853515625,109.83999633789062,81.94000244140625,2376.4599609375,3.265000104904175,3979.8701171875,24.639999389648438,1.25,296.349
2022-09-08,1374.31005859375,109.70999908447266,83.54000091552734,2384.280029296875,3.2920000553131104,4006.179931640625,23.610000610351562,1.25,296.349
2022-09-09,1383.0,109.0,86.79000091552734,,3.321000099182129,4067.360107421875,22.790000915527344,1.25,296.349
2022-09-12,1379.06005859375,108.33000183105469,87.77999877929688,,3.361999988555908,4110.41015625,23.8700008392334,1.25,296.349
2022-09-13,1375.81005859375,109.81999969482422,87.30999755859375,2449.5400390625,3.421999931335449,3932.68994140625,27.270000457763672,1.25,296.349
2022-09-14,1393.469970703125,109.66000366210938,88.4800033569336,2411.419921875,3.4119999408721924,3946.010009765625,26.15999984741211,1.25,296.349
2022-09-15,1391.1800537109375,109.73999786376953,85.0999984741211,2401.830078125,3.4590001106262207,3901.35009765625,26.270000457763672,1.25,296.349
2022-09-16,1398.6300048828125,109.76000213623047,85.11000061035156,2382.780029296875,3.447999954223633,3873.330078125,26.299999237060547,1.25,296.349
2022-09-19,1385.22998046875,109.73999786376953,85.7300033569336,2355.659912109375,3.490000009536743,3899.889892578125,25.760000228881836,1.25,296.349
2022-09-20,1390.1099853515625,110.22000122070312,84.44999694824219,2367.85009765625,3.571000099182129,3855.929931640625,27.15999984741211,1.25,296.349
2022-09-21,1392.510009765625,110.63999938964844,82.94000244140625,2347.2099609375,3.509999990463257,3789.929931640625,27.989999771118164,1.25,296.349
2022-09-22,1397.56005859375,111.3499984741211,83.48999786376953,2332.31005859375,3.7079999446868896,3757.989990234375,27.350000381469727,1.25,296.349
2022-09-23,1403.6600341796875,113.19000244140625,78.73999786376953,2290.0,3.697000026702881,3693.22998046875,29.920000076293945,1.25,296.349
2022-09-26,1421.81005859375,114.0999984741211,76.70999908447266,2220.93994140625,3.878000020980835,3655.0400390625,32.2599983215332,1.25,296.349
2022-09-27,1429.77001953125,114.11000061035156,78.5,2223.860107421875,3.9639999866485596,3647.2900390625,32.599998474121094,1.25,296.349
2022-09-28,1426.260009765625,112.5999984741211,82.1500015258789,2169.2900390625,3.7049999237060547,3719.0400390625,30.18000030517578,1.25,296.349
2022-09-29,1421.949951171875,112.25,81.2300033569336,2170.929931640625,3.746999979019165,3640.469970703125,31.84000015258789,1.25,296.349
2022-09-30,1430.1700439453125,112.12000274658203,79.48999786376953,2155.489990234375,3.803999900817871,3585.6201171875,31.6200008392334,1.25,296.349
2022-10-03,1439.22998046875,111.75,83.62999725341797,,3.6510000228881836,3678.429931640625,30.100000381469727,1.5,298.007
2022-10-04,1433.3399658203125,110.06999969482422,86.5199966430664,2209.3798828125,3.617000102996826,3790.929931640625,29.06999969482422,1.5,298.007
2022-10-05,1416.530029296875,111.06999969482422,87.76000213623047,2215.219970703125,3.759000062942505,3783.280029296875,28.549999237060547,1.5,298.007
2022-10-06,1416.760009765625,112.26000213623047,88.44999694824219,2237.860107421875,3.8259999752044678,3744.52001953125,30.520000457763672,1.5,298.007
2022-10-07,1408.449951171875,112.80000305175781,92.63999938964844,2232.840087890625,3.882999897003174,3639.659912109375,31.360000610351562,1.5,298.007
2022-10-10,1415.97998046875,113.13999938964844,91.12999725341797,,3.888000011444092,3612.389892578125,32.45000076293945,1.5,298.007
2022-10-11,1428.3499755859375,113.22000122070312,89.3499984741211,2192.070068359375,3.938999891281128,3588.840087890625,33.630001068115234,1.5,298.007
2022-10-12,1430.800048828125,113.31999969482422,87.2699966430664,2202.469970703125,3.9019999504089355,3577.030029296875,33.56999969482422,1.5,298.007
2022-10-13,1423.9000244140625,112.36000061035156,89.11000061035156,2162.8701171875,3.9519999027252197,3669.909912109375,31.940000534057617,1.5,298.007
2022-10-14,1430.300048828125,113.30999755859375,85.61000061035156,2212.550048828125,4.010000228881836,3583.070068359375,32.02000045776367,1.5,298.007
2022-10-17,1440.760009765625,112.04000091552734,85.45999908447266,2219.7099609375,4.014999866485596,3677.949951171875,31.3700008392334,1.5,298.007
2022-10-18,1430.1500244140625,112.12999725341797,82.81999969482422,2249.949951171875,3.997999906539917,3719.97998046875,30.5,1.5,298.007
2022-10-19,1425.02001953125,112.9800033569336,85.55000305175781,2237.43994140625,4.126999855041504,3695.159912109375,30.760000228881836,1.5,298.007
2022-10-20,1435.010009765625,112.87999725341797,85.9800033569336,2218.090087890625,4.22599983215332,3665.780029296875,29.979999542236328,1.5,298.007
2022-10-21,1430.31005859375,112.01000213623047,85.05000305175781,2213.1201171875,4.2129998207092285,3752.75,29.690000534057617,1.5,298.007
2022-10-24,1428.1099853515625,111.98999786376953,84.58000183105469,2236.159912109375,4.234000205993652,3797.340087890625,29.850000381469727,1.5,298.007
2022-10-25,1443.9599609375,110.94999694824219,85.31999969482422,2235.070068359375,4.107999801635742,3859.110107421875,28.459999084472656,1.5,298.007
2022-10-26,1426.9300537109375,109.69999694824219,87.91000366210938,2249.56005859375,4.014999866485596,3830.60009765625,27.280000686645508,1.5,298.007
2022-10-27,1412.68994140625,110.58999633789062,89.08000183105469,2288.780029296875,3.937000036239624,3807.300048828125,27.389999389648438,1.5,298.007
2022-10-28,1420.6500244140625,110.66999816894531,87.9000015258789,2268.39990234375,4.010000228881836,3901.06005859375,25.75,1.5,298.007
2022-10-31,1421.6500244140625,111.52999877929688,86.52999877929688,2293.610107421875,4.077000141143799,3871.97998046875,25.8799991607666,1.5,298.007
2022-11-01,1424.6700439453125,111.4800033569336,88.37000274658203,2335.219970703125,4.052000045776367,3856.10009765625,25.809999465942383,1.75,298.786
2022-11-02,1416.5999755859375,111.3499984741211,90.0,2336.8701171875,4.059000015258789,3759.68994140625,25.860000610351562,1.75,298.786
2022-11-03,1423.0999755859375,112.93000030517578,88.16999816894531,2329.169921875,4.124000072479248,3719.889892578125,25.299999237060547,1.75,298.786
2022-11-04,1423.6500244140625,110.87999725341797,92.61000061035156,2348.429931640625,4.156000137329102,3770.550048828125,24.549999237060547,1.75,298.786
2022-11-07,1402.1099853515625,110.12000274658203,91.79000091552734,2371.7900390625,4.214000225067139,3806.800048828125,24.350000381469727,1.75,298.786
2022-11-08,1392.699951171875,109.62000274658203,88.91000366210938,2399.0400390625,4.125999927520752,3828.110107421875,25.540000915527344,1.75,298.786
2022-11-09,1374.1500244140625,110.55000305175781,85.83000183105469,2424.409912109375,4.151000022888184,3748.570068359375,26.09000015258789,1.75,298.786
2022-11-10,1370.550048828125,108.20999908447266,86.47000122070312,2402.22998046875,3.8289999961853027,3956.3701171875,23.530000686645508,1.75,298.786
2022-11-11,1349.3699951171875,106.29000091552734,88.95999908447266,2483.159912109375,3.812999963760376,3992.929931640625,22.520000457763672,1.75,298.786
2022-11-14,1313.030029296875,106.66000366210938,85.87000274658203,2474.64990234375,3.865000009536743,3957.25,23.729999542236328,1.75,298.786
2022-11-15,1324.0799560546875,106.4000015258789,86.91999816894531,2480.330078125,3.7990000247955322,3991.72998046875,24.540000915527344,1.75,298.786
2022-11-16,1316.260009765625,106.27999877929688,85.58999633789062,2477.449951171875,3.691999912261963,3958.7900390625,24.110000610351562,1.75,298.786
2022-11-17,1336.4300537109375,106.69000244140625,81.63999938964844,2442.89990234375,3.7750000953674316,3946.56005859375,23.93000030517578,1.75,298.786
2022-11-18,1342.75,106.93000030517578,80.08000183105469,2444.47998046875,3.818000078201294,3965.340087890625,23.1200008392334,1.75,298.786
2022-11-21,1339.030029296875,107.83999633789062,79.7300033569336,2419.5,3.825000047683716,3949.93994140625,22.360000610351562,1.75,298.786
2022-11-22,1359.75,107.22000122070312,80.94999694824219,2405.27001953125,3.757999897003174,4003.580078125,21.290000915527344,1.75,298.786
2022-11-23,1352.68994140625,106.08000183105469,77.94000244140625,2418.010009765625,3.7060000896453857,4027.260009765625,20.350000381469727,1.75,298.786
2022-11-24,1336.81005859375,,,2441.330078125,,,,1.75,298.786
2022-11-25,1317.8900146484375,105.95999908447266,76.27999877929688,2437.860107421875,3.690999984741211,4026.1201171875,20.5,1.75,298.786
2022-11-28,1334.56005859375,106.68000030517578,77.23999786376953,2408.27001953125,3.703000068664551,3963.93994140625,22.209999084472656,1.75,298.786
2022-11-29,1340.1199951171875,106.81999969482422,78.19999694824219,2433.389892578125,3.747999906539917,3957.6298828125,21.889999389648438,1.75,298.786
2022-11-30,1325.3699951171875,105.94999694824219,80.55000305175781,2472.530029296875,3.703000068664551,4080.110107421875,20.579999923706055,1.75,298.786
2022-12-01,1279.800048828125,104.7300033569336,81.22000122070312,2479.840087890625,3.5290000438690186,4076.570068359375,19.84000015258789,1.75,298.832
2022-12-02,1303.25,104.55000305175781,79.9800033569336,2434.330078125,3.50600004196167,4071.699951171875,19.059999465942383,1.75,298.832
2022-12-05,1299.1700439453125,105.29000091552734,76.93000030517578,2419.320068359375,3.5989999771118164,3998.840087890625,20.75,1.75,298.832
2022-12-06,1304.3699951171875,105.58000183105469,74.25,2393.159912109375,3.513000011444092,3941.260009765625,22.170000076293945,1.75,298.832
2022-12-07,1319.7099609375,105.0999984741211,72.01000213623047,2382.81005859375,3.4079999923706055,3933.919921875,22.68000030517578,1.75,298.832
2022-12-08,1314.0999755859375,104.7699966430664,71.45999908447266,2371.080078125,3.490999937057495,3963.510009765625,22.290000915527344,1.75,298.832
2022-12-09,1316.6300048828125,104.80999755859375,71.0199966430664,2389.0400390625,3.566999912261963,3934.3798828125,22.829999923706055,1.75,298.832
2022-12-12,1303.1700439453125,105.12999725341797,73.16999816894531,2373.02001953125,3.6110000610351562,3990.56005859375,25.0,1.75,298.832
2022-12-13,1305.9200439453125,103.9800033569336,75.38999938964844,2372.39990234375,3.500999927520752,4019.64990234375,22.549999237060547,1.75,298.832
2022-12-14,1288.97998046875,103.7699966430664,77.27999877929688,2399.25,3.503000020980835,3995.320068359375,21.139999389648438,1.75,298.832
2022-12-15,1295.6800537109375,104.55999755859375,76.11000061035156,2360.969970703125,3.450000047683716,3895.75,22.829999923706055,1.75,298.832
2022-12-16,1317.0999755859375,104.69999694824219,74.29000091552734,2360.02001953125,3.4820001125335693,3852.360107421875,22.6200008392334,1.75,298.832
2022-12-19,1308.8599853515625,104.72000122070312,75.19000244140625,2352.169921875,3.5810000896453857,3817.659912109375,22.420000076293945,1.75,298.832
2022-12-20,1301.3299560546875,103.97000122070312,76.08999633789062,2333.2900390625,3.684000015258789,3821.6201171875,21.479999542236328,1.75,298.832
2022-12-21,1283.6400146484375,104.16000366210938,78.29000091552734,2328.949951171875,3.684000015258789,3878.43994140625,20.06999969482422,1.75,298.832
2022-12-22,1280.77001953125,104.43000030517578,77.48999786376953,2356.72998046875,3.6689999103546143,3822.389892578125,21.969999313354492,1.75,298.832
2022-12-23,1290.199951171875,104.30999755859375,79.55999755859375,2313.68994140625,3.750999927520752,3844.820068359375,20.8700008392334,1.75,298.832
2022-12-26,1279.239990234375,,,2317.139892578125,,,,1.75,298.832
2022-12-27,1275.1300048828125,104.18000030517578,79.52999877929688,2332.7900390625,3.859999895095825,3829.25,21.649999618530273,1.75,298.832
2022-12-28,1272.280029296875,104.45999908447266,78.95999908447266,2280.449951171875,3.88700008392334,3783.219970703125,22.139999389648438,1.75,298.832
2022-12-29,1274.3199462890625,103.83999633789062,78.4000015258789,2236.39990234375,3.8350000381469727,3849.280029296875,21.440000534057617,1.75,298.832
2022-12-30,1260.260009765625,103.5199966430664,80.26000213623047,,3.878999948501587,3839.5,21.670000076293945,1.75,298.832
2023-01-02,1260.9100341796875,,,2225.669921875,,,,2.0,300.42
2023-01-03,1270.0999755859375,104.5199966430664,76.93000030517578,2218.679931640625,3.7929999828338623,3824.139892578125,22.899999618530273,2.0,300.42
2023-01-04,1279.0799560546875,104.25,72.83999633789062,2255.97998046875,3.7090001106262207,3852.969970703125,22.010000228881836,2.0,300.42
2023-01-05,1271.0799560546875,105.04000091552734,73.66999816894531,2264.64990234375,3.7200000286102295,3808.10009765625,22.459999084472656,2.0,300.42
2023-01-06,1274.1800537109375,103.87999725341797,73.7699966430664,2289.969970703125,3.569000005722046,3895.080078125,21.1299991607666,2.0,300.42
2023-01-09,1252.8800048828125,103.0,74.62999725341797,2350.18994140625,3.5169999599456787,3892.090087890625,21.969999313354492,2.0,300.42
2023-01-10,1239.280029296875,103.23999786376953,75.12000274658203,2351.31005859375,3.621000051498413,3919.25,20.579999923706055,2.0,300.42
2023-01-11,1240.1600341796875,103.19000244140625,77.41000366210938,2359.530029296875,3.553999900817871,3969.610107421875,21.09000015258789,2.0,300.42
2023-01-12,1241.5999755859375,102.25,78.38999938964844,2365.10009765625,3.4489998817443848,3983.169921875,18.829999923706055,2.0,300.42
2023-01-13,1239.1300048828125,102.19999694824219,79.86000061035156,2386.090087890625,3.510999917984009,3999.090087890625,18.350000381469727,2.0,300.42
2023-01-16,1236.5899658203125,,,2399.860107421875,,,,2.0,300.42
2023-01-17,1240.7099609375,102.38999938964844,80.18000030517578,2379.389892578125,3.5350000858306885,3990.969970703125,19.360000610351562,2.0,300.42
2023-01-18,1237.0,102.36000061035156,79.4800033569336,2368.320068359375,3.375,3928.860107421875,20.34000015258789,2.0,300.42
2023-01-19,1237.8800048828125,102.05999755859375,80.33000183105469,2380.340087890625,3.3970000743865967,3898.85009765625,20.520000457763672,2.0,300.42
2023-01-20,1232.1800537109375,102.01000213623047,81.30999755859375,2395.260009765625,3.4839999675750732,3972.610107421875,19.850000381469727,2.0,300.42
2023-01-23,1230.030029296875,102.13999938964844,81.62000274658203,,3.5250000953674316,4019.81005859375,19.809999465942383,2.0,300.42
2023-01-24,1229.280029296875,101.91999816894531,80.12999725341797,,3.4690001010894775,4016.949951171875,19.200000762939453,2.0,300.42
2023-01-25,1232.6600341796875,101.63999938964844,80.1500015258789,2428.570068359375,3.4619998931884766,4016.219970703125,19.079999923706055,2.0,300.42
2023-01-26,1232.5899658203125,101.83999633789062,81.01000213623047,2468.64990234375,3.493000030517578,4060.429931640625,18.729999542236328,2.0,300.42
2023-01-27,1231.8499755859375,101.93000030517578,79.68000030517578,2484.02001953125,3.5179998874664307,4070.56005859375,18.510000228881836,2.0,300.42
2023-01-30,1228.949951171875,102.27999877929688,77.9000015258789,2450.469970703125,3.5510001182556152,4017.77001953125,19.940000534057617,2.0,300.42
2023-01-31,1231.5,102.0999984741211,78.87000274658203,2425.080078125,3.5290000438690186,4076.60009765625,19.399999618530273,2.0,300.42
2023-02-01,1232.1500244140625,101.22000122070312,76.41000366210938,2449.800048828125,3.3970000743865967,4119.2099609375,17.8700008392334,2.0,301.45
2023-02-02,1221.949951171875,101.75,75.87999725341797,2468.8798828125,3.3959999084472656,4179.759765625,18.729999542236328,2.0,301.45
2023-02-03,1224.9000244140625,102.91999816894531,73.38999938964844,2480.39990234375,3.5320000648498535,4136.47998046875,18.329999923706055,2.0,301.45
2023-02-06,1246.75,103.62000274658203,74.11000061035156,2438.18994140625,3.634000062942505,4111.080078125,19.43000030517578,2.0,301.45
2023-02-07,1261.22998046875,103.43000030517578,77.13999938964844,2451.7099609375,3.6740000247955322,4164.0,18.65999984741211,2.0,301.45
2023-02-08,1255.3499755859375,103.41000366210938,78.47000122070312,2483.639892578125,3.6530001163482666,4117.85986328125,19.6299991607666,2.0,301.45
2023-02-09,1260.469970703125,103.22000122070312,78.05999755859375,2481.52001953125,3.683000087738037,4081.5,20.709999084472656,2.0,301.45
2023-02-10,1264.550048828125,103.62999725341797,79.72000122070312,2469.72998046875,3.74399995803833,4090.4599609375,20.530000686645508,2.0,301.45
2023-02-13,1266.8699951171875,103.3499984741211,80.13999938964844,2452.699951171875,3.7170000076293945,4137.2900390625,20.34000015258789,2.0,301.45
2023-02-14,1272.93994140625,103.2300033569336,79.05999755859375,2465.639892578125,3.760999917984009,4136.1298828125,18.90999984741211,2.0,301.45
2023-02-15,1272.25,103.91999816894531,78.58999633789062,2427.89990234375,3.809000015258789,4147.60009765625,18.229999542236328,2.0,301.45
2023-02-16,1283.719970703125,103.86000061035156,78.48999786376953,2475.47998046875,3.8429999351501465,4090.409912109375,20.170000076293945,2.0,301.45
2023-02-17,1288.9599609375,103.86000061035156,76.33999633789062,2451.2099609375,3.828000068664551,4079.090087890625,20.020000457763672,2.0,301.45
2023-02-20,1293.9200439453125,,,2455.1201171875,,,,2.0,301.45
2023-02-21,1296.1099853515625,104.18000030517578,76.16000366210938,2458.9599609375,3.9549999237060547,3997.340087890625,22.8700008392334,2.0,301.45
2023-02-22,1305.8299560546875,104.58999633789062,73.94999694824219,2417.679931640625,3.9230000972747803,3991.050048828125,22.290000915527344,2.0,301.45
2023-02-23,1302.8299560546875,104.5999984741211,75.38999938964844,2439.090087890625,3.878999948501587,4012.320068359375,21.139999389648438,2.0,301.45
2023-02-24,1298.0799560546875,105.20999908447266,76.31999969482422,2423.610107421875,3.9489998817443848,3970.0400390625,21.670000076293945,2.0,301.45
2023-02-27,1313.699951171875,104.66999816894531,75.68000030517578,2402.639892578125,3.921999931335449,3982.239990234375,20.950000762939453,2.0,301.45
2023-02-28,1318.3499755859375,104.87000274658203,77.05000305175781,2412.85009765625,3.9159998893737793,3970.14990234375,20.700000762939453,2.0,301.45
2023-03-01,1321.5999755859375,104.4800033569336,77.69000244140625,,3.99399995803833,3951.389892578125,20.579999923706055,2.0,301.821
2023-03-02,1305.72998046875,105.02999877929688,78.16000366210938,2427.85009765625,4.072999954223633,3981.35009765625,19.59000015258789,2.0,301.821
2023-03-03,1311.06005859375,104.5199966430664,79.68000030517578,2432.070068359375,3.9639999866485596,4045.639892578125,18.489999771118164,2.0,301.821
2023-03-06,1294.780029296875,104.3499984741211,80.45999908447266,2462.6201171875,3.9830000400543213,4048.419921875,18.610000610351562,2.0,301.821
2023-03-07,1299.0,105.62000274658203,77.58000183105469,2463.35009765625,3.9749999046325684,3986.3701171875,19.59000015258789,2.0,301.821
2023-03-08,1317.9000244140625,105.66000366210938,76.66000366210938,2431.909912109375,3.9760000705718994,3992.010009765625,19.110000610351562,2.0,301.821
2023-03-09,1316.449951171875,105.30999755859375,75.72000122070312,2419.090087890625,3.924999952316284,3918.320068359375,22.610000610351562,2.0,301.821
2023-03-10,1325.550048828125,104.58000183105469,76.68000030517578,2394.590087890625,3.694999933242798,3861.590087890625,24.799999237060547,2.0,301.821
2023-03-13,1319.5400390625,103.5999984741211,74.80000305175781,2410.60009765625,3.515000104904175,3855.760009765625,26.520000457763672,2.0,301.821
2023-03-14,1296.3800048828125,103.5999984741211,71.33000183105469,2348.969970703125,3.638000011444092,3919.2900390625,23.729999542236328,2.0,301.821
2023-03-15,1304.5799560546875,104.6500015258789,67.61000061035156,2379.719970703125,3.492000102996826,3891.929931640625,26.139999389648438,2.0,301.821
2023-03-16,1311.739990234375,104.41999816894531,68.3499984741211,2377.909912109375,3.5850000381469727,3960.280029296875,22.989999771118164,2.0,301.821
2023-03-17,1301.6199951171875,103.70999908447266,66.73999786376953,2395.68994140625,3.3949999809265137,3916.639892578125,25.510000228881836,2.0,301.821
2023-03-20,1307.6500244140625,103.27999877929688,67.63999938964844,2379.199951171875,3.4809999465942383,3951.570068359375,24.149999618530273,2.0,301.821
2023-03-21,1304.93994140625,103.26000213623047,69.33000183105469,2388.35009765625,3.6059999465942383,4002.8701171875,21.3799991607666,2.0,301.821
2023-03-22,1303.43994140625,102.3499984741211,70.9000015258789,2416.9599609375,3.5,3936.969970703125,22.260000228881836,2.0,301.821
2023-03-23,1298.25,102.52999877929688,69.95999908447266,2424.47998046875,3.4059998989105225,3948.719970703125,22.610000610351562,2.0,301.821
2023-03-24,1286.2900390625,103.12000274658203,69.26000213623047,2414.9599609375,3.380000114440918,3970.989990234375,21.739999771118164,2.0,301.821
2023-03-27,1294.8299560546875,102.86000061035156,72.80999755859375,2409.219970703125,3.5280001163482666,3977.530029296875,20.600000381469727,2.0,301.821
2023-03-28,1297.800048828125,102.43000030517578,73.19999694824219,2434.93994140625,3.563999891281128,3971.27001953125,19.969999313354492,2.0,301.821
2023-03-29,1296.97998046875,102.63999938964844,72.97000122070312,2443.919921875,3.565999984741211,4027.81005859375,19.1200008392334,2.0,301.821
2023-03-30,1307.1300048828125,102.13999938964844,74.37000274658203,2453.159912109375,3.5510001182556152,4050.830078125,19.020000457763672,2.0,301.821
2023-03-31,1296.5,102.51000213623047,75.66999816894531,2476.860107421875,3.49399995803833,4109.31005859375,18.700000762939453,2.0,301.821
2023-04-03,1305.47998046875,102.08999633789062,80.41999816894531,2472.340087890625,3.430000066757202,4124.509765625,18.549999237060547,2.0,302.845
2023-04-04,1308.050048828125,101.58999633789062,80.70999908447266,2480.510009765625,3.3369998931884766,4100.60009765625,19.0,2.0,302.845
2023-04-05,1312.4100341796875,101.8499984741211,80.61000061035156,2495.2099609375,3.2869999408721924,4090.3798828125,19.079999923706055,2.0,302.845
2023-04-06,1316.2099609375,101.81999969482422,80.69999694824219,2459.22998046875,3.2880001068115234,4105.02001953125,18.399999618530273,2.0,302.845
2023-04-07,1317.93994140625,,,2490.409912109375,,,,2.0,302.845
2023-04-10,1315.449951171875,102.58000183105469,79.73999786376953,2512.080078125,3.4149999618530273,4109.10986328125,18.969999313354492,2.0,302.845
2023-04-11,1320.8800048828125,102.19999694824219,81.52999877929688,2547.860107421875,3.434000015258789,4108.93994140625,19.100000381469727,2.0,302.845
2023-04-12,1322.0899658203125,101.5,83.26000213623047,2550.639892578125,3.4210000038146973,4091.949951171875,19.09000015258789,2.0,302.845
2023-04-13,1322.8299560546875,101.01000213623047,82.16000366210938,2561.659912109375,3.4519999027252197,4146.22021484375,17.799999237060547,2.0,302.845
2023-04-14,1301.4300537109375,101.55000305175781,82.5199966430664,2571.489990234375,3.5220000743865967,4137.64013671875,17.06999969482422,2.0,302.845
2023-04-17,1303.3800048828125,102.0999984741211,80.83000183105469,2575.909912109375,3.5910000801086426,4151.31982421875,16.950000762939453,2.0,302.845
2023-04-18,1316.0699462890625,101.75,80.86000061035156,2571.090087890625,3.572000026702881,4154.8701171875,16.829999923706055,2.0,302.845
2023-04-19,1315.9000244140625,101.97000122070312,79.16000366210938,2575.080078125,3.6019999980926514,4154.52001953125,16.459999084472656,2.0,302.845
2023-04-20,1326.760009765625,101.83999633789062,77.29000091552734,2563.110107421875,3.5450000762939453,4129.7900390625,17.170000076293945,2.0,302.845
2023-04-21,1323.5999755859375,101.81999969482422,77.87000274658203,2544.39990234375,3.569999933242798,4133.52001953125,16.770000457763672,2.0,302.845
2023-04-24,1329.3800048828125,101.3499984741211,78.76000213623047,2523.5,3.515000104904175,4137.0400390625,16.889999389648438,2.0,302.845
2023-04-25,1332.800048828125,101.86000061035156,77.06999969482422,2489.02001953125,3.3959999084472656,4071.6298828125,18.760000228881836,2.0,302.845
2023-04-26,1341.0,101.47000122070312,74.30000305175781,2484.830078125,3.431999921798706,4055.989990234375,18.84000015258789,2.0,302.845
2023-04-27,1337.8299560546875,101.5,74.76000213623047,2495.81005859375,3.5280001163482666,4135.35009765625,17.030000686645508,2.0,302.845
2023-04-28,1339.3900146484375,101.66999816894531,76.77999877929688,2501.530029296875,3.4519999027252197,4169.47998046875,15.779999732971191,2.0,302.845
2023-05-01,1337.1700439453125,102.1500015258789,75.66000366210938,,3.5739998817443848,4167.8701171875,16.079999923706055,2.0,303.334
2023-05-02,1342.7900390625,101.95999908447266,71.66000366210938,2524.389892578125,3.438999891281128,4119.580078125,17.780000686645508,2.0,303.334
2023-05-03,1342.300048828125,101.33999633789062,68.5999984741211,2501.39990234375,3.4030001163482666,4090.75,18.34000015258789,2.0,303.334
2023-05-04,1335.22998046875,101.4000015258789,68.55999755859375,2500.93994140625,3.3510000705718994,4061.219970703125,20.09000015258789,2.0,303.334
2023-05-05,1320.1500244140625,101.20999908447266,71.33999633789062,,3.446000099182129,4136.25,17.190000534057617,2.0,303.334
2023-05-08,1316.9599609375,101.37000274658203,73.16000366210938,2513.2099609375,3.5209999084472656,4138.1201171875,16.979999542236328,2.0,303.334
2023-05-09,1322.4100341796875,101.63999938964844,73.70999908447266,2510.06005859375,3.5209999084472656,4119.169921875,17.709999084472656,2.0,303.334
2023-05-10,1326.050048828125,101.4800033569336,72.55999755859375,2496.510009765625,3.438999891281128,4137.64013671875,16.940000534057617,2.0,303.334
2023-05-11,1318.050048828125,102.05999755859375,70.87000274658203,2491.0,3.3970000743865967,4130.6201171875,16.93000030517578,2.0,303.334
2023-05-12,1329.8800048828125,102.68000030517578,70.04000091552734,2475.419921875,3.4630000591278076,4124.080078125,17.030000686645508,2.0,303.334
2023-05-15,1341.52001953125,102.43000030517578,71.11000061035156,2479.35009765625,3.507999897003174,4136.27978515625,17.1200008392334,2.0,303.334
2023-05-16,1335.4000244140625,102.55999755859375,70.86000061035156,2480.239990234375,3.5490000247955322,4109.89990234375,17.989999771118164,2.0,303.334
2023-05-17,1342.4300537109375,102.87999725341797,72.83000183105469,2494.659912109375,3.5810000896453857,4158.77001953125,16.8700008392334,2.0,303.334
2023-05-18,1334.1500244140625,103.58000183105469,71.86000061035156,2515.39990234375,3.6480000019073486,4198.0498046875,16.049999237060547,2.0,303.334
2023-05-19,1334.739990234375,103.19999694824219,71.55000305175781,2537.7900390625,3.691999912261963,4191.97998046875,16.809999465942383,2.0,303.334
2023-05-22,1324.2099609375,103.19999694824219,71.98999786376953,2557.080078125,3.7190001010894775,4192.6298828125,17.209999084472656,2.0,303.334
2023-05-23,1313.8299560546875,103.48999786376953,72.91000366210938,2567.550048828125,3.697999954223633,4145.580078125,18.530000686645508,2.0,303.334
2023-05-24,1319.8399658203125,103.88999938964844,74.33999633789062,2567.449951171875,3.7190001010894775,4115.240234375,20.030000686645508,2.0,303.334
2023-05-25,1318.52001953125,104.20999908447266,71.83000183105469,2554.68994140625,3.813999891281128,4151.27978515625,19.139999389648438,2.0,303.334
2023-05-26,1330.8900146484375,104.20999908447266,72.66999816894531,2558.81005859375,3.809999942779541,4205.4501953125,17.950000762939453,2.0,303.334
2023-05-29,1322.4300537109375,,,,,,,2.0,303.334
2023-05-30,1324.5899658203125,104.16999816894531,69.45999908447266,2585.52001953125,3.700000047683716,4205.52001953125,17.459999084472656,2.0,303.334
2023-05-31,1319.7900390625,104.31999969482422,68.08999633789062,2577.1201171875,3.63700008392334,4179.830078125,17.940000534057617,2.0,303.334
2023-06-01,1321.739990234375,103.55999755859375,70.0999984741211,2569.169921875,3.6080000400543213,4221.02001953125,15.649999618530273,2.0,304.014
2023-06-02,1312.8499755859375,104.0199966430664,71.73999786376953,2601.360107421875,3.690999984741211,4282.3701171875,14.600000381469727,2.0,304.014
2023-06-05,1305.1400146484375,104.0,72.1500015258789,2615.409912109375,3.693000078201294,4273.7900390625,14.729999542236328,2.0,304.014
2023-06-06,1299.7900390625,104.12999725341797,71.73999786376953,,3.6989998817443848,4283.85009765625,13.960000038146973,2.0,304.014
2023-06-07,1299.199951171875,104.0999984741211,72.52999877929688,2615.60009765625,3.7839999198913574,4267.52001953125,13.9399995803833,2.0,304.014
2023-06-08,1308.3399658203125,103.33999633789062,71.29000091552734,2610.85009765625,3.7139999866485596,4293.93017578125,13.649999618530273,2.0,304.014
2023-06-09,1296.3299560546875,103.55999755859375,70.16999816894531,2641.159912109375,3.744999885559082,4298.85986328125,13.829999923706055,2.0,304.014
2023-06-12,1286.68994140625,103.62999725341797,67.12000274658203,2629.35009765625,3.765000104904175,4338.93017578125,15.010000228881836,2.0,304.014
2023-06-13,1284.5799560546875,103.33999633789062,69.41999816894531,2637.949951171875,3.8389999866485596,4369.009765625,14.609999656677246,2.0,304.014
2023-06-14,1267.6199951171875,103.01000213623047,68.2699966430664,2619.080078125,3.7960000038146973,4372.58984375,13.880000114440918,2.0,304.014
2023-06-15,1273.989990234375,102.12000274658203,70.62000274658203,2608.5400390625,3.7279999256134033,4425.83984375,14.5,2.0,304.014
2023-06-16,1270.050048828125,102.30000305175781,71.77999877929688,2625.7900390625,3.7690000534057617,4409.58984375,13.539999961853027,2.0,304.014
2023-06-19,1276.31005859375,,,2609.5,,,,2.0,304.014
2023-06-20,1283.239990234375,102.54000091552734,70.5,2604.909912109375,3.7290000915527344,4388.7099609375,13.880000114440918,2.0,304.014
2023-06-21,1287.5400390625,102.06999969482422,72.52999877929688,2582.6298828125,3.7230000495910645,4365.68994140625,13.199999809265137,2.0,304.014
2023-06-22,1288.3800048828125,102.38999938964844,69.51000213623047,2593.699951171875,3.7990000247955322,4381.89013671875,12.90999984741211,2.0,304.014
2023-06-23,1298.2099609375,102.9000015258789,69.16000366210938,2570.10009765625,3.739000082015991,4348.330078125,13.4399995803833,2.0,304.014
2023-06-26,1307.6700439453125,102.69000244140625,69.37000274658203,2582.199951171875,3.7190001010894775,4328.81982421875,14.25,2.0,304.014
2023-06-27,1302.6600341796875,102.48999786376953,67.69999694824219,2581.389892578125,3.7679998874664307,4378.41015625,13.739999771118164,2.0,304.014
2023-06-28,1296.5999755859375,102.91000366210938,69.55999755859375,2564.18994140625,3.7100000381469727,4376.85986328125,13.430000305175781,2.0,304.014
2023-06-29,1309.010009765625,103.33999633789062,69.86000061035156,2550.02001953125,3.8540000915527344,4396.43994140625,13.539999961853027,2.0,304.014
2023-06-30,1323.0699462890625,102.91000366210938,70.63999938964844,2564.280029296875,3.819000005722046,4450.3798828125,13.59000015258789,2.0,304.014
2023-07-03,1315.300048828125,102.98999786376953,69.79000091552734,2602.469970703125,3.8580000400543213,4455.58984375,13.569999694824219,2.0,304.609
2023-07-04,1306.0999755859375,,,2593.31005859375,,,,2.0,304.609
2023-07-05,1295.5,103.37000274658203,71.79000091552734,2579.0,3.944999933242798,4446.81982421875,14.180000305175781,2.0,304.609
2023-07-06,1302.969970703125,103.16999816894531,71.80000305175781,2556.2900390625,4.040999889373779,4411.58984375,15.4399995803833,2.0,304.609
2023-07-07,1309.219970703125,102.2699966430664,73.86000061035156,2526.7099609375,4.050000190734863,4398.9501953125,14.829999923706055,2.0,304.609
2023-07-10,1297.3699951171875,101.97000122070312,72.98999786376953,2520.699951171875,4.00600004196167,4409.52978515625,15.069999694824219,2.0,304.609
2023-07-11,1299.5400390625,101.7300033569336,74.83000183105469,2562.489990234375,3.9800000190734863,4439.259765625,14.84000015258789,2.0,304.609
2023-07-12,1291.510009765625,100.5199966430664,75.75,2574.719970703125,3.8610000610351562,4472.16015625,13.539999961853027,2.0,304.609
2023-07-13,1274.699951171875,99.7699966430664,76.88999938964844,2591.22998046875,3.760999917984009,4510.0400390625,13.609999656677246,2.0,304.609
2023-07-14,1266.8299560546875,99.91000366210938,75.41999816894531,2628.300048828125,3.819000005722046,4505.419921875,13.34000015258789,2.0,304.609
2023-07-17,1268.3399658203125,99.83999633789062,74.1500015258789,2619.0,3.796999931335449,4522.7900390625,13.479999542236328,2.0,304.609
2023-07-18,1265.449951171875,99.94000244140625,75.75,2607.6201171875,3.7890000343322754,4554.97998046875,13.300000190734863,2.0,304.609
2023-07-19,1264.93994140625,100.27999877929688,75.3499984741211,2608.239990234375,3.742000102996826,4565.72021484375,13.760000228881836,2.0,304.609
2023-07-20,1265.0899658203125,100.87999725341797,75.62999725341797,2600.22998046875,3.8540000915527344,4534.8701171875,13.989999771118164,2.0,304.609
2023-07-21,1278.4000244140625,101.06999969482422,77.06999969482422,2609.760009765625,3.8369998931884766,4536.33984375,13.600000381469727,2.0,304.609
2023-07-24,1285.6500244140625,101.3499984741211,78.73999786376953,2628.530029296875,3.8570001125335693,4554.64013671875,13.90999984741211,2.0,304.609
2023-07-25,1280.530029296875,101.3499984741211,79.62999725341797,2636.4599609375,3.9119999408721924,4567.4599609375,13.859999656677246,2.0,304.609
2023-07-26,1274.1199951171875,100.88999938964844,78.77999877929688,2592.360107421875,3.8510000705718994,4566.75,13.1899995803833,2.0,304.609
2023-07-27,1275.1700439453125,101.7699966430664,80.08999633789062,2603.81005859375,4.01200008392334,4537.41015625,14.40999984741211,2.0,304.609
2023-07-28,1283.8800048828125,101.62000274658203,80.58000183105469,2608.320068359375,3.9690001010894775,4582.22998046875,13.329999923706055,2.0,304.609
2023-07-31,1272.3900146484375,101.86000061035156,81.80000305175781,2632.580078125,3.9590001106262207,4588.9599609375,13.630000114440918,2.0,304.609
2023-08-01,1277.9300537109375,102.30000305175781,81.37000274658203,2667.070068359375,4.051000118255615,4576.72998046875,13.930000305175781,2.0,306.082
2023-08-02,1289.050048828125,102.58999633789062,79.48999786376953,2616.469970703125,4.078000068664551,4513.39013671875,16.09000015258789,2.0,306.082
2023-08-03,1295.3699951171875,102.54000091552734,81.55000305175781,2605.389892578125,4.189000129699707,4501.89013671875,15.920000076293945,2.0,306.082
2023-08-04,1296.4000244140625,102.0199966430664,82.81999969482422,2602.800048828125,4.059999942779541,4478.02978515625,17.100000381469727,2.0,306.082
2023-08-07,1303.050048828125,102.05000305175781,81.94000244140625,2580.7099609375,4.078000068664551,4518.43994140625,15.770000457763672,2.0,306.082
2023-08-08,1307.75,102.52999877929688,82.91999816894531,2573.97998046875,4.026000022888184,4499.3798828125,15.989999771118164,2.0,306.082
2023-08-09,1316.6700439453125,102.48999786376953,84.4000015258789,2605.1201171875,4.01200008392334,4467.7099609375,15.960000038146973,2.0,306.082
2023-08-10,1313.6400146484375,102.5199966430664,82.81999969482422,2601.56005859375,4.079999923706055,4468.830078125,15.850000381469727,2.0,306.082
2023-08-11,1318.3299560546875,102.83999633789062,83.19000244140625,2591.260009765625,4.168000221252441,4464.0498046875,14.84000015258789,2.0,306.082
2023-08-14,1329.6099853515625,103.19000244140625,82.51000213623047,2570.8701171875,4.184000015258789,4489.72021484375,14.819999694824219,2.0,306.082
2023-08-15,1334.739990234375,103.20999908447266,80.98999786376953,,4.2210001945495605,4437.85986328125,16.459999084472656,2.0,306.082
2023-08-16,1338.739990234375,103.41999816894531,79.37999725341797,2525.639892578125,4.257999897003174,4404.330078125,16.780000686645508,2.0,306.082
2023-08-17,1343.3299560546875,103.44000244140625,80.38999938964844,2519.85009765625,4.308000087738037,4370.35986328125,17.889999389648438,2.0,306.082
2023-08-18,1339.0799560546875,103.37999725341797,81.25,2504.5,4.250999927520752,4369.7099609375,17.299999237060547,2.0,306.082
2023-08-21,1339.1700439453125,103.33000183105469,80.72000122070312,2508.800048828125,4.3420000076293945,4399.77001953125,17.1299991607666,2.0,306.082
2023-08-22,1339.739990234375,103.55999755859375,80.3499984741211,2515.739990234375,4.328000068664551,4387.5498046875,16.969999313354492,2.0,306.082
2023-08-23,1339.68994140625,103.36000061035156,78.88999938964844,2505.5,4.197999954223633,4436.009765625,15.979999542236328,2.0,306.082
2023-08-24,1327.780029296875,103.9800033569336,79.05000305175781,2537.679931640625,4.235000133514404,4376.31005859375,17.200000762939453,2.0,306.082
2023-08-25,1326.6199951171875,104.08000183105469,79.83000183105469,2519.139892578125,4.238999843597412,4405.7099609375,15.680000305175781,2.0,306.082
2023-08-28,1323.6099853515625,104.05999755859375,80.0999984741211,2543.409912109375,4.211999893188477,4433.31005859375,15.079999923706055,2.0,306.082
2023-08-29,1322.8199462890625,103.55000305175781,81.16000366210938,2552.159912109375,4.122000217437744,4497.6298828125,14.449999809265137,2.0,306.082
2023-08-30,1321.0699462890625,103.16000366210938,81.62999725341797,2561.219970703125,4.118000030517578,4514.8701171875,13.880000114440918,2.0,306.082
2023-08-31,1323.030029296875,103.62000274658203,83.62999725341797,2556.27001953125,4.0929999351501465,4507.66015625,13.569999694824219,2.0,306.082
2023-09-01,1324.6400146484375,104.23999786376953,85.55000305175781,2563.7099609375,4.172999858856201,4515.77001953125,13.09000015258789,2.0,307.276
2023-09-04,1317.4599609375,,,2584.550048828125,,,,2.0,307.276
2023-09-05,1317.949951171875,104.80999755859375,86.69000244140625,2582.179931640625,4.26800012588501,4496.830078125,14.010000228881836,2.0,307.276
2023-09-06,1331.72998046875,104.86000061035156,87.54000091552734,2563.340087890625,4.289999961853027,4465.47998046875,14.449999809265137,2.0,307.276
2023-09-07,1333.4599609375,105.05999755859375,86.87000274658203,2548.260009765625,4.260000228881836,4451.14013671875,14.399999618530273,2.0,307.276
2023-09-08,1334.02001953125,105.08999633789062,87.51000213623047,2547.679931640625,4.257999897003174,4457.490234375,13.84000015258789,2.0,307.276
2023-09-11,1335.3199462890625,104.56999969482422,87.29000091552734,2556.8798828125,4.288000106811523,4487.4599609375,13.800000190734863,2.0,307.276
2023-09-12,1320.43994140625,104.70999908447266,88.83999633789062,2536.580078125,4.263999938964844,4461.89990234375,14.229999542236328,2.0,307.276
2023-09-13,1324.0999755859375,104.7699966430664,88.5199966430664,2534.699951171875,4.249000072479248,4467.43994140625,13.479999542236328,2.0,307.276
2023-09-14,1329.77001953125,105.41000366210938,90.16000366210938,2572.889892578125,4.288000106811523,4505.10009765625,12.819999694824219,2.0,307.276
2023-09-15,1327.06005859375,105.31999969482422,90.7699966430664,2601.280029296875,4.322000026702881,4450.31982421875,13.789999961853027,2.0,307.276
2023-09-18,1328.4200439453125,105.19999694824219,91.4800033569336,2574.719970703125,4.318999767303467,4453.52978515625,14.0,2.0,307.276
2023-09-19,1329.6600341796875,105.19999694824219,91.19999694824219,2559.2099609375,4.364999771118164,4443.9501953125,14.109999656677246,2.0,307.276
2023-09-20,1328.530029296875,105.16000366210938,90.27999877929688,2559.739990234375,4.348999977111816,4402.2001953125,15.140000343322754,2.0,307.276
2023-09-21,1332.3399658203125,105.36000061035156,89.62999725341797,2514.969970703125,4.480000019073486,4330.0,17.540000915527344,2.0,307.276
2023-09-22,1341.1700439453125,105.58000183105469,90.02999877929688,2508.1298828125,4.438000202178955,4320.06005859375,17.200000762939453,2.0,307.276
2023-09-25,1334.6600341796875,106.0,89.68000030517578,2495.760009765625,4.541999816894531,4337.43994140625,16.899999618530273,2.0,307.276
2023-09-26,1338.449951171875,106.2300033569336,90.38999938964844,2462.969970703125,4.558000087738037,4273.52978515625,18.940000534057617,2.0,307.276
2023-09-27,1353.75,106.66999816894531,93.68000030517578,2465.070068359375,4.625999927520752,4274.509765625,18.219999313354492,2.0,307.276
2023-09-28,1352.8199462890625,106.22000122070312,91.70999908447266,,4.5970001220703125,4299.7001953125,17.34000015258789,2.0,307.276
2023-09-29,1347.8499755859375,106.16999816894531,90.79000091552734,,4.572999954223633,4288.0498046875,17.520000457763672,2.0,307.276
2023-10-02,1351.93994140625,106.9000015258789,88.81999969482422,,4.683000087738037,4288.39013671875,17.610000610351562,2.0,307.696
2023-10-03,1354.18994140625,107.0,89.2300033569336,,4.802000045776367,4229.4501953125,19.780000686645508,2.0,307.696
2023-10-04,1359.219970703125,106.80000305175781,84.22000122070312,2405.68994140625,4.735000133514404,4263.75,18.579999923706055,2.0,307.696
2023-10-05,1351.1600341796875,106.33000183105469,82.30999755859375,2403.60009765625,4.7170000076293945,4258.18994140625,18.489999771118164,2.0,307.696
2023-10-06,1346.06005859375,106.04000091552734,82.79000091552734,2408.72998046875,4.783999919891357,4308.5,17.450000762939453,2.0,307.696
2023-10-09,1343.3599853515625,106.08000183105469,86.37999725341797,,4.796999931335449,4335.66015625,17.700000762939453,2.0,307.696
2023-10-10,1346.8900146484375,105.83000183105469,85.97000122070312,2402.580078125,4.65500020980835,4358.240234375,17.030000686645508,2.0,307.696
2023-10-11,1341.8900146484375,105.81999969482422,83.48999786376953,2450.080078125,4.59499979019165,4376.9501953125,16.09000015258789,2.0,307.696
2023-10-12,1338.260009765625,106.56999969482422,82.91000366210938,2479.820068359375,4.711999893188477,4349.60986328125,16.690000534057617,2.0,307.696
2023-10-13,1348.3399658203125,106.6500015258789,87.69000244140625,2456.14990234375,4.629000186920166,4327.77978515625,19.31999969482422,2.0,307.696
2023-10-16,1352.0699462890625,106.23999786376953,86.66000366210938,2436.239990234375,4.711999893188477,4373.6298828125,17.209999084472656,2.0,307.696
2023-10-17,1347.760009765625,106.25,86.66000366210938,2460.169921875,4.8470001220703125,4373.2001953125,17.8799991607666,2.0,307.696
2023-10-18,1352.989990234375,106.56999969482422,88.31999969482422,2462.60009765625,4.9039998054504395,4314.60009765625,19.219999313354492,2.0,307.696
2023-10-19,1354.56005859375,106.25,89.37000274658203,2415.800048828125,4.98799991607666,4278.0,21.399999618530273,2.0,307.696
2023-10-20,1356.22998046875,106.16000366210938,88.75,2375.0,4.923999786376953,4224.16015625,21.709999084472656,2.0,307.696
2023-10-23,1349.3399658203125,105.54000091552734,85.48999786376953,2357.02001953125,4.8379998207092285,4217.0400390625,20.3700008392334,2.0,307.696
2023-10-24,1334.43994140625,106.2699966430664,83.73999786376953,2383.510009765625,4.840000152587891,4247.68017578125,18.969999313354492,2.0,307.696
2023-10-25,1343.6400146484375,106.52999877929688,85.38999938964844,2363.169921875,4.953000068664551,4186.77001953125,20.190000534057617,2.0,307.696
2023-10-26,1352.6800537109375,106.5999984741211,83.20999908447266,2299.080078125,4.84499979019165,4137.22998046875,20.68000030517578,2.0,307.696
2023-10-27,1350.3399658203125,106.55999755859375,85.54000091552734,2302.81005859375,4.84499979019165,4117.3701171875,21.270000457763672,2.0,307.696
2023-10-30,1355.219970703125,106.12000274658203,82.30999755859375,2310.550048828125,4.875,4166.81982421875,19.75,2.0,307.696
2023-10-31,1348.0699462890625,106.66000366210938,81.0199966430664,2277.989990234375,4.875,4193.7998046875,18.139999389648438,2.0,307.696
2023-11-01,1350.1600341796875,106.87999725341797,80.44000244140625,2301.56005859375,4.789000034332275,4237.85986328125,16.8700008392334,2.0,308.148
2023-11-02,1347.8399658203125,106.12000274658203,82.45999908447266,2343.1201171875,4.669000148773193,4317.77978515625,15.65999984741211,2.0,308.148
2023-11-03,1333.6800537109375,105.0199966430664,80.51000213623047,2368.340087890625,4.558000087738037,4358.33984375,14.90999984741211,2.0,308.148
2023-11-06,1307.8399658203125,105.22000122070312,80.81999969482422,2502.3701171875,4.6620001792907715,4365.97998046875,14.890000343322754,2.0,308.148
2023-11-07,1297.1099853515625,105.54000091552734,77.37000274658203,2443.9599609375,4.571000099182129,4378.3798828125,14.8100004196167,2.0,308.148
2023-11-08,1304.550048828125,105.58999633789062,75.33000183105469,2421.6201171875,4.5229997634887695,4382.77978515625,14.449999809265137,2.0,308.148
2023-11-09,1308.1199951171875,105.91000366210938,75.73999786376953,2427.080078125,4.630000114440918,4347.35009765625,15.289999961853027,2.0,308.148
2023-11-10,1315.199951171875,105.86000061035156,77.16999816894531,2409.659912109375,4.627999782562256,4415.240234375,14.170000076293945,2.0,308.148
2023-11-13,1319.6199951171875,105.66000366210938,78.26000213623047,2403.760009765625,4.631999969482422,4411.5498046875,14.760000228881836,2.0,308.148
2023-11-14,1319.0699462890625,104.11000061035156,78.26000213623047,2433.25,4.440999984741211,4495.7001953125,14.15999984741211,2.0,308.148
2023-11-15,1304.239990234375,104.38999938964844,76.66000366210938,2486.669921875,4.534999847412109,4502.8798828125,14.180000305175781,2.0,308.148
2023-11-16,1301.8599853515625,104.37000274658203,72.9000015258789,2488.179931640625,4.445000171661377,4508.240234375,14.319999694824219,2.0,308.148
2023-11-17,1292.449951171875,103.81999969482422,75.88999938964844,2469.85009765625,4.440999984741211,4514.02001953125,13.800000190734863,2.0,308.148
2023-11-20,1294.5,103.47000122070312,77.5999984741211,2491.199951171875,4.421999931335449,4547.3798828125,13.40999984741211,2.0,308.148
2023-11-21,1288.1500244140625,103.58999633789062,77.7699966430664,2510.419921875,4.418000221252441,4538.18994140625,13.350000381469727,2.0,308.148
2023-11-22,1295.18994140625,103.91999816894531,77.0999984741211,2511.699951171875,4.415999889373779,4556.6201171875,12.850000381469727,2.0,308.148
2023-11-23,1298.7900390625,,,2514.9599609375,,,,2.0,308.148
2023-11-24,1300.1800537109375,103.4000015258789,75.54000091552734,2496.6298828125,4.4720001220703125,4559.33984375,12.460000038146973,2.0,308.148
2023-11-27,1289.7900390625,103.19999694824219,74.86000061035156,2495.659912109375,4.388999938964844,4550.43017578125,12.6899995803833,2.0,308.148
2023-11-28,1302.530029296875,102.75,76.41000366210938,2521.760009765625,4.335999965667725,4554.89013671875,12.6899995803833,2.0,308.148
2023-11-29,1287.530029296875,102.7699966430664,77.86000061035156,2519.81005859375,4.270999908447266,4550.580078125,12.979999542236328,2.0,308.148
2023-11-30,1288.3599853515625,103.5,75.95999908447266,2535.2900390625,4.3520002365112305,4567.7998046875,12.920000076293945,2.0,308.148
2023-12-01,1296.6600341796875,103.2699966430664,74.06999969482422,2505.010009765625,4.22599983215332,4594.6298828125,12.630000114440918,2.0,308.741
2023-12-04,1299.18994140625,103.63999938964844,73.04000091552734,2514.949951171875,4.288000106811523,4569.77978515625,13.079999923706055,2.0,308.741
2023-12-05,1307.800048828125,104.05000305175781,72.31999969482422,2494.280029296875,4.171000003814697,4567.18017578125,12.850000381469727,2.0,308.741
2023-12-06,1313.3699951171875,104.1500015258789,69.37999725341797,2495.3798828125,4.120999813079834,4549.33984375,12.970000267028809,2.0,308.741
2023-12-07,1313.719970703125,103.54000091552734,69.33999633789062,2492.070068359375,4.129000186920166,4585.58984375,13.0600004196167,2.0,308.741
2023-12-08,1312.760009765625,104.01000213623047,71.2300033569336,2517.85009765625,4.244999885559082,4604.3701171875,12.350000381469727,2.0,308.741
2023-12-11,1316.510009765625,104.0999984741211,71.31999969482422,2525.360107421875,4.238999843597412,4622.43994140625,12.630000114440918,2.0,308.741
2023-12-12,1313.6199951171875,103.87000274658203,68.61000061035156,2535.27001953125,4.205999851226807,4643.7001953125,12.069999694824219,2.0,308.741
2023-12-13,1310.1400146484375,102.87000274658203,69.47000122070312,2510.659912109375,4.0329999923706055,4707.08984375,12.1899995803833,2.0,308.741
2023-12-14,1292.010009765625,101.95999908447266,71.58000183105469,2544.179931640625,3.930000066757202,4719.5498046875,12.479999542236328,2.0,308.741
2023-12-15,1291.9200439453125,102.55000305175781,71.43000030517578,2563.56005859375,3.927999973297119,4719.18994140625,12.279999732971191,2.0,308.741
2023-12-18,1276.469970703125,102.51000213623047,72.47000122070312,2566.860107421875,3.9539999961853027,4740.56005859375,12.5600004196167,2.0,308.741
2023-12-19,1302.9300537109375,102.16999816894531,73.44000244140625,2568.550048828125,3.921999931335449,4768.3701171875,12.529999732971191,2.0,308.741
2023-12-20,1297.760009765625,102.41000366210938,74.22000122070312,2614.300048828125,3.877000093460083,4698.35009765625,13.670000076293945,2.0,308.741
2023-12-21,1296.97998046875,101.83999633789062,73.88999938964844,2600.02001953125,3.8940000534057617,4746.75,13.649999618530273,2.0,308.741
2023-12-22,1291.7099609375,101.69999694824219,73.55999755859375,2599.510009765625,3.9010000228881836,4754.6298828125,13.029999732971191,2.0,308.741
2023-12-25,1297.3599853515625,,,,,,,2.0,308.741
2023-12-26,1294.5799560546875,101.47000122070312,75.56999969482422,2602.590087890625,3.885999917984009,4774.75,12.989999771118164,2.0,308.741
2023-12-27,1293.9200439453125,100.98999786376953,74.11000061035156,2613.5,3.7890000343322754,4781.580078125,12.430000305175781,2.0,308.741
2023-12-28,1294.760009765625,101.2300033569336,71.7699966430664,2655.280029296875,3.8499999046325684,4783.35009765625,12.470000267028809,2.0,308.741
2023-12-29,1277.8399658203125,101.33000183105469,71.6500015258789,,3.865999937057495,4769.830078125,12.449999809265137,2.0,308.741
2024-01-01,1293.530029296875,,,,,,,2.0,309.698
2024-01-02,1293.5400390625,102.19999694824219,70.37999725341797,2669.81005859375,3.946000099182129,4742.830078125,13.199999809265137,2.0,309.698
2024-01-03,1307.6199951171875,102.45999908447266,72.69999694824219,2607.31005859375,3.9070000648498535,4704.81005859375,14.039999961853027,2.0,309.698
2024-01-04,1309.530029296875,102.41999816894531,72.19000244140625,2587.02001953125,3.990999937057495,4688.68017578125,14.130000114440918,2.0,309.698
2024-01-05,1311.25,102.41000366210938,73.80999755859375,2578.080078125,4.041999816894531,4697.240234375,13.350000381469727,2.0,309.698
2024-01-08,1313.1300048828125,102.20999908447266,70.7699966430664,2567.820068359375,4.001999855041504,4763.5400390625,13.079999923706055,2.0,309.698
2024-01-09,1311.800048828125,102.56999969482422,72.23999786376953,2561.239990234375,4.019000053405762,4756.5,12.760000228881836,2.0,309.698
2024-01-10,1319.7900390625,102.36000061035156,71.37000274658203,2541.97998046875,4.03000020980835,4783.4501953125,12.6899995803833,2.0,309.698
2024-01-11,1317.5,102.29000091552734,72.0199966430664,2540.27001953125,3.9769999980926514,4780.240234375,12.4399995803833,2.0,309.698
2024-01-12,1311.989990234375,102.4000015258789,72.68000030517578,2525.050048828125,3.950000047683716,4783.830078125,12.699999809265137,2.0,309.698
2024-01-15,1312.8499755859375,,,2525.989990234375,,,,2.0,309.698
2024-01-16,1319.7099609375,103.36000061035156,72.4000015258789,2497.590087890625,4.065999984741211,4765.97998046875,13.84000015258789,2.0,309.698
2024-01-17,1337.7900390625,103.44999694824219,72.55999755859375,2435.89990234375,4.105999946594238,4739.2099609375,14.789999961853027,2.0,309.698
2024-01-18,1344.050048828125,103.54000091552734,74.08000183105469,2440.0400390625,4.144000053405762,4780.93994140625,14.130000114440918,2.0,309.698
2024-01-19,1337.6600341796875,103.29000091552734,73.41000366210938,2472.739990234375,4.145999908447266,4839.81005859375,13.300000190734863,2.0,309.698
2024-01-22,1333.2099609375,103.33000183105469,75.19000244140625,2464.35009765625,4.093999862670898,4850.43017578125,13.1899995803833,2.0,309.698
2024-01-23,1338.739990234375,103.62000274658203,74.37000274658203,2478.610107421875,4.142000198364258,4864.60009765625,12.550000190734863,2.0,309.698
2024-01-24,1336.780029296875,103.23999786376953,75.08999633789062,2469.68994140625,4.177999973297119,4868.5498046875,13.140000343322754,2.0,309.698
2024-01-25,1329.8900146484375,103.56999969482422,77.36000061035156,2470.340087890625,4.131999969482422,4894.16015625,13.449999809265137,2.0,309.698
2024-01-26,1336.030029296875,103.47000122070312,78.01000213623047,2478.56005859375,4.159999847412109,4890.97021484375,13.260000228881836,2.0,309.698
2024-01-29,1336.760009765625,103.61000061035156,76.77999877929688,2500.64990234375,4.091000080108643,4927.93017578125,13.600000381469727,2.0,309.698
2024-01-30,1333.2099609375,103.4000015258789,77.81999969482422,2498.81005859375,4.059000015258789,4924.97021484375,13.3100004196167,2.0,309.698
2024-01-31,1326.6199951171875,103.2699966430664,75.8499984741211,2497.090087890625,3.9670000076293945,4845.64990234375,14.350000381469727,2.0,309.698
2024-02-01,1333.9100341796875,103.05000305175781,73.81999969482422,2542.4599609375,3.86299991607666,4906.18994140625,13.880000114440918,2.0,310.967
2024-02-02,1328.949951171875,103.91999816894531,72.27999877929688,2615.31005859375,4.0329999923706055,4958.60986328125,13.850000381469727,2.0,310.967
2024-02-05,1337.72998046875,104.44999694824219,72.77999877929688,2591.31005859375,4.164000034332275,4942.81005859375,13.670000076293945,2.0,310.967
2024-02-06,1333.3900146484375,104.18000030517578,73.30999755859375,2576.199951171875,4.090000152587891,4954.22998046875,13.0600004196167,2.0,310.967
2024-02-07,1326.7900390625,104.04000091552734,73.86000061035156,2609.580078125,4.110000133514404,4995.06005859375,12.829999923706055,2.0,310.967
2024-02-08,1327.6199951171875,104.1500015258789,76.22000122070312,2620.320068359375,4.170000076293945,4997.91015625,12.789999961853027,2.0,310.967
2024-02-09,1331.469970703125,104.08000183105469,76.83999633789062,,4.186999797821045,5026.60986328125,12.930000305175781,2.0,310.967
2024-02-12,1330.06005859375,104.16999816894531,76.91999816894531,,4.171999931335449,5021.83984375,13.930000305175781,2.0,310.967
2024-02-13,1328.5,104.95999908447266,77.87000274658203,2649.639892578125,4.315999984741211,4953.169921875,15.850000381469727,2.0,310.967
2024-02-14,1340.7900390625,104.72000122070312,76.63999938964844,2620.419921875,4.267000198364258,5000.6201171875,14.380000114440918,2.0,310.967
2024-02-15,1326.0,104.30000305175781,78.02999877929688,2613.800048828125,4.239999771118164,5029.72998046875,14.010000228881836,2.0,310.967
2024-02-16,1327.6600341796875,104.27999877929688,79.19000244140625,2648.760009765625,4.295000076293945,5005.56982421875,14.239999771118164,2.0,310.967
2024-02-19,1331.5799560546875,,,2680.260009765625,,,,2.0,310.967
2024-02-20,1333.3399658203125,104.08000183105469,78.18000030517578,2657.7900390625,4.275000095367432,4975.509765625,15.420000076293945,2.0,310.967
2024-02-21,1333.75,104.01000213623047,77.91000366210938,2653.31005859375,4.324999809265137,4981.7998046875,15.34000015258789,2.0,310.967
2024-02-22,1332.8699951171875,103.95999908447266,78.61000061035156,2664.27001953125,4.327000141143799,5087.02978515625,14.539999961853027,2.0,310.967
2024-02-23,1327.1700439453125,103.94000244140625,76.48999786376953,2667.699951171875,4.260000228881836,5088.7998046875,13.75,2.0,310.967
2024-02-26,1330.0,103.83000183105469,77.58000183105469,2647.080078125,4.298999786376953,5069.52978515625,13.739999771118164,2.0,310.967
2024-02-27,1331.719970703125,103.83000183105469,78.87000274658203,2625.050048828125,4.315000057220459,5078.18017578125,13.430000305175781,2.0,310.967
2024-02-28,1331.7900390625,103.9800033569336,78.54000091552734,2652.2900390625,4.27400016784668,5069.759765625,13.84000015258789,2.0,310.967
2024-02-29,1333.3800048828125,104.16000366210938,78.26000213623047,2642.360107421875,4.251999855041504,5096.27001953125,13.399999618530273,2.0,310.967
2024-03-01,1335.199951171875,103.86000061035156,79.97000122070312,,4.179999828338623,5137.080078125,13.109999656677246,2.0,312.345
2024-03-04,1330.9000244140625,103.83000183105469,78.73999786376953,2674.27001953125,4.218999862670898,5130.9501953125,13.489999771118164,2.0,312.345
2024-03-05,1328.93994140625,103.80000305175781,78.1500015258789,2649.39990234375,4.13700008392334,5078.64990234375,14.460000038146973,2.0,312.345
2024-03-06,1333.4300537109375,103.37000274658203,79.12999725341797,2641.489990234375,4.104000091552734,5104.759765625,14.5,2.0,312.345
2024-03-07,1327.0899658203125,102.81999969482422,78.93000030517578,2647.6201171875,4.0920000076293945,5157.35986328125,14.4399995803833,2.0,312.345
2024-03-08,1321.1800537109375,102.73999786376953,78.01000213623047,2680.35009765625,4.089000225067139,5123.68994140625,14.739999771118164,2.0,312.345
2024-03-11,1315.97998046875,102.87000274658203,77.93000030517578,2659.840087890625,4.104000091552734,5117.93994140625,15.220000267028809,2.0,312.345
2024-03-12,1310.5400390625,102.95999908447266,77.55999755859375,2681.81005859375,4.15500020980835,5175.27001953125,13.84000015258789,2.0,312.345
2024-03-13,1311.1500244140625,102.79000091552734,79.72000122070312,2693.570068359375,4.191999912261963,5165.31005859375,13.75,2.0,312.345
2024-03-14,1313.6500244140625,103.36000061035156,81.26000213623047,2718.760009765625,4.297999858856201,5150.47998046875,14.399999618530273,2.0,312.345
2024-03-15,1321.9200439453125,103.43000030517578,81.04000091552734,2666.840087890625,4.303999900817871,5117.08984375,14.40999984741211,2.0,312.345
2024-03-18,1329.3399658203125,103.58000183105469,82.72000122070312,2685.840087890625,4.340000152587891,5149.419921875,14.329999923706055,2.0,312.345
2024-03-19,1336.0899658203125,103.80999755859375,83.47000122070312,2656.169921875,4.296999931335449,5178.509765625,13.819999694824219,2.0,312.345
2024-03-20,1337.02001953125,103.41000366210938,81.68000030517578,2690.139892578125,4.2729997634887695,5224.6201171875,13.039999961853027,2.0,312.345
2024-03-21,1330.1099853515625,104.0,81.06999969482422,2754.860107421875,4.270999908447266,5241.52978515625,12.920000076293945,2.0,312.345
2024-03-22,1334.6800537109375,104.43000030517578,80.62999725341797,2748.56005859375,4.2179999351501465,5234.18017578125,13.0600004196167,2.0,312.345
2024-03-25,1343.5999755859375,104.2300033569336,81.94999694824219,2737.570068359375,4.252999782562256,5218.18994140625,13.1899995803833,2.0,312.345
2024-03-26,1339.1300048828125,104.29000091552734,81.62000274658203,2757.090087890625,4.234000205993652,5203.580078125,13.239999771118164,2.0,312.345
2024-03-27,1343.06005859375,104.3499984741211,81.3499984741211,2755.110107421875,4.196000099182129,5248.490234375,12.779999732971191,2.0,312.345
2024-03-28,1349.800048828125,104.55000305175781,83.16999816894531,2745.820068359375,4.205999851226807,5254.35009765625,13.010000228881836,2.0,312.345
2024-03-29,1349.800048828125,,,2746.6298828125,,,,2.0,312.345
2024-04-01,1345.31005859375,105.0199966430664,83.70999908447266,2747.860107421875,4.328999996185303,5243.77001953125,13.649999618530273,2.0,313.023
2024-04-02,1355.530029296875,104.81999969482422,85.1500015258789,2753.159912109375,4.364999771118164,5205.81005859375,14.609999656677246,2.0,313.023
2024-04-03,1350.72998046875,104.25,85.43000030517578,2706.969970703125,4.355000019073486,5211.490234375,14.329999923706055,2.0,313.023
2024-04-04,1344.8399658203125,104.12000274658203,86.58999633789062,2742.0,4.309000015258789,5147.2099609375,16.350000381469727,2.0,313.023
2024-04-05,1351.3599853515625,104.30000305175781,86.91000366210938,2714.2099609375,4.377999782562256,5204.33984375,16.030000686645508,2.0,313.023
2024-04-08,1350.27001953125,104.13999938964844,86.43000030517578,2717.64990234375,4.423999786376953,5202.39013671875,15.1899995803833,2.0,313.023
2024-04-09,1354.219970703125,104.1500015258789,85.2300033569336,2705.159912109375,4.366000175476074,5209.91015625,14.979999542236328,2.0,313.023
2024-04-10,1348.5400390625,105.25,86.20999908447266,,4.559999942779541,5160.64013671875,15.800000190734863,2.0,313.023
2024-04-11,1363.760009765625,105.27999877929688,85.0199966430664,2706.9599609375,4.576000213623047,5199.06005859375,14.90999984741211,2.0,313.023
2024-04-12,1367.8399658203125,106.04000091552734,85.66000366210938,2681.820068359375,4.499000072479248,5123.41015625,17.309999465942383,2.0,313.023
2024-04-15,1379.6099853515625,106.20999908447266,85.41000366210938,2670.429931640625,4.627999782562256,5061.81982421875,19.229999542236328,2.0,313.023
2024-04-16,1387.6700439453125,106.26000213623047,85.36000061035156,2609.6298828125,4.658999919891357,5051.41015625,18.399999618530273,2.0,313.023
2024-04-17,1387.3399658203125,105.94999694824219,82.69000244140625,2584.179931640625,4.585000038146973,5022.2099609375,18.209999084472656,2.0,313.023
2024-04-18,1379.5400390625,106.1500015258789,82.7300033569336,2634.699951171875,4.646999835968018,5011.1201171875,18.0,2.0,313.023
2024-04-19,1379.4000244140625,106.1500015258789,83.13999938964844,2591.860107421875,4.614999771118164,4967.22998046875,18.709999084472656,2.0,313.023
2024-04-22,1373.9300537109375,106.08000183105469,82.8499984741211,2629.43994140625,4.623000144958496,5010.60009765625,16.940000534057617,2.0,313.023
2024-04-23,1378.8399658203125,105.69000244140625,83.36000061035156,2623.02001953125,4.5980000495910645,5070.5498046875,15.6899995803833,2.0,313.023
2024-04-24,1370.47998046875,105.86000061035156,82.80999755859375,2675.75,4.6519999504089355,5071.6298828125,15.970000267028809,2.0,313.023
2024-04-25,1376.969970703125,105.5999984741211,83.56999969482422,2628.6201171875,4.705999851226807,5048.419921875,15.369999885559082,2.0,313.023
2024-04-26,1371.699951171875,105.94000244140625,83.8499984741211,2656.330078125,4.669000148773193,5099.9599609375,15.029999732971191,2.0,313.023
2024-04-29,1377.0899658203125,105.58000183105469,82.62999725341797,2687.43994140625,4.613999843597412,5116.169921875,14.670000076293945,2.0,313.023
2024-04-30,1374.6400146484375,106.22000122070312,81.93000030517578,2692.06005859375,4.685999870300293,5035.68994140625,15.649999618530273,2.0,313.023
2024-05-01,1385.4599609375,105.76000213623047,79.0,,4.59499979019165,5018.39013671875,15.390000343322754,2.0,313.175
2024-05-02,1375.0,105.30000305175781,78.94999694824219,2683.64990234375,4.571000099182129,5064.2001953125,14.680000305175781,2.0,313.175
2024-05-03,1364.6400146484375,105.02999877929688,78.11000061035156,2676.6298828125,4.5,5127.7900390625,13.489999771118164,2.0,313.175
2024-05-06,1355.050048828125,105.05000305175781,78.4800033569336,,4.488999843597412,5180.740234375,13.489999771118164,2.0,313.175
2024-05-07,1352.1700439453125,105.41000366210938,78.37999725341797,2734.360107421875,4.4629998207092285,5187.7001953125,13.229999542236328,2.0,313.175
2024-05-08,1357.72998046875,105.55000305175781,78.98999786376953,2745.050048828125,4.492000102996826,5187.669921875,13.0,2.0,313.175
2024-05-09,1361.93994140625,105.2300033569336,79.26000213623047,2712.139892578125,4.448999881744385,5214.080078125,12.6899995803833,2.0,313.175
2024-05-10,1365.4000244140625,105.30999755859375,78.26000213623047,2727.6298828125,4.504000186920166,5222.68017578125,12.550000190734863,2.0,313.175
2024-05-13,1370.1099853515625,105.22000122070312,79.12000274658203,2727.2099609375,4.480999946594238,5221.419921875,13.600000381469727,2.0,313.175
2024-05-14,1363.7900390625,105.01000213623047,78.0199966430664,2730.340087890625,4.445000171661377,5246.68017578125,13.420000076293945,2.0,313.175
2024-05-15,1362.550048828125,104.3499984741211,78.62999725341797,,4.355999946594238,5308.14990234375,12.449999809265137,2.0,313.175
2024-05-16,1353.5999755859375,104.45999908447266,79.2300033569336,2753.0,4.376999855041504,5297.10009765625,12.420000076293945,2.0,313.175
2024-05-17,1346.0400390625,104.44999694824219,80.05999755859375,2724.6201171875,4.420000076293945,5303.27001953125,11.989999771118164,2.0,313.175
2024-05-20,1353.3900146484375,104.56999969482422,79.80000305175781,2742.139892578125,4.436999797821045,5308.1298828125,12.149999618530273,2.0,313.175
2024-05-21,1360.1600341796875,104.66000366210938,79.26000213623047,2724.179931640625,4.414000034332275,5321.41015625,11.859999656677246,2.0,313.175
2024-05-22,1363.4200439453125,104.94000244140625,77.56999969482422,2723.4599609375,4.434000015258789,5307.009765625,12.289999961853027,2.0,313.175
2024-05-23,1365.81005859375,105.11000061035156,76.87000274658203,2721.81005859375,4.474999904632568,5267.83984375,12.770000457763672,2.0,313.175
2024-05-24,1367.6199951171875,104.72000122070312,77.72000122070312,2687.60009765625,4.4670000076293945,5304.72021484375,11.930000305175781,2.0,313.175
2024-05-27,1365.7099609375,,,2722.989990234375,,,,2.0,313.175
2024-05-28,1360.9300537109375,104.61000061035156,79.83000183105469,2722.85009765625,4.541999816894531,5306.0400390625,12.920000076293945,2.0,313.175
2024-05-29,1362.760009765625,105.0999984741211,79.2300033569336,2677.300048828125,4.624000072479248,5266.9501953125,14.279999732971191,2.0,313.175
2024-05-30,1370.550048828125,104.72000122070312,77.91000366210938,2635.43994140625,4.553999900817871,5235.47998046875,14.470000267028809,2.0,313.175
2024-05-31,1375.6199951171875,104.66999816894531,76.98999786376953,2636.52001953125,4.513999938964844,5277.509765625,12.920000076293945,2.0,313.175
2024-06-03,1382.0999755859375,104.13999938964844,74.22000122070312,2682.52001953125,4.4019999504089355,5283.39990234375,13.109999656677246,2.0,313.044
2024-06-04,1370.7900390625,104.11000061035156,73.25,2662.10009765625,4.335999965667725,5291.33984375,13.15999984741211,2.0,313.044
2024-06-05,1373.719970703125,104.2699966430664,74.06999969482422,2689.5,4.289000034332275,5354.02978515625,12.630000114440918,2.0,313.044
2024-06-06,1368.739990234375,104.0999984741211,75.55000305175781,,4.281000137329102,5352.9599609375,12.579999923706055,2.0,313.044
2024-06-07,1365.25,104.88999938964844,75.52999877929688,2722.669921875,4.429999828338623,5346.990234375,12.220000267028809,2.0,313.044
2024-06-10,1379.050048828125,105.1500015258789,77.73999786376953,2701.169921875,4.468999862670898,5360.7900390625,12.739999771118164,2.0,313.044
2024-06-11,1373.9599609375,105.2300033569336,77.9000015258789,2705.320068359375,4.4039998054504395,5375.31982421875,12.850000381469727,2.0,313.044
2024-06-12,1377.3599853515625,104.6500015258789,78.5,2728.169921875,4.295000076293945,5421.02978515625,12.039999961853027,2.0,313.044
2024-06-13,1370.4100341796875,105.19999694824219,78.62000274658203,2754.889892578125,4.23799991607666,5433.740234375,11.9399995803833,2.0,313.044
2024-06-14,1373.739990234375,105.55000305175781,78.44999694824219,2758.419921875,4.2129998207092285,5431.60009765625,12.65999984741211,2.0,313.044
2024-06-17,1382.280029296875,105.31999969482422,80.33000183105469,2744.10009765625,4.2789998054504395,5473.22998046875,12.75,2.0,313.044
2024-06-18,1379.06005859375,105.26000213623047,81.56999969482422,2763.919921875,4.2170000076293945,5487.02978515625,12.300000190734863,2.0,313.044
2024-06-19,1378.6099853515625,,,2797.330078125,,,,2.0,313.044
2024-06-20,1381.1500244140625,105.58999633789062,82.16999816894531,2807.6298828125,4.254000186920166,5473.169921875,13.279999732971191,2.0,313.044
2024-06-21,1391.8199462890625,105.80000305175781,80.7300033569336,2784.260009765625,4.256999969482422,5464.6201171875,13.199999809265137,2.0,313.044
2024-06-24,1388.3900146484375,105.47000122070312,81.62999725341797,2764.72998046875,4.248000144958496,5447.8701171875,13.329999923706055,2.0,313.044
2024-06-25,1386.1099853515625,105.61000061035156,80.83000183105469,2774.389892578125,4.23799991607666,5469.2998046875,12.84000015258789,2.0,313.044
2024-06-26,1390.8900146484375,106.05000305175781,80.9000015258789,2792.050048828125,4.315999984741211,5477.89990234375,12.550000190734863,2.0,313.044
2024-06-27,1393.3800048828125,105.91000366210938,81.73999786376953,2784.06005859375,4.288000106811523,5482.8701171875,12.239999771118164,2.0,313.044
2024-06-28,1386.949951171875,105.87000274658203,81.54000091552734,2797.820068359375,4.3429999351501465,5460.47998046875,12.4399995803833,2.0,313.044
2024-07-01,1380.2900390625,105.9000015258789,83.37999725341797,2804.31005859375,4.479000091552734,5475.08984375,12.220000267028809,2.0,313.569
2024-07-02,1383.4200439453125,105.72000122070312,82.80999755859375,2780.860107421875,4.435999870300293,5509.009765625,12.029999732971191,2.0,313.569
2024-07-03,1383.4200439453125,105.4000015258789,83.87999725341797,2794.010009765625,4.355000019073486,5537.02001953125,12.09000015258789,2.0,313.569
2024-07-04,1385.77001953125,,,2824.93994140625,,,,2.0,313.569
2024-07-05,1380.25,104.87999725341797,83.16000366210938,2862.22998046875,4.271999835968018,5567.18994140625,12.479999542236328,2.0,313.569
2024-07-08,1376.5699462890625,105.01000213623047,82.33000183105469,2857.760009765625,4.269000053405762,5572.85009765625,12.369999885559082,2.0,313.569
2024-07-09,1382.75,105.12000274658203,81.41000366210938,2867.3798828125,4.300000190734863,5576.97998046875,12.510000228881836,2.0,313.569
2024-07-10,1382.4200439453125,105.05000305175781,82.0999984741211,2867.989990234375,4.28000020980835,5633.91015625,12.850000381469727,2.0,313.569
2024-07-11,1382.989990234375,104.44000244140625,82.62000274658203,2891.35009765625,4.192999839782715,5584.5400390625,12.920000076293945,2.0,313.569
2024-07-12,1371.27001953125,104.08999633789062,82.20999908447266,2857.0,4.189000129699707,5615.35009765625,12.460000038146973,2.0,313.569
2024-07-15,1374.1099853515625,104.19000244140625,81.91000366210938,2860.919921875,4.229000091552734,5631.22021484375,13.119999885559082,2.0,313.569
2024-07-16,1383.68994140625,104.2699966430664,80.76000213623047,2866.090087890625,4.166999816894531,5667.2001953125,13.1899995803833,2.0,313.569
2024-07-17,1382.6400146484375,103.75,82.8499984741211,2843.2900390625,4.145999908447266,5588.27001953125,14.479999542236328,2.0,313.569
2024-07-18,1378.6500244140625,104.16999816894531,82.81999969482422,2824.35009765625,4.189000129699707,5544.58984375,15.930000305175781,2.0,313.569
2024-07-19,1385.239990234375,104.4000015258789,80.12999725341797,2795.4599609375,4.238999843597412,5505.0,16.520000457763672,2.0,313.569
2024-07-22,1388.81005859375,104.30999755859375,79.77999877929688,2763.510009765625,4.260000228881836,5564.41015625,14.90999984741211,2.0,313.569
2024-07-23,1387.0999755859375,104.44999694824219,76.95999908447266,2774.2900390625,4.238999843597412,5555.740234375,14.720000267028809,2.0,313.569
2024-07-24,1384.5699462890625,104.38999938964844,77.58999633789062,2758.7099609375,4.285999774932861,5427.1298828125,18.040000915527344,2.0,313.569
2024-07-25,1382.6500244140625,104.36000061035156,78.27999877929688,2710.64990234375,4.25600004196167,5399.22021484375,18.459999084472656,2.0,313.569
2024-07-26,1381.4300537109375,104.31999969482422,77.16000366210938,2731.89990234375,4.199999809265137,5459.10009765625,16.389999389648438,2.0,313.569
2024-07-29,1382.0899658203125,104.55999755859375,75.80999755859375,2765.530029296875,4.177999973297119,5463.5400390625,16.600000381469727,2.0,313.569
2024-07-30,1381.3599853515625,104.55000305175781,74.7300033569336,2738.18994140625,4.14300012588501,5436.43994140625,17.690000534057617,2.0,313.569
2024-07-31,1383.5,104.0999984741211,77.91000366210938,2770.68994140625,4.109000205993652,5522.2998046875,16.360000610351562,2.0,313.569
2024-08-01,1367.9200439453125,104.41999816894531,76.30999755859375,2777.679931640625,3.9760000705718994,5446.68017578125,18.59000015258789,2.0,314.062
2024-08-02,1368.969970703125,103.20999908447266,73.5199966430664,2676.18994140625,3.7920000553131104,5346.56005859375,23.389999389648438,2.0,314.062
2024-08-05,1357.1700439453125,102.69000244140625,72.94000244140625,2441.550048828125,3.7850000858306885,5186.330078125,38.56999969482422,2.0,314.062
2024-08-06,1367.4000244140625,102.97000122070312,73.19999694824219,2522.14990234375,3.888000011444092,5240.02978515625,27.709999084472656,2.0,314.062
2024-08-07,1370.31005859375,103.19999694824219,75.2300033569336,2568.409912109375,3.9679999351501465,5199.5,27.850000381469727,2.0,314.062
2024-08-08,1375.3299560546875,103.20999908447266,76.19000244140625,2556.72998046875,3.996999979019165,5319.31005859375,23.790000915527344,2.0,314.062
2024-08-09,1373.760009765625,103.13999938964844,76.83999633789062,2588.429931640625,3.941999912261963,5344.16015625,20.3700008392334,2.0,314.062
2024-08-12,1363.8399658203125,103.13999938964844,80.05999755859375,2618.300048828125,3.9089999198913574,5344.39013671875,20.709999084472656,2.0,314.062
2024-08-13,1369.5400390625,102.55999755859375,78.3499984741211,2621.5,3.8519999980926514,5434.43017578125,18.1200008392334,2.0,314.062
2024-08-14,1362.1700439453125,102.56999969482422,76.9800033569336,2644.5,3.819999933242798,5455.2099609375,16.190000534057617,2.0,314.062
2024-08-15,1355.7099609375,102.9800033569336,78.16000366210938,,3.9260001182556152,5543.22021484375,15.229999542236328,2.0,314.062
2024-08-16,1363.510009765625,102.45999908447266,76.6500015258789,2697.22998046875,3.8919999599456787,5554.25,14.800000190734863,2.0,314.062
2024-08-19,1348.97998046875,101.88999938964844,74.37000274658203,2674.360107421875,3.867000102996826,5608.25,14.649999618530273,2.0,314.062
2024-08-20,1330.8800048828125,101.44000244140625,74.04000091552734,2696.6298828125,3.818000078201294,5597.1201171875,15.880000114440918,2.0,314.062
2024-08-21,1327.5799560546875,101.04000091552734,71.93000030517578,2701.1298828125,3.7780001163482666,5620.85009765625,16.270000457763672,2.0,314.062
2024-08-22,1333.6600341796875,101.51000213623047,73.01000213623047,2707.669921875,3.861999988555908,5570.64013671875,17.549999237060547,2.0,314.062
2024-08-23,1339.5400390625,100.72000122070312,74.83000183105469,2701.68994140625,3.806999921798706,5634.60986328125,15.859999656677246,2.0,314.062
2024-08-26,1323.8800048828125,100.8499984741211,77.41999816894531,2698.010009765625,3.818000078201294,5616.83984375,16.149999618530273,2.0,314.062
2024-08-27,1326.6400146484375,100.55000305175781,75.52999877929688,2689.25,3.8329999446868896,5625.7998046875,15.430000305175781,2.0,314.062
2024-08-28,1326.3599853515625,101.08999633789062,74.5199966430664,2689.830078125,3.8410000801086426,5592.18017578125,17.110000610351562,2.0,314.062
2024-08-29,1336.68994140625,101.33999633789062,75.91000366210938,2662.280029296875,3.867000102996826,5591.9599609375,15.649999618530273,2.0,314.062
2024-08-30,1332.8800048828125,101.69999694824219,73.55000305175781,2674.31005859375,3.9110000133514404,5648.39990234375,15.0,2.0,314.062
2024-09-02,1336.5799560546875,,,2681.0,,,,2.0,314.732
2024-09-03,1337.550048828125,101.83000183105469,70.33999633789062,2664.6298828125,3.8440001010894775,5528.93017578125,20.719999313354492,2.0,314.732
2024-09-04,1340.4100341796875,101.36000061035156,69.19999694824219,2580.800048828125,3.7679998874664307,5520.06982421875,21.31999969482422,2.0,314.732
2024-09-05,1331.010009765625,101.11000061035156,69.1500015258789,2575.5,3.7309999465942383,5503.41015625,19.899999618530273,2.0,314.732
2024-09-06,1332.7900390625,101.18000030517578,67.66999816894531,2544.280029296875,3.7100000381469727,5408.419921875,22.3799991607666,2.0,314.732
2024-09-09,1337.77001953125,101.55000305175781,68.70999908447266,2535.929931640625,3.697000026702881,5471.0498046875,19.450000762939453,2.0,314.732
2024-09-10,1341.27001953125,101.62999725341797,65.75,2523.429931640625,3.6459999084472656,5495.52001953125,19.079999923706055,2.0,314.732
2024-09-11,1343.3399658203125,101.68000030517578,67.30999755859375,2513.3701171875,3.6530001163482666,5554.1298828125,17.690000534057617,2.0,314.732
2024-09-12,1339.1800537109375,101.37000274658203,68.97000122070312,2572.090087890625,3.680000066757202,5595.759765625,17.06999969482422,2.0,314.732
2024-09-13,1335.68994140625,101.11000061035156,68.6500015258789,2575.409912109375,3.6500000953674316,5626.02001953125,16.559999465942383,2.0,314.732
2024-09-16,1329.510009765625,100.76000213623047,70.08999633789062,,3.621000051498413,5633.08984375,17.139999389648438,2.0,314.732
2024-09-17,1319.1099853515625,100.88999938964844,71.19000244140625,,3.6419999599456787,5634.580078125,17.610000610351562,2.0,314.732
2024-09-18,1322.9300537109375,100.5999984741211,70.91000366210938,,3.684999942779541,5618.259765625,18.229999542236328,2.0,314.732
2024-09-19,1322.260009765625,100.61000061035156,71.94999694824219,2580.800048828125,3.740000009536743,5713.64013671875,16.329999923706055,2.0,314.732
2024-09-20,1327.6099853515625,100.72000122070312,71.91999816894531,2593.3701171875,3.7279999256134033,5702.5498046875,16.149999618530273,2.0,314.732
2024-09-23,1331.5,100.91999816894531,70.37000274658203,2602.010009765625,3.739000082015991,5718.56982421875,15.890000343322754,2.0,314.732
2024-09-24,1333.6199951171875,100.37000274658203,71.55999755859375,2631.679931640625,3.7360000610351562,5732.93017578125,15.390000343322754,2.0,314.732
2024-09-25,1324.8900146484375,100.91999816894531,69.69000244140625,2596.320068359375,3.7809998989105225,5722.259765625,15.40999984741211,2.0,314.732
2024-09-26,1335.050048828125,100.55999755859375,67.66999816894531,2671.570068359375,3.7909998893737793,5745.3701171875,15.369999885559082,2.0,314.732
2024-09-27,1313.300048828125,100.41999816894531,68.18000030517578,2649.780029296875,3.749000072479248,5738.169921875,16.959999084472656,2.0,314.732
2024-09-30,1309.300048828125,100.77999877929688,68.16999816894531,2593.27001953125,3.802000045776367,5762.47998046875,16.729999542236328,2.0,314.732
2024-10-01,1315.3299560546875,101.19000244140625,69.83000183105469,,3.743000030517578,5708.75,19.260000228881836,1.75,315.631
2024-10-02,1324.8399658203125,101.68000030517578,70.0999984741211,2561.68994140625,3.7850000858306885,5709.5400390625,18.899999618530273,1.75,315.631
2024-10-03,1324.030029296875,101.98999786376953,73.70999908447266,,3.8499999046325684,5699.93994140625,20.489999771118164,1.75,315.631
2024-10-04,1334.4100341796875,102.5199966430664,74.37999725341797,2569.7099609375,3.9809999465942383,5751.06982421875,19.209999084472656,1.75,315.631
2024-10-07,1345.8800048828125,102.54000091552734,77.13999938964844,2610.3798828125,4.026000022888184,5695.93994140625,22.639999389648438,1.75,315.631
2024-10-08,1342.3699951171875,102.55000305175781,73.56999969482422,2594.360107421875,4.0329999923706055,5751.1298828125,21.420000076293945,1.75,315.631
2024-10-09,1341.31005859375,102.93000030517578,73.23999786376953,,4.066999912261963,5792.0400390625,20.860000610351562,1.75,315.631
2024-10-10,1343.02001953125,102.98999786376953,75.8499984741211,2599.159912109375,4.0960001945495605,5780.0498046875,20.93000030517578,1.75,315.631
2024-10-11,1349.739990234375,102.88999938964844,75.55999755859375,2596.909912109375,4.072999954223633,5815.02978515625,20.459999084472656,1.75,315.631
2024-10-14,1348.3299560546875,103.30000305175781,73.83000183105469,2623.2900390625,4.0980000495910645,5859.85009765625,19.700000762939453,1.75,315.631
2024-10-15,1357.27001953125,103.26000213623047,70.58000183105469,2633.449951171875,4.038000106811523,5815.259765625,20.639999389648438,1.75,315.631
2024-10-16,1363.1800537109375,103.58999633789062,70.38999938964844,2610.360107421875,4.015999794006348,5842.47021484375,19.579999923706055,1.75,315.631
2024-10-17,1364.199951171875,103.83000183105469,70.66999816894531,2609.300048828125,4.0960001945495605,5841.47021484375,19.110000610351562,1.75,315.631
2024-10-18,1370.050048828125,103.48999786376953,69.22000122070312,2593.820068359375,4.072999954223633,5864.669921875,18.030000686645508,1.75,315.631
2024-10-21,1369.010009765625,104.01000213623047,70.55999755859375,2604.919921875,4.182000160217285,5853.97998046875,18.3700008392334,1.75,315.631
2024-10-22,1376.5,104.08000183105469,72.08999633789062,2570.699951171875,4.203999996185303,5851.2001953125,18.200000762939453,1.75,315.631
2024-10-23,1376.6300048828125,104.43000030517578,70.7699966430664,2599.6201171875,4.242000102996826,5797.419921875,19.239999771118164,1.75,315.631
2024-10-24,1377.3399658203125,104.05999755859375,70.19000244140625,2581.030029296875,4.199999809265137,5809.85986328125,19.079999923706055,1.75,315.631
2024-10-25,1376.3199462890625,104.26000213623047,71.77999877929688,2583.27001953125,4.23199987411499,5808.1201171875,20.329999923706055,1.75,315.631
2024-10-28,1387.6600341796875,104.31999969482422,67.37999725341797,2612.429931640625,4.2779998779296875,5823.52001953125,19.799999237060547,1.75,315.631
2024-10-29,1381.969970703125,104.27999877929688,67.20999908447266,2617.800048828125,4.27400016784668,5832.919921875,19.34000015258789,1.75,315.631
2024-10-30,1383.1800537109375,103.98999786376953,68.61000061035156,2593.7900390625,4.265999794006348,5813.669921875,20.350000381469727,1.75,315.631
2024-10-31,1378.5699462890625,103.9800033569336,69.26000213623047,2556.14990234375,4.283999919891357,5705.4501953125,23.15999984741211,1.75,315.631
2024-11-01,1372.9300537109375,104.27999877929688,69.48999786376953,2542.360107421875,4.361000061035156,5728.7998046875,21.8799991607666,1.5,316.528
2024-11-04,1379.3399658203125,103.88999938964844,71.47000122070312,2588.969970703125,4.309000015258789,5712.68994140625,21.979999542236328,1.5,316.528
2024-11-05,1372.8599853515625,103.41999816894531,71.98999786376953,2576.8798828125,4.289000034332275,5782.759765625,20.489999771118164,1.5,316.528
2024-11-06,1378.0,105.08999633789062,71.69000244140625,2563.510009765625,4.426000118255615,5929.0400390625,16.270000457763672,1.5,316.528
2024-11-07,1399.800048828125,104.51000213623047,72.36000061035156,2564.6298828125,4.341000080108643,5973.10009765625,15.199999809265137,1.5,316.528
2024-11-08,1372.0799560546875,105.0,70.37999725341797,2561.14990234375,4.306000232696533,5995.5400390625,14.9399995803833,1.5,316.528
2024-11-11,1397.199951171875,105.54000091552734,68.04000091552734,2531.659912109375,4.308000087738037,6001.35009765625,14.970000267028809,1.5,316.528
2024-11-12,1400.550048828125,106.0199966430664,68.12000274658203,2482.570068359375,4.432000160217285,5983.990234375,14.710000038146973,1.5,316.528
2024-11-13,1406.6500244140625,106.4800033569336,68.43000030517578,2417.080078125,4.451000213623047,5985.3798828125,14.020000457763672,1.5,316.528
2024-11-14,1399.0,106.66999816894531,68.69999694824219,2418.860107421875,4.418000221252441,5949.169921875,14.3100004196167,1.5,316.528
2024-11-15,1400.8299560546875,106.69000244140625,67.0199966430664,2416.860107421875,4.427999973297119,5870.6201171875,16.139999389648438,1.5,316.528
2024-11-18,1394.3499755859375,106.27999877929688,69.16000366210938,2469.070068359375,4.414000034332275,5893.6201171875,15.579999923706055,1.5,316.528
2024-11-19,1389.5,106.20999908447266,69.38999938964844,2471.949951171875,4.379000186920166,5916.97998046875,16.350000381469727,1.5,316.528
2024-11-20,1392.1600341796875,106.68000030517578,68.87000274658203,2482.2900390625,4.406000137329102,5917.10986328125,17.15999984741211,1.5,316.528
2024-11-21,1397.6199951171875,106.97000122070312,70.0999984741211,2480.6298828125,4.432000160217285,5948.7099609375,16.8700008392334,1.5,316.528
2024-11-22,1399.5999755859375,107.48999786376953,71.23999786376953,2501.239990234375,4.409999847412109,5969.33984375,15.239999771118164,1.5,316.528
2024-11-25,1403.510009765625,106.81999969482422,68.94000244140625,2534.340087890625,4.264999866485596,5987.3701171875,14.600000381469727,1.5,316.528
2024-11-26,1395.56005859375,107.01000213623047,68.7699966430664,2520.360107421875,4.302000045776367,6021.6298828125,14.100000381469727,1.5,316.528
2024-11-27,1395.27001953125,106.08000183105469,68.72000122070312,2503.06005859375,4.242000102996826,5998.740234375,14.100000381469727,1.5,316.528
2024-11-28,1388.469970703125,,,2504.669921875,,,,1.5,316.528
2024-11-29,1393.300048828125,105.73999786376953,68.0,2455.909912109375,4.177999973297119,6032.3798828125,13.510000228881836,1.5,316.528
2024-12-02,1399.8599853515625,106.44999694824219,68.0999984741211,2454.47998046875,4.196000099182129,6047.14990234375,13.34000015258789,1.5,317.604
2024-12-03,1401.06005859375,106.37000274658203,69.94000244140625,2500.10009765625,4.2230000495910645,6049.8798828125,13.300000190734863,1.5,317.604
2024-12-04,1411.6700439453125,106.33999633789062,68.54000091552734,2464.0,4.179999828338623,6086.490234375,13.449999809265137,1.5,317.604
2024-12-05,1410.800048828125,105.70999908447266,68.30000305175781,2441.85009765625,4.179999828338623,6075.10986328125,13.539999961853027,1.5,317.604
2024-12-06,1399.989990234375,105.97000122070312,67.19999694824219,2428.159912109375,4.151000022888184,6090.27001953125,12.770000457763672,1.5,317.604
2024-12-09,1424.219970703125,106.1500015258789,68.37000274658203,2360.580078125,4.198999881744385,6052.85009765625,14.1899995803833,1.5,317.604
2024-12-10,1426.5999755859375,106.4000015258789,68.58999633789062,2417.840087890625,4.2210001945495605,6034.91015625,14.180000305175781,1.5,317.604
2024-12-11,1433.949951171875,106.70999908447266,70.29000091552734,2442.510009765625,4.270999908447266,6084.18994140625,13.579999923706055,1.5,317.604
2024-12-12,1429.1500244140625,106.95999908447266,70.0199966430664,2482.1201171875,4.323999881744385,6051.25,13.920000076293945,1.5,317.604
2024-12-13,1427.8599853515625,107.0,71.29000091552734,2494.4599609375,4.39900016784668,6051.08984375,13.8100004196167,1.5,317.604
2024-12-16,1434.449951171875,106.86000061035156,70.70999908447266,2488.969970703125,4.396999835968018,6074.080078125,14.6899995803833,1.5,317.604
2024-12-17,1431.3499755859375,106.95999908447266,70.08000183105469,2456.81005859375,4.385000228881836,6050.60986328125,15.869999885559082,1.5,317.604
2024-12-18,1436.4200439453125,108.02999877929688,70.58000183105469,2484.429931640625,4.49399995803833,5872.16015625,27.6200008392334,1.5,317.604
2024-12-19,1451.5,108.41000366210938,69.91000366210938,2435.929931640625,4.570000171661377,5867.080078125,24.09000015258789,1.5,317.604
2024-12-20,1437.449951171875,107.62000274658203,69.45999908447266,2404.14990234375,4.52400016784668,5930.85009765625,18.360000610351562,1.5,317.604
2024-12-23,1445.4200439453125,108.04000091552734,69.23999786376953,2442.010009765625,4.598999977111816,5974.06982421875,16.780000686645508,1.5,317.604
2024-12-24,1442.699951171875,108.26000213623047,70.0999984741211,2440.52001953125,4.591000080108643,6040.0400390625,14.270000457763672,1.5,317.604
2024-12-25,1453.4200439453125,,,,,,,1.5,317.604
2024-12-26,1457.6099853515625,108.12999725341797,69.62000274658203,2429.669921875,4.578999996185303,6037.58984375,14.729999542236328,1.5,317.604
2024-12-27,1466.989990234375,108.0,70.5999984741211,2404.77001953125,4.61899995803833,5970.83984375,15.949999809265137,1.5,317.604
2024-12-30,1472.800048828125,108.12999725341797,70.98999786376953,2399.489990234375,4.545000076293945,5906.93994140625,17.399999618530273,1.5,317.604
2024-12-31,1467.3900146484375,108.48999786376953,71.72000122070312,,4.572999954223633,5881.6298828125,17.350000381469727,1.5,317.604
2025-01-02,1473.52001953125,109.38999938964844,73.12999725341797,2398.93994140625,4.574999809265137,5868.5498046875,17.93000030517578,1.5,318.961
2025-01-03,1471.6500244140625,108.94999694824219,73.95999908447266,2441.919921875,4.5960001945495605,5942.47021484375,16.1299991607666,1.5,318.961
2025-01-06,1465.530029296875,108.26000213623047,73.55999755859375,2488.639892578125,4.618000030517578,5975.3798828125,16.040000915527344,1.5,318.961
2025-01-07,1459.449951171875,108.54000091552734,74.25,2492.10009765625,4.683000087738037,5909.02978515625,17.81999969482422,1.5,318.961
2025-01-08,1451.8800048828125,109.08999633789062,73.31999969482422,2521.050048828125,4.692999839782715,5918.25,17.700000762939453,1.5,318.961
2025-01-09,1457.969970703125,109.18000030517578,73.91999816894531,2521.89990234375,,,,1.5,318.961
2025-01-10,1455.22998046875,109.6500015258789,76.56999969482422,2515.780029296875,4.776000022888184,5827.0400390625,19.540000915527344,1.5,318.961
2025-01-13,1472.25,109.95999908447266,78.81999969482422,2489.56005859375,4.802999973297119,5836.22021484375,19.190000534057617,1.5,318.961
2025-01-14,1458.8900146484375,109.2699966430664,77.5,2497.39990234375,4.788000106811523,5842.91015625,18.709999084472656,1.5,318.961
2025-01-15,1460.43994140625,109.08999633789062,80.04000091552734,2496.81005859375,4.6529998779296875,5949.91015625,16.1200008392334,1.5,318.961
2025-01-16,1437.219970703125,108.95999908447266,78.68000030517578,2527.489990234375,4.605999946594238,5937.33984375,16.600000381469727,1.5,318.961
2025-01-17,1453.3199462890625,109.3499984741211,77.87999725341797,2523.550048828125,4.609000205993652,5996.66015625,15.970000267028809,1.5,318.961
2025-01-20,1457.3800048828125,,,2520.050048828125,,,,1.5,318.961
2025-01-21,1435.530029296875,108.05999755859375,75.88999938964844,2518.030029296875,4.573999881744385,6049.240234375,15.0600004196167,1.5,318.961
2025-01-22,1425.7900390625,108.16999816894531,75.44000244140625,2547.06005859375,4.598999977111816,6086.3701171875,15.100000381469727,1.5,318.961
2025-01-23,1434.3399658203125,108.05000305175781,74.62000274658203,2515.489990234375,4.638000011444092,6118.7099609375,15.020000457763672,1.5,318.961
2025-01-24,1433.9300537109375,107.44000244140625,74.66000366210938,2536.800048828125,4.625999927520752,6101.240234375,14.850000381469727,1.5,318.961
2025-01-27,1427.6300048828125,107.33999633789062,73.16999816894531,,4.5279998779296875,6012.27978515625,17.899999618530273,1.5,318.961
2025-01-28,1417.9200439453125,107.87000274658203,73.7699966430664,,4.551000118255615,6067.7001953125,16.40999984741211,1.5,318.961
2025-01-29,1443.260009765625,108.0,72.62000274658203,,4.554999828338623,6039.31005859375,16.559999465942383,1.5,318.961
2025-01-30,1443.3199462890625,107.80000305175781,72.7300033569336,,4.51200008392334,6071.169921875,15.84000015258789,1.5,318.961
2025-01-31,1441.6600341796875,108.37000274658203,72.52999877929688,2517.3701171875,4.568999767303467,6040.52978515625,16.43000030517578,1.5,318.961
2025-02-03,1456.780029296875,108.98999786376953,73.16000366210938,2453.949951171875,4.543000221252441,5994.56982421875,18.6200008392334,1.25,319.679
2025-02-04,1459.050048828125,107.95999908447266,72.69999694824219,2481.68994140625,4.513000011444092,6037.8798828125,17.209999084472656,1.25,319.679
2025-02-05,1450.1600341796875,107.58000183105469,71.02999877929688,2509.27001953125,4.421999931335449,6061.47998046875,15.770000457763672,1.25,319.679
2025-02-06,1443.8900146484375,107.69000244140625,70.61000061035156,2536.75,4.440000057220459,6083.56982421875,15.5,1.25,319.679
2025-02-07,1442.1500244140625,108.04000091552734,71.0,2521.919921875,4.486999988555908,6025.990234375,16.540000915527344,1.25,319.679
2025-02-10,1450.6199951171875,108.31999969482422,72.31999969482422,2521.27001953125,4.493000030517578,6066.43994140625,15.8100004196167,1.25,319.679
2025-02-11,1453.2099609375,107.95999908447266,73.31999969482422,2539.050048828125,4.5370001792907715,6068.5,16.020000457763672,1.25,319.679
2025-02-12,1450.75,107.94000244140625,71.37000274658203,2548.389892578125,4.63700008392334,6051.97021484375,15.890000343322754,1.25,319.679
2025-02-13,1452.1199951171875,107.30999755859375,71.29000091552734,2583.169921875,4.525000095367432,6115.06982421875,15.100000381469727,1.25,319.679
2025-02-14,1438.739990234375,106.56999969482422,70.73999786376953,2591.050048828125,4.4720001220703125,6114.6298828125,14.770000457763672,1.25,319.679
2025-02-17,1432.5999755859375,,,2610.419921875,,,,1.25,319.679
2025-02-18,1441.2900390625,107.05000305175781,71.8499984741211,2626.81005859375,4.544000148773193,6129.580078125,15.350000381469727,1.25,319.679
2025-02-19,1440.0799560546875,107.16999816894531,72.25,2671.52001953125,4.534999847412109,6144.14990234375,15.270000457763672,1.25,319.679
2025-02-20,1439.97998046875,106.33999633789062,72.56999969482422,2654.06005859375,4.5,6117.52001953125,15.65999984741211,1.25,319.679
2025-02-21,1431.699951171875,106.61000061035156,70.4000015258789,2654.580078125,4.420000076293945,6013.1298828125,18.209999084472656,1.25,319.679
2025-02-24,1434.2900390625,106.5999984741211,70.69999694824219,2645.27001953125,4.39300012588501,5983.25,18.979999542236328,1.25,319.679
2025-02-25,1428.6500244140625,106.30999755859375,68.93000030517578,2630.2900390625,4.297999858856201,5955.25,19.43000030517578,1.25,319.679
2025-02-26,1429.5,106.41999816894531,68.62000274658203,2641.090087890625,4.249000072479248,5956.06005859375,19.100000381469727,1.25,319.679
2025-02-27,1434.4200439453125,107.23999786376953,70.3499984741211,2621.75,4.284999847412109,5861.56982421875,21.1299991607666,1.25,319.679
2025-02-28,1449.8599853515625,107.61000061035156,69.76000213623047,2532.780029296875,4.230999946594238,5954.5,19.6299991607666,1.25,319.679
2025-03-03,1459.800048828125,106.75,68.37000274658203,,4.179999828338623,5849.72021484375,22.780000686645508,1.25,319.785
2025-03-04,1457.9300537109375,105.73999786376953,68.26000213623047,2528.919921875,4.210000038146973,5778.14990234375,23.510000228881836,1.25,319.785
2025-03-05,1452.8499755859375,105.73999786376953,66.30999755859375,2558.1298828125,4.264999866485596,5842.6298828125,21.93000030517578,1.25,319.785
2025-03-06,1443.030029296875,104.05999755859375,66.36000061035156,2576.159912109375,4.285999774932861,5738.52001953125,24.8700008392334,1.25,319.785
2025-03-07,1446.5,103.83999633789062,67.04000091552734,2563.47998046875,4.316999912261963,5770.2001953125,23.3700008392334,1.25,319.785
2025-03-10,1446.260009765625,103.91000366210938,66.02999877929688,2570.389892578125,4.2129998207092285,5614.56005859375,27.860000610351562,1.25,319.785
2025-03-11,1457.030029296875,103.44000244140625,66.25,2537.60009765625,4.288000106811523,5572.06982421875,26.920000076293945,1.25,319.785
2025-03-12,1451.02001953125,103.61000061035156,67.68000030517578,2574.820068359375,4.317999839782715,5599.2998046875,24.229999542236328,1.25,319.785
2025-03-13,1448.75,103.83000183105469,66.55000305175781,2573.639892578125,4.27400016784668,5521.52001953125,24.65999984741211,1.25,319.785
2025-03-14,1453.22998046875,103.72000122070312,67.18000030517578,2566.360107421875,4.308000087738037,5638.93994140625,21.770000457763672,1.25,319.785
2025-03-17,1449.050048828125,103.37000274658203,67.58000183105469,2610.68994140625,4.306000232696533,5675.1201171875,20.510000228881836,1.25,319.785
2025-03-18,1442.489990234375,103.23999786376953,66.9000015258789,2612.340087890625,4.281000137329102,5614.66015625,21.700000762939453,1.25,319.785
2025-03-19,1448.93994140625,103.43000030517578,67.16000366210938,2628.6201171875,4.25600004196167,5675.2900390625,19.899999618530273,1.25,319.785
2025-03-20,1443.3900146484375,103.8499984741211,68.26000213623047,2637.10009765625,4.232999801635742,5662.89013671875,19.799999237060547,1.25,319.785
2025-03-21,1465.8199462890625,104.08999633789062,68.27999877929688,2643.1298828125,4.251999855041504,5667.56005859375,19.280000686645508,1.25,319.785
2025-03-24,1464.780029296875,104.26000213623047,69.11000061035156,2632.070068359375,4.330999851226807,5767.56982421875,17.479999542236328,1.25,319.785
2025-03-25,1466.27001953125,104.18000030517578,69.0,2615.81005859375,4.307000160217285,5776.64990234375,17.149999618530273,1.25,319.785
2025-03-26,1462.0899658203125,104.55000305175781,69.6500015258789,2643.93994140625,4.3379998207092285,5712.2001953125,18.329999923706055,1.25,319.785
2025-03-27,1465.6800537109375,104.06999969482422,69.91999816894531,2607.14990234375,4.36899995803833,5693.31005859375,18.690000534057617,1.25,319.785
2025-03-28,1461.8900146484375,104.04000091552734,69.36000061035156,2557.97998046875,4.255000114440918,5580.93994140625,21.649999618530273,1.25,319.785
2025-03-31,1469.4100341796875,104.20999908447266,71.4800033569336,2481.1201171875,4.245999813079834,5611.85009765625,22.280000686645508,1.25,319.785
2025-04-01,1471.9599609375,104.26000213623047,71.19999694824219,2521.389892578125,4.156000137329102,5633.06982421875,21.770000457763672,1.25,320.302
2025-04-02,1469.969970703125,103.80999755859375,71.70999908447266,2505.860107421875,4.196000099182129,5670.97021484375,21.510000228881836,1.25,320.302
2025-04-03,1466.0400390625,102.06999969482422,66.94999694824219,2486.699951171875,4.054999828338623,5396.52001953125,30.020000457763672,1.25,320.302
2025-04-04,1450.6800537109375,103.0199966430664,61.9900016784668,2465.419921875,3.984999895095825,5074.080078125,45.310001373291016,1.25,320.302
2025-04-07,1458.52001953125,103.26000213623047,60.70000076293945,2328.199951171875,4.15500020980835,5062.25,46.97999954223633,1.25,320.302
2025-04-08,1469.949951171875,102.95999908447266,59.58000183105469,2334.22998046875,4.26200008392334,4982.77001953125,52.33000183105469,1.25,320.302
2025-04-09,1486.1300048828125,102.9000015258789,62.349998474121094,2293.699951171875,4.400000095367432,5456.89990234375,33.619998931884766,1.25,320.302
2025-04-10,1443.949951171875,100.87000274658203,60.06999969482422,2445.06005859375,4.394000053405762,5268.0498046875,40.720001220703125,1.25,320.302
2025-04-11,1452.0400390625,99.77999877929688,61.5,2432.719970703125,4.493000030517578,5363.35986328125,37.560001373291016,1.25,320.302
2025-04-14,1419.050048828125,99.63999938964844,61.529998779296875,2455.889892578125,4.363999843597412,5405.97021484375,30.889999389648438,1.25,320.302
2025-04-15,1419.4200439453125,100.22000122070312,61.33000183105469,2477.409912109375,4.322999954223633,5396.6298828125,30.1200008392334,1.25,320.302
2025-04-16,1427.02001953125,99.37999725341797,62.470001220703125,2447.429931640625,4.2789998054504395,5275.7001953125,32.63999938964844,1.25,320.302
2025-04-17,1414.22998046875,99.37999725341797,64.68000030517578,2470.409912109375,4.333000183105469,5282.7001953125,29.649999618530273,1.25,320.302
2025-04-22,1421.6400146484375,98.91999816894531,64.30999755859375,2486.639892578125,4.388999938964844,5287.759765625,30.56999969482422,1.25,320.302
2025-04-23,1429.219970703125,99.83999633789062,62.27000045776367,2525.56005859375,4.38700008392334,5375.85986328125,28.450000762939453,1.25,320.302
2025-04-24,1426.449951171875,99.29000091552734,62.790000915527344,2522.330078125,4.304999828338623,5484.77001953125,26.469999313354492,1.25,320.302
2025-04-25,1430.06005859375,99.47000122070312,63.02000045776367,2546.300048828125,4.265999794006348,5525.2099609375,24.84000015258789,1.25,320.302
2025-04-28,1437.3599853515625,99.01000213623047,62.04999923706055,2548.860107421875,4.216000080108643,5528.75,25.149999618530273,1.25,320.302
2025-04-29,1435.8800048828125,99.23999786376953,60.41999816894531,2565.419921875,4.172999858856201,5560.830078125,24.170000076293945,1.25,320.302
2025-04-30,1431.1600341796875,99.47000122070312,58.209999084472656,2556.610107421875,4.177000045776367,5569.06005859375,24.700000762939453,1.25,320.302
2025-05-01,1423.75,100.25,59.2400016784668,,4.230999946594238,5604.14013671875,24.600000381469727,1.0,320.62
2025-05-02,1435.0999755859375,100.0,58.290000915527344,2559.7900390625,4.322000026702881,5686.669921875,22.68000030517578,1.0,320.62
2025-05-05,1398.9000244140625,99.83000183105469,57.130001068115234,,4.3429999351501465,5650.3798828125,23.639999389648438,1.0,320.62
2025-05-06,1374.3699951171875,99.23999786376953,59.09000015258789,,4.308000087738037,5606.91015625,24.760000228881836,1.0,320.62
2025-05-07,1374.77001953125,99.61000061035156,58.06999969482422,2573.800048828125,4.275000095367432,5631.27978515625,23.549999237060547,1.0,320.62
2025-05-08,1397.2900390625,100.63999938964844,59.90999984741211,2579.47998046875,4.373000144958496,5663.93994140625,22.479999542236328,1.0,320.62
2025-05-09,1403.8499755859375,100.33999633789062,61.02000045776367,2577.27001953125,4.375,5659.91015625,21.899999618530273,1.0,320.62
2025-05-12,1395.1700439453125,101.79000091552734,61.95000076293945,2607.330078125,4.456999778747559,5844.18994140625,18.389999389648438,1.0,320.62
2025-05-13,1416.030029296875,101.0,63.66999816894531,2608.419921875,4.499000072479248,5886.5498046875,18.219999313354492,1.0,320.62
2025-05-14,1416.0,101.04000091552734,63.150001525878906,2640.570068359375,4.5279998779296875,5892.580078125,18.6200008392334,1.0,320.62
2025-05-15,1407.3299560546875,100.87999725341797,61.619998931884766,2621.360107421875,4.454999923706055,5916.93017578125,17.829999923706055,1.0,320.62
2025-05-16,1397.02001953125,101.08999633789062,62.4900016784668,2626.8701171875,4.440999984741211,5958.3798828125,17.239999771118164,1.0,320.62
2025-05-19,1398.1300048828125,100.43000030517578,62.689998626708984,2603.419921875,4.474999904632568,5963.60009765625,18.139999389648438,1.0,320.62
2025-05-20,1388.550048828125,100.12000274658203,62.560001373291016,2601.800048828125,4.480999946594238,5940.4599609375,18.09000015258789,1.0,320.62
2025-05-21,1392.72998046875,99.55999755859375,61.56999969482422,2625.580078125,4.5960001945495605,5844.60986328125,20.8700008392334,1.0,320.62
2025-05-22,1373.8599853515625,99.95999908447266,61.20000076293945,2593.669921875,4.552999973297119,5842.009765625,20.280000686645508,1.0,320.62
2025-05-23,1381.3399658203125,99.11000061035156,61.529998779296875,2592.090087890625,4.508999824523926,5802.81982421875,22.290000915527344,1.0,320.62
2025-05-26,1364.72998046875,98.93000030517578,,2644.39990234375,,,,1.0,320.62
2025-05-27,1368.0999755859375,99.5199966430664,60.88999938964844,2637.219970703125,4.434000015258789,5921.5400390625,18.959999084472656,1.0,320.62
2025-05-28,1374.800048828125,99.87999725341797,61.84000015258789,2670.14990234375,4.4770002365112305,5888.5498046875,19.309999465942383,1.0,320.62
2025-05-29,1373.5999755859375,99.27999877929688,60.939998626708984,2720.639892578125,4.423999786376953,5912.169921875,19.18000030517578,1.0,320.62
2025-05-30,1370.4100341796875,99.33000183105469,60.790000915527344,2697.669921875,4.415999889373779,5911.68994140625,18.56999969482422,1.0,320.62
2025-06-02,1381.989990234375,98.69999694824219,62.52000045776367,2698.969970703125,4.461999893188477,5935.93994140625,18.360000610351562,1.0,321.435
2025-06-03,1376.0699462890625,99.25,63.40999984741211,,4.460000038146973,5970.3701171875,17.690000534057617,1.0,321.435
2025-06-04,1377.719970703125,98.79000091552734,62.849998474121094,2770.840087890625,4.364999771118164,5970.81005859375,17.610000610351562,1.0,321.435
2025-06-05,1361.0899658203125,98.73999786376953,63.369998931884766,2812.050048828125,4.394000053405762,5939.2998046875,18.479999542236328,1.0,321.435
2025-06-06,1354.550048828125,99.19000244140625,64.58000183105469,,4.510000228881836,6000.35986328125,16.770000457763672,1.0,321.435
2025-06-09,1359.18994140625,98.94000244140625,65.29000091552734,2855.77001953125,4.48199987411499,6005.8798828125,17.15999984741211,1.0,321.435
2025-06-10,1353.8499755859375,99.05000305175781,64.9800033569336,2871.85009765625,4.473999977111816,6038.81005859375,16.950000762939453,1.0,321.435
2025-06-11,1363.8800048828125,98.62999725341797,68.1500015258789,2907.0400390625,4.4120001792907715,6022.240234375,17.260000228881836,1.0,321.435
2025-06-12,1365.68994140625,97.91999816894531,68.04000091552734,2920.030029296875,4.35699987411499,6045.259765625,18.020000457763672,1.0,321.435
2025-06-13,1349.7900390625,98.18000030517578,72.9800033569336,2894.6201171875,4.423999786376953,5976.97021484375,20.81999969482422,1.0,321.435
2025-06-16,1365.1400146484375,98.0,71.7699966430664,2946.659912109375,4.452000141143799,6033.10986328125,19.110000610351562,1.0,321.435
2025-06-17,1357.780029296875,98.81999969482422,74.83999633789062,2950.300048828125,4.39300012588501,5982.72021484375,21.600000381469727,1.0,321.435
2025-06-18,1380.5,98.91000366210938,75.13999938964844,2972.18994140625,4.396999835968018,5980.8701171875,20.139999389648438,1.0,321.435
2025-06-19,1370.75,,,2977.739990234375,,,,1.0,321.435
2025-06-20,1374.8900146484375,98.70999908447266,74.93000030517578,3021.840087890625,4.375,5967.83984375,20.6200008392334,1.0,321.435
2025-06-23,1369.469970703125,98.41999816894531,68.51000213623047,3014.469970703125,4.320000171661377,6025.169921875,19.829999923706055,1.0,321.435
2025-06-24,1361.93994140625,97.86000061035156,64.37000274658203,3103.639892578125,4.293000221252441,6092.18017578125,17.479999542236328,1.0,321.435
2025-06-25,1353.780029296875,97.68000030517578,64.91999816894531,3108.25,4.293000221252441,6092.16015625,16.760000228881836,1.0,321.435
2025-06-26,1357.030029296875,97.1500015258789,65.23999786376953,3079.56005859375,4.252999782562256,6141.02001953125,16.59000015258789,1.0,321.435
2025-06-27,1352.760009765625,97.4000015258789,65.5199966430664,3055.93994140625,4.2829999923706055,6173.06982421875,16.31999969482422,1.0,321.435
2025-06-30,1363.5899658203125,96.87999725341797,65.11000061035156,3071.699951171875,4.230000019073486,6204.9501953125,16.729999542236328,1.0,321.435
2025-07-01,1348.5,96.81999969482422,65.44999694824219,3089.64990234375,4.250999927520752,6198.009765625,16.829999923706055,1.0,322.169
2025-07-02,1355.5899658203125,96.77999877929688,67.44999694824219,3075.06005859375,4.293000221252441,6227.419921875,16.639999389648438,1.0,322.169
2025-07-03,1354.75,97.18000030517578,67.0,3116.27001953125,4.3480000495910645,6279.35009765625,16.3799991607666,1.0,322.169
2025-07-04,1357.0999755859375,,66.5,3054.280029296875,,,,1.0,322.169
2025-07-07,1362.199951171875,97.4800033569336,67.93000030517578,3059.469970703125,4.394999980926514,6229.97998046875,17.790000915527344,1.0,322.169
2025-07-08,1374.6400146484375,97.51000213623047,68.33000183105469,3114.949951171875,4.414999961853027,6225.52001953125,16.809999465942383,1.0,322.169
2025-07-09,1370.300048828125,97.47000122070312,68.37999725341797,3133.739990234375,4.3420000076293945,6263.259765625,15.9399995803833,1.0,322.169
2025-07-10,1373.0,97.6500015258789,66.56999969482422,3183.22998046875,4.3460001945495605,6280.4599609375,15.779999732971191,1.0,322.169
2025-07-11,1372.6400146484375,97.8499984741211,68.44999694824219,3175.77001953125,4.422999858856201,6259.75,16.399999618530273,1.0,322.169
2025-07-14,1378.1700439453125,98.08000183105469,66.9800033569336,3202.030029296875,4.427000045776367,6268.56005859375,17.200000762939453,1.0,322.169
2025-07-15,1382.010009765625,98.62000274658203,66.5199966430664,3215.280029296875,4.488999843597412,6243.759765625,17.3799991607666,1.0,322.169
2025-07-16,1386.449951171875,98.38999938964844,66.37999725341797,3186.3798828125,4.454999923706055,6263.7001953125,17.15999984741211,1.0,322.169
2025-07-17,1384.9200439453125,98.7300033569336,67.54000091552734,3192.2900390625,4.4629998207092285,6297.35986328125,16.520000457763672,1.0,322.169
2025-07-18,1391.5799560546875,98.4800033569336,67.33999633789062,3188.070068359375,4.432000160217285,6296.7900390625,16.40999984741211,1.0,322.169
2025-07-21,1390.5699462890625,97.8499984741211,67.19999694824219,3210.81005859375,4.372000217437744,6305.60009765625,16.649999618530273,1.0,322.169
2025-07-22,1381.8199462890625,97.38999938964844,66.20999908447266,3169.93994140625,4.335999965667725,6309.6201171875,16.5,1.0,322.169
2025-07-23,1379.780029296875,97.20999908447266,65.25,3183.77001953125,4.388000011444092,6358.91015625,15.369999885559082,1.0,322.169
2025-07-24,1373.719970703125,97.37999725341797,66.02999877929688,3190.449951171875,4.4079999923706055,6363.35009765625,15.390000343322754,1.0,322.169
2025-07-25,1372.0,97.6500015258789,65.16000366210938,3196.050048828125,4.386000156402588,6388.64013671875,14.930000305175781,1.0,322.169
2025-07-28,1382.780029296875,98.66000366210938,66.70999908447266,3209.52001953125,4.420000076293945,6389.77001953125,15.029999732971191,1.0,322.169
2025-07-29,1388.2900390625,98.91000366210938,69.20999908447266,3230.570068359375,4.329999923706055,6370.85986328125,15.979999542236328,1.0,322.169
2025-07-30,1388.8599853515625,99.94000244140625,70.0,3254.469970703125,4.375999927520752,6362.89990234375,15.479999542236328,1.0,322.169
2025-07-31,1392.52001953125,100.02999877929688,69.26000213623047,3245.43994140625,4.360000133514404,6339.39013671875,16.719999313354492,1.0,322.169
2025-08-01,1391.510009765625,98.69000244140625,67.33000183105469,3119.409912109375,4.21999979019165,6238.009765625,20.3799991607666,1.0,323.291
2025-08-04,1390.1800537109375,98.77999877929688,66.29000091552734,3147.75,4.199999809265137,6329.93994140625,17.520000457763672,1.0,323.291
2025-08-05,1383.5899658203125,98.77999877929688,65.16000366210938,3198.0,4.196000099182129,6299.18994140625,17.850000381469727,1.0,323.291
2025-08-06,1386.5799560546875,98.18000030517578,64.3499984741211,3198.139892578125,4.21999979019165,6345.06005859375,16.770000457763672,1.0,323.291
2025-08-07,1384.3900146484375,98.4000015258789,63.880001068115234,3227.679931640625,4.24399995803833,6340.0,16.56999969482422,1.0,323.291
2025-08-08,1384.969970703125,98.18000030517578,63.880001068115234,3210.010009765625,4.284999847412109,6389.4501953125,15.149999618530273,1.0,323.291
2025-08-11,1387.81005859375,98.5199966430664,63.959999084472656,3206.77001953125,4.2729997634887695,6373.4501953125,16.25,1.0,323.291
2025-08-12,1389.7900390625,98.0999984741211,63.16999816894531,3189.909912109375,4.293000221252441,6445.759765625,14.729999542236328,1.0,323.291
2025-08-13,1383.0899658203125,97.83999633789062,62.650001525878906,3224.3701171875,4.23799991607666,6466.580078125,14.489999771118164,1.0,323.291
2025-08-14,1378.780029296875,98.25,63.959999084472656,3225.659912109375,4.293000221252441,6468.5400390625,14.829999923706055,1.0,323.291
2025-08-15,1387.8699951171875,97.8499984741211,62.79999923706055,,4.328000068664551,6449.7998046875,15.09000015258789,1.0,323.291
2025-08-18,1387.97998046875,98.16999816894531,63.41999816894531,3177.280029296875,4.341000080108643,6449.14990234375,14.989999771118164,1.0,323.291
2025-08-19,1386.9100341796875,98.2699966430664,62.349998474121094,3151.56005859375,4.302000045776367,6411.3701171875,15.569999694824219,1.0,323.291
2025-08-20,1391.3399658203125,98.22000122070312,63.209999084472656,3130.090087890625,4.296000003814697,6395.77978515625,15.6899995803833,1.0,323.291
2025-08-21,1396.9100341796875,98.62000274658203,63.52000045776367,3141.739990234375,4.329999923706055,6370.169921875,16.600000381469727,1.0,323.291
2025-08-22,1399.6099853515625,97.72000122070312,63.65999984741211,3168.72998046875,4.260000228881836,6466.91015625,14.220000267028809,1.0,323.291
2025-08-25,1382.8900146484375,98.43000030517578,64.80000305175781,3209.860107421875,4.275000095367432,6439.31982421875,14.789999961853027,1.0,323.291
2025-08-26,1389.050048828125,98.2300033569336,63.25,3179.360107421875,4.257999897003174,6465.93994140625,14.619999885559082,1.0,323.291
2025-08-27,1393.949951171875,98.2300033569336,64.1500015258789,3187.159912109375,4.23799991607666,6481.39990234375,14.850000381469727,1.0,323.291
2025-08-28,1392.75,97.80999755859375,64.5999984741211,3196.320068359375,4.206999778747559,6501.85986328125,14.430000305175781,1.0,323.291
2025-08-29,1384.4100341796875,97.7699966430664,64.01000213623047,3186.010009765625,4.2270002365112305,6460.259765625,15.359999656677246,1.0,323.291
2025-09-01,1388.8399658203125,,,3142.929931640625,,,,1.0,324.245
2025-09-02,1392.93994140625,98.4000015258789,65.58999633789062,3172.35009765625,4.2769999504089355,6415.5400390625,17.170000076293945,1.0,324.245
2025-09-03,1394.5699462890625,98.13999938964844,63.970001220703125,3184.419921875,4.210999965667725,6448.259765625,16.350000381469727,1.0,324.245
2025-09-04,1389.6300048828125,98.3499984741211,63.47999954223633,3200.830078125,4.176000118255615,6502.080078125,15.300000190734863,1.0,324.245
2025-09-05,1392.06005859375,97.7699966430664,61.869998931884766,3205.1201171875,4.085999965667725,6481.5,15.180000305175781,1.0,324.245
2025-09-08,1385.510009765625,97.44999694824219,62.2599983215332,3219.590087890625,4.046000003814697,6495.14990234375,15.109999656677246,1.0,324.245
2025-09-09,1385.719970703125,97.79000091552734,62.630001068115234,3260.050048828125,4.073999881744385,6512.60986328125,15.039999961853027,1.0,324.245
2025-09-10,1387.25,97.77999877929688,63.66999816894531,3314.530029296875,4.0320000648498535,6532.0400390625,15.350000381469727,1.0,324.245
2025-09-11,1387.199951171875,97.54000091552734,62.369998931884766,3344.199951171875,4.011000156402588,6587.47021484375,14.710000038146973,1.0,324.245
2025-09-12,1389.5,97.55000305175781,62.689998626708984,3395.5400390625,4.060999870300293,6584.2900390625,14.760000228881836,1.0,324.245
2025-09-15,1393.699951171875,97.30000305175781,63.29999923706055,3407.31005859375,4.033999919891357,6615.27978515625,15.6899995803833,1.0,324.245
2025-09-16,1385.010009765625,96.62999725341797,64.5199966430664,3449.6201171875,4.026000022888184,6606.759765625,16.360000610351562,1.0,324.245
2025-09-17,1377.6400146484375,96.87000274658203,64.05000305175781,3413.39990234375,4.076000213623047,6600.35009765625,15.720000267028809,1.0,324.245
2025-09-18,1378.68994140625,97.3499984741211,63.56999969482422,3461.300048828125,4.104000091552734,6631.9599609375,15.699999809265137,1.0,324.245
2025-09-19,1386.75,97.63999938964844,62.68000030517578,3445.239990234375,4.138999938964844,6664.35986328125,15.449999809265137,1.0,324.245
2025-09-22,1396.22998046875,97.33000183105469,62.63999938964844,3468.64990234375,4.14300012588501,6693.75,16.100000381469727,1.0,324.245
2025-09-23,1389.3900146484375,97.26000213623047,63.40999984741211,3486.18994140625,4.119999885559082,6656.919921875,16.639999389648438,1.0,324.245
2025-09-24,1391.8499755859375,97.87000274658203,64.98999786376953,3472.139892578125,4.146999835968018,6637.97021484375,16.18000030517578,1.0,324.245
2025-09-25,1403.6500244140625,98.55000305175781,64.9800033569336,3471.110107421875,4.171999931335449,6604.72021484375,16.739999771118164,1.0,324.245
2025-09-26,1408.9200439453125,98.1500015258789,65.72000122070312,3386.050048828125,4.186999797821045,6643.7001953125,15.289999961853027,1.0,324.245
2025-09-29,1408.7099609375,97.91000366210938,63.45000076293945,3431.2099609375,4.140999794006348,6661.2099609375,16.1200008392334,1.0,324.245
2025-09-30,1399.3299560546875,97.7699966430664,62.369998931884766,3424.60009765625,4.1479997634887695,6688.4599609375,16.280000686645508,1.0,324.245
2025-10-01,1403.1500244140625,97.70999908447266,61.779998779296875,3455.830078125,4.105999946594238,6711.2001953125,16.290000915527344,1.0,
2025-10-02,1401.8199462890625,97.8499984741211,60.47999954223633,3549.2099609375,4.0879998207092285,6715.35009765625,16.6299991607666,1.0,
2025-10-03,1405.6300048828125,97.72000122070312,60.880001068115234,,4.11899995803833,6715.7900390625,16.649999618530273,1.0,
2025-10-06,1406.06005859375,98.11000061035156,61.689998626708984,,4.1620001792907715,6740.27978515625,16.3700008392334,1.0,
2025-10-07,1409.9200439453125,98.58000183105469,61.72999954223633,,4.126999855041504,6714.58984375,17.239999771118164,1.0,
2025-10-08,1414.5699462890625,98.8499984741211,62.54999923706055,,4.129000186920166,6753.72021484375,16.299999237060547,1.0,
2025-10-09,1422.52001953125,99.54000091552734,61.5099983215332,,4.1479997634887695,6735.10986328125,16.43000030517578,1.0,
2025-10-10,1421.510009765625,98.9800033569336,58.900001525878906,3610.60009765625,4.051000118255615,6552.509765625,21.65999984741211,1.0,
2025-10-13,1429.030029296875,99.2699966430664,59.4900016784668,3584.550048828125,4.051000118255615,6654.72021484375,19.030000686645508,1.0,
2025-10-14,1426.0699462890625,99.05000305175781,58.70000076293945,3561.81005859375,4.021999835968018,6644.31005859375,20.809999465942383,1.0,
2025-10-15,1429.4300537109375,98.79000091552734,58.27000045776367,3657.280029296875,4.046000003814697,6671.06005859375,20.639999389648438,1.0,
2025-10-16,1420.0899658203125,98.38999938964844,57.459999084472656,3748.3701171875,3.9760000705718994,6629.06982421875,25.309999465942383,1.0,
2025-10-17,1415.719970703125,98.43000030517578,57.540000915527344,3748.889892578125,4.006999969482422,6664.009765625,20.780000686645508,1.0,
2025-10-20,1419.739990234375,98.58999633789062,57.52000045776367,3814.68994140625,3.9860000610351562,6735.1298828125,18.229999542236328,1.0,
2025-10-21,1419.739990234375,98.93000030517578,57.81999969482422,3823.840087890625,3.9630000591278076,6735.35009765625,17.8700008392334,1.0,
2025-10-22,1430.739990234375,98.9000015258789,58.5,3883.679931640625,3.953000068664551,6699.39990234375,18.600000381469727,1.0,
2025-10-23,1430.4000244140625,98.94000244140625,61.790000915527344,3845.56005859375,3.990999937057495,6738.43994140625,17.299999237060547,1.0,
2025-10-24,1435.8399658203125,98.94999694824219,61.5,3941.590087890625,3.996999979019165,6791.68994140625,16.3700008392334,1.0,
2025-10-27,1436.969970703125,98.77999877929688,61.310001373291016,4042.830078125,3.996999979019165,6875.16015625,15.789999961853027,1.0,
2025-10-28,1430.969970703125,98.69000244140625,60.150001525878906,4010.409912109375,3.9830000400543213,6890.89013671875,16.420000076293945,1.0,
2025-10-29,1425.969970703125,99.22000122070312,60.47999954223633,4081.14990234375,4.058000087738037,6890.58984375,16.920000076293945,1.0,
2025-10-30,1424.010009765625,99.52999877929688,60.56999969482422,4086.889892578125,4.0929999351501465,6822.33984375,16.90999984741211,1.0,
2025-10-31,1424.02001953125,99.80000305175781,60.97999954223633,4107.5,4.10099983215332,6840.2001953125,17.440000534057617,1.0,
2025-11-03,1427.1700439453125,99.87000274658203,61.04999923706055,4221.8701171875,4.105999946594238,6851.97021484375,17.170000076293945,,325.063
2025-11-04,1428.969970703125,100.22000122070312,60.560001373291016,4121.740234375,4.089000225067139,6771.5498046875,19.0,,325.063
2025-11-05,1439.81005859375,100.19999694824219,59.599998474121094,4004.419921875,4.1570000648498535,6796.2900390625,18.010000228881836,,325.063
2025-11-06,1439.739990234375,99.7300033569336,59.43000030517578,4026.449951171875,4.0929999351501465,6720.31982421875,19.5,,325.063
2025-11-07,1447.9000244140625,99.5999984741211,59.75,3953.760009765625,4.0929999351501465,6728.7998046875,19.079999923706055,,325.063
2025-11-10,1454.0,99.62000274658203,60.130001068115234,4073.239990234375,4.110000133514404,6832.43017578125,17.600000381469727,,325.063
2025-11-11,1456.0899658203125,99.45999908447266,61.040000915527344,4106.39013671875,4.119999885559082,6846.60986328125,17.280000686645508,,325.063
2025-11-12,1459.8399658203125,99.4800033569336,58.4900016784668,4150.39013671875,4.065000057220459,6850.919921875,17.510000228881836,,325.063
2025-11-13,1468.02001953125,99.18000030517578,58.689998626708984,4170.6298828125,4.111999988555908,6737.490234375,20.0,,325.063
2025-11-14,1468.7099609375,99.2699966430664,60.09000015258789,4011.570068359375,4.1479997634887695,6734.10986328125,19.829999923706055,,325.063
2025-11-17,1446.530029296875,99.58999633789062,59.90999984741211,4089.25,4.132999897003174,6672.41015625,22.3799991607666,,325.063
2025-11-18,1461.68994140625,99.55000305175781,60.7400016784668,3953.6201171875,4.123000144958496,6617.31982421875,24.690000534057617,,325.063
2025-11-19,1456.550048828125,100.2300033569336,59.439998626708984,3929.510009765625,4.132999897003174,6642.16015625,23.65999984741211,,325.063
2025-11-20,1466.1300048828125,100.16000366210938,59.13999938964844,4004.85009765625,4.105999946594238,6538.759765625,26.420000076293945,,325.063
2025-11-21,1473.25,100.18000030517578,58.060001373291016,3853.260009765625,4.063000202178955,6602.990234375,23.43000030517578,,325.063
2025-11-24,1467.72998046875,100.13999938964844,58.84000015258789,3846.06005859375,4.038000106811523,6705.1201171875,20.520000457763672,,325.063
2025-11-25,1474.8599853515625,99.66000366210938,57.95000076293945,3857.780029296875,4.001999855041504,6765.8798828125,18.559999465942383,,325.063
2025-11-26,1464.9200439453125,99.5999984741211,58.650001525878906,3960.8701171875,3.997999906539917,6812.60986328125,17.190000534057617,,325.063
2025-11-27,1470.5899658203125,,,3986.909912109375,,,,,325.063
2025-11-28,1461.4000244140625,99.45999908447266,58.54999923706055,3926.590087890625,4.017000198364258,6849.08984375,16.350000381469727,,325.063
2025-12-01,1465.6199951171875,99.41000366210938,59.31999969482422,3920.3701171875,4.0960001945495605,6812.6298828125,17.239999771118164,,326.031
2025-12-02,1470.1700439453125,99.36000061035156,58.63999938964844,3994.929931640625,4.085999965667725,6829.3701171875,16.59000015258789,,
2025-12-03,1467.3599853515625,98.8499984741211,58.95000076293945,4036.300048828125,4.057000160217285,6849.72021484375,16.079999923706055,,
2025-12-04,1465.030029296875,98.98999786376953,59.66999816894531,4028.510009765625,4.107999801635742,6857.1201171875,15.779999732971191,,
2025-12-05,1472.3800048828125,98.98999786376953,60.08000183105469,4100.0498046875,4.138999938964844,6870.39990234375,15.40999984741211,,
2025-12-08,1471.81005859375,99.08999633789062,58.880001068115234,4154.85009765625,4.171999931335449,6846.509765625,16.65999984741211,,
2025-12-09,1468.510009765625,99.22000122070312,58.25,4143.5498046875,4.185999870300293,6840.509765625,16.93000030517578,,
2025-12-10,1467.9300537109375,98.79000091552734,58.459999084472656,4135.0,4.164000034332275,6886.68017578125,15.770000457763672,,
2025-12-11,1469.0400390625,98.3499984741211,57.599998474121094,4110.6201171875,4.140999794006348,6901.0,14.850000381469727,,
2025-12-12,1470.8499755859375,98.4000015258789,57.439998626708984,4167.16015625,4.193999767303467,6827.41015625,15.739999771118164,,
2025-12-15,1472.9100341796875,98.1500015258789,56.81999969482422,4090.590087890625,4.182000160217285,6816.509765625,16.5,,
2025-12-16,1467.47998046875,98.1500015258789,55.27000045776367,3999.1298828125,4.14900016784668,6800.259765625,16.479999542236328,,
2025-12-17,1471.739990234375,98.37000274658203,55.939998626708984,4056.409912109375,4.151000022888184,6721.43017578125,17.6200008392334,,
2025-12-18,1474.0,98.43000030517578,56.150001525878906,3994.510009765625,4.116000175476074,6774.759765625,16.8700008392334,,
2025-12-19,1474.3599853515625,98.5999984741211,56.65999984741211,4020.550048828125,4.151000022888184,6834.5,14.90999984741211,,
2025-12-22,1473.719970703125,98.29000091552734,58.0099983215332,4105.93017578125,4.169000148773193,6878.490234375,14.079999923706055,,
2025-12-23,1476.8399658203125,97.94000244140625,58.380001068115234,4117.31982421875,4.169000148773193,6909.7900390625,14.0,,
2025-12-24,1478.6700439453125,97.9800033569336,58.349998474121094,4108.6201171875,4.136000156402588,6932.0498046875,13.470000267028809,,
2025-12-26,1446.52001953125,98.0199966430664,56.7400016784668,4129.68017578125,4.136000156402588,6929.93994140625,13.600000381469727,,
2025-12-29,1441.3299560546875,98.04000091552734,58.08000183105469,4220.56005859375,4.116000175476074,6905.740234375,14.199999809265137,,
2025-12-30,1434.7099609375,98.23999786376953,57.95000076293945,4214.169921875,4.130000114440918,6896.240234375,14.329999923706055,,
