Date,KRW,DXY,OIL,KOSPI,US10Y,SP500,VIX,JPY,SOX,KR_RATE,US_CPI,MA5,MA20,RSI
2015-01-29,1084.4000244140625,94.77999877929688,44.529998779296875,1951.02001953125,1.7510000467300415,2021.25,18.760000228881836,117.59200286865234,666.6300048828125,1.0,234.747,1081.9199951171875,1086.7800048828126,42.15528665254442
2015-01-30,1098.800048828125,94.80000305175781,48.2400016784668,1949.260009765625,1.6749999523162842,1994.989990234375,20.969999313354492,118.24800109863281,653.1400146484375,1.0,234.747,1084.7400146484374,1087.0400085449219,63.07692307692307
2015-02-02,1099.0,94.5,49.56999969482422,1952.6800537109375,1.6729999780654907,2020.8499755859375,19.43000030517578,117.18399810791016,653.1400146484375,1.0,235.342,1087.6400146484375,1086.440008544922,63.58024342505571
2015-02-03,1098.0999755859375,93.5999984741211,53.04999923706055,1951.9599609375,1.7799999713897705,2050.030029296875,17.329999923706055,117.57499694824219,666.9299926757812,1.0,235.342,1091.4,1085.9200073242187,67.10100439771924
2015-02-04,1091.300048828125,93.98999786376953,48.45000076293945,1962.7900390625,1.7970000505447388,2041.510009765625,18.329999923706055,117.64600372314453,669.1500244140625,1.0,235.342,1094.32001953125,1085.6200073242187,57.34603279902498
2015-02-05,1087.5999755859375,94.69999694824219,50.47999954223633,1952.8399658203125,1.815000057220459,2062.52001953125,16.850000381469727,117.28800201416016,675.6900024414062,1.0,235.342,1094.960009765625,1085.1100036621094,60.0
2015-02-06,1084.800048828125,94.69999694824219,51.689998626708984,1955.52001953125,1.937999963760376,2055.469970703125,17.290000915527344,117.53500366210938,671.8400268554688,1.0,235.342,1092.160009765625,1084.6350036621093,55.592163382001004
2015-02-09,1096.699951171875,94.44999694824219,52.86000061035156,1947.0,1.9479999542236328,2046.739990234375,18.549999237060547,118.97000122070312,664.5399780273438,1.0,235.342,1091.7,1085.3799987792968,62.290531843251586
2015-02-10,1094.0999755859375,94.76000213623047,50.02000045776367,1935.8599853515625,1.9910000562667847,2068.590087890625,17.229999542236328,118.56300354003906,687.030029296875,1.0,235.342,1090.9,1086.0149963378906,55.5555962865548
2015-02-11,1097.5999755859375,94.98999786376953,48.84000015258789,1945.699951171875,1.9880000352859497,2068.530029296875,16.959999084472656,119.35800170898438,689.25,1.0,235.342,1092.1599853515625,1087.0399963378907,62.02143807857389
2015-02-12,1105.699951171875,94.08999633789062,51.209999084472656,1941.6300048828125,1.9859999418258667,2088.47998046875,15.34000015258789,120.16999816894531,700.1900024414062,1.0,235.342,1095.77998046875,1088.2249938964844,64.87255210476629
2015-02-13,1101.199951171875,94.19999694824219,52.779998779296875,1957.5,2.0209999084472656,2096.989990234375,14.6899995803833,118.91600036621094,705.0800170898438,1.0,235.342,1099.0599609375,1089.509991455078,61.14817953649076
2015-02-16,1095.4000244140625,94.19999694824219,52.779998779296875,1958.22998046875,2.0209999084472656,2096.989990234375,14.6899995803833,118.56999969482422,705.0800170898438,1.0,235.342,1098.7999755859375,1090.3799926757813,60.662252726376124
2015-02-17,1100.199951171875,94.05999755859375,53.529998779296875,1961.449951171875,2.1449999809265137,2100.340087890625,15.800000190734863,118.49199676513672,707.1400146484375,1.0,235.342,1100.019970703125,1091.434991455078,65.12232214115592
2015-02-18,1107.300048828125,94.19999694824219,52.13999938964844,1961.449951171875,2.065999984741211,2099.679931640625,15.449999809265137,119.20800018310547,705.1599731445312,1.0,235.342,1101.9599853515624,1092.4649963378906,64.85091062237078
2015-02-19,1107.5999755859375,94.4000015258789,51.15999984741211,1961.449951171875,2.11299991607666,2097.449951171875,15.289999961853027,118.68900299072266,706.9600219726562,1.0,235.342,1102.339990234375,1093.7499938964843,56.9841094531412
2015-02-20,1110.5999755859375,94.25,50.34000015258789,1961.449951171875,2.132999897003174,2110.300048828125,14.300000190734863,118.98799896240234,711.25,1.0,235.342,1104.2199951171874,1095.0449951171875,58.81461363075593
2015-02-23,1109.0999755859375,94.56999969482422,49.45000076293945,1968.3900146484375,2.059000015258789,2109.659912109375,14.5600004196167,119.07599639892578,706.7000122070312,1.0,235.342,1106.9599853515624,1096.2749938964844,58.28317516812331
2015-02-24,1107.699951171875,94.48999786376953,49.279998779296875,1976.1199951171875,1.9880000352859497,2115.47998046875,13.6899995803833,118.90299987792969,716.1199951171875,1.0,235.342,1108.4599853515624,1097.6949890136718,63.44259670608953
2015-02-25,1111.300048828125,94.20999908447266,50.9900016784668,1990.469970703125,1.968999981880188,2113.860107421875,13.84000015258789,118.89199829101562,711.989990234375,1.0,235.342,1109.2599853515626,1099.4249938964845,69.45825841716928
2015-02-26,1098.6800537109375,95.29000091552734,48.16999816894531,1993.0799560546875,2.0160000324249268,2110.739990234375,13.90999984741211,118.8219985961914,716.6699829101562,1.0,235.342,1107.4760009765625,1100.1389953613282,59.813372872783894
2015-02-27,1100.6700439453125,95.25,49.7599983215332,1985.800048828125,2.002000093460083,2104.5,13.34000015258789,119.37699890136719,714.6500244140625,1.0,235.342,1105.4900146484374,1100.2324951171875,53.26434543465387
2015-03-02,1099.010009765625,95.45999908447266,49.59000015258789,1996.81005859375,2.0840001106262207,2117.389892578125,13.039999961853027,119.82599639892578,734.510009765625,1.0,235.976,1103.472021484375,1100.2329956054687,54.100580073605116
2015-03-03,1100.5899658203125,95.37999725341797,50.52000045776367,2001.3800048828125,2.121999979019165,2107.780029296875,13.859999656677246,120.2040023803711,720.260009765625,1.0,235.976,1102.0500244140626,1100.3574951171875,52.57980392900326
2015-03-04,1094.9599609375,95.97000122070312,51.529998779296875,1998.2900390625,2.122999906539917,2098.530029296875,14.229999542236328,119.63700103759766,719.5399780273438,1.0,235.976,1098.7820068359374,1100.5404907226562,40.32084173098757
2015-03-05,1099.25,96.37999725341797,50.7599983215332,1998.3800048828125,2.111999988555908,2101.0400390625,14.039999961853027,119.6510009765625,720.25,1.0,235.976,1098.89599609375,1101.1229919433595,48.2359774897741
2015-03-06,1099.8900146484375,97.62000274658203,49.61000061035156,2012.93994140625,2.240000009536743,2071.260009765625,15.199999809265137,120.04499816894531,712.4199829101562,1.0,235.976,1098.739990234375,1101.877490234375,54.48012433556962
2015-03-09,1108.81005859375,97.58999633789062,50.0,1992.8199462890625,2.194999933242798,2079.429931640625,15.0600004196167,120.73899841308594,715.030029296875,1.0,235.976,1100.7,1102.4829956054687,57.938476637239056
2015-03-10,1113.5,98.62000274658203,48.290000915527344,1984.77001953125,2.125999927520752,2044.1600341796875,16.690000534057617,121.40799713134766,701.2999877929688,1.0,235.976,1103.2820068359374,1103.4529968261718,55.98219123224423
2015-03-11,1124.8599853515625,99.80000305175781,48.16999816894531,1980.8299560546875,2.1089999675750732,2040.239990234375,16.8700008392334,121.03800201416016,703.1599731445312,1.0,235.976,1109.26201171875,1104.8159973144532,63.72453476317864
2015-03-12,1128.97998046875,99.1500015258789,47.04999923706055,1970.5899658203125,2.0959999561309814,2065.949951171875,15.420000076293945,121.41100311279297,702.77001953125,1.0,235.976,1115.2080078125,1105.979998779297,64.35935142640795
2015-03-13,1123.02001953125,100.33000183105469,44.84000015258789,1985.7900390625,2.111999988555908,2053.39990234375,16.0,121.31800079345703,707.7899780273438,1.0,235.976,1119.8340087890624,1107.0710021972657,60.16654036464138
2015-03-16,1136.219970703125,99.5999984741211,43.880001068115234,1987.3299560546875,2.0980000495910645,2081.18994140625,15.609999656677246,121.34300231933594,718.530029296875,1.0,235.976,1125.3159912109375,1109.1119995117188,67.76726642230301
2015-03-17,1129.0,99.58999633789062,43.459999084472656,2029.9100341796875,2.058000087738037,2074.280029296875,15.65999984741211,121.36699676513672,713.1900024414062,1.0,235.976,1128.4159912109376,1110.552001953125,60.550772472727694
2015-03-18,1127.1600341796875,98.55000305175781,44.65999984741211,2028.449951171875,1.9509999752044678,2099.5,13.970000267028809,121.27999877929688,718.47998046875,1.0,235.976,1128.8760009765624,1111.5450012207032,69.48018983558048
2015-03-19,1109.8900146484375,99.0999984741211,43.959999084472656,2037.8900146484375,1.9769999980926514,2089.27001953125,14.069999694824219,120.06400299072266,720.2000122070312,1.0,235.976,1125.0580078125,1111.6595031738282,55.216102584501826
2015-03-20,1119.300048828125,97.91000366210938,45.720001220703125,2037.239990234375,1.9299999475479126,2108.10009765625,13.020000457763672,120.76200103759766,730.9099731445312,1.0,235.976,1124.314013671875,1112.0945068359374,60.55345043022441
2015-03-23,1111.780029296875,97.02999877929688,47.45000076293945,2036.5899658203125,1.9149999618530273,2104.419921875,13.40999984741211,120.0270004272461,723.9600219726562,1.0,235.976,1119.426025390625,1112.2285095214843,55.48156626088163
2015-03-24,1103.4300537109375,97.19000244140625,47.5099983215332,2041.3699951171875,1.878000020980835,2091.5,13.619999885559082,119.75,717.780029296875,1.0,235.976,1114.3120361328124,1112.0150146484375,54.04146363340901
2015-03-25,1101.6700439453125,96.9800033569336,49.209999084472656,2042.81005859375,1.9199999570846558,2061.050048828125,15.4399995803833,119.79100036621094,684.72998046875,1.0,235.976,1109.2140380859375,1111.533514404297,51.183281147600674
2015-03-26,1098.97998046875,97.44000244140625,51.43000030517578,2022.56005859375,2.006999969482422,2056.14990234375,15.800000190734863,119.51799774169922,675.239990234375,1.0,235.976,1107.03203125,1111.5485107421875,49.56378356174964
2015-03-27,1102.949951171875,97.29000091552734,48.869998931884766,2019.800048828125,1.9479999542236328,2061.02001953125,15.069999694824219,119.18299865722656,694.3200073242188,1.0,235.976,1103.76201171875,1111.6625061035156,47.051069099558205
2015-03-30,1101.72998046875,97.9800033569336,48.68000030517578,2030.0400390625,1.9630000591278076,2086.239990234375,14.510000228881836,119.25,703.739990234375,1.0,235.976,1101.752001953125,1111.7985046386718,43.862742352297175
2015-03-31,1105.5,98.36000061035156,47.599998474121094,2041.030029296875,1.934000015258789,2067.889892578125,15.289999961853027,120.01300048828125,695.47998046875,1.0,235.976,1102.1659912109376,1112.0440063476562,39.03737179496041
2015-04-01,1107.0999755859375,98.19000244140625,50.09000015258789,2028.449951171875,1.8680000305175781,2059.68994140625,15.109999656677246,120.02200317382812,691.1900024414062,0.75,236.222,1103.2519775390624,1112.6510070800782,37.24642775316668
2015-04-02,1097.8699951171875,97.44000244140625,49.13999938964844,2029.0699462890625,1.9040000438690186,2066.9599609375,14.670000076293945,119.5739974975586,689.1699829101562,0.75,236.222,1103.02998046875,1112.5820068359376,35.87869449771556
2015-04-03,1089.1199951171875,97.44000244140625,49.13999938964844,2045.4200439453125,1.9040000438690186,2066.9599609375,14.670000076293945,119.6969985961914,689.1699829101562,0.75,236.222,1100.2639892578125,1112.043505859375,22.16312696326203
2015-04-06,1089.1199951171875,97.11000061035156,52.13999938964844,2046.4300537109375,1.9040000438690186,2080.6201171875,14.739999771118164,118.822998046875,692.6799926757812,0.75,236.222,1097.7419921875,1111.0590026855468,24.231065930269423
2015-04-07,1089.1199951171875,97.83000183105469,53.97999954223633,2047.030029296875,1.8930000066757202,2076.330078125,14.779999732971191,119.47699737548828,692.9400024414062,0.75,236.222,1094.4659912109375,1109.8400024414063,24.82127390017193
2015-04-08,1092.3199462890625,98.06999969482422,50.41999816894531,2059.260009765625,1.8949999809265137,2081.89990234375,13.979999542236328,120.29000091552734,697.4500122070312,0.75,236.222,1091.5099853515626,1108.2130004882813,35.70841326390793
2015-04-09,1090.1500244140625,99.16000366210938,50.790000915527344,2058.8701171875,1.9579999446868896,2091.179931640625,13.09000015258789,120.09400177001953,706.1799926757812,0.75,236.222,1089.9659912109375,1106.271502685547,23.123639564120282
2015-04-10,1093.7900390625,99.38999938964844,51.63999938964844,2087.760009765625,1.9509999752044678,2102.06005859375,12.579999923706055,120.55000305175781,709.0499877929688,0.75,236.222,1090.9,1104.8100036621095,32.135012340411095
2015-04-13,1091.93994140625,99.48999786376953,51.90999984741211,2098.919921875,1.9390000104904175,2092.429931640625,13.9399995803833,120.20899963378906,704.52001953125,0.75,236.222,1091.4639892578125,1102.5960021972655,36.89838232387485
2015-04-14,1099.8900146484375,98.76000213623047,53.290000915527344,2111.719970703125,1.9040000438690186,2095.840087890625,13.670000076293945,120.05899810791016,697.8499755859375,0.75,236.222,1093.6179931640625,1101.1405029296875,48.22139497667883
2015-04-15,1090.300048828125,98.33000183105469,56.38999938964844,2119.9599609375,1.899999976158142,2106.6298828125,12.84000015258789,119.45700073242188,709.3200073242188,0.75,236.222,1093.214013671875,1099.2975036621094,42.377993877183506
2015-04-16,1093.6199951171875,97.41999816894531,56.709999084472656,2139.89990234375,1.878000020980835,2104.989990234375,12.600000381469727,119.14299774169922,706.0800170898438,0.75,236.222,1093.9080078125,1098.4840026855468,41.712586771106444
2015-04-17,1082.5899658203125,97.5199966430664,55.7400016784668,2143.5,1.850000023841858,2081.179931640625,13.890000343322754,119.04399871826172,696.0900268554688,0.75,236.222,1091.6679931640624,1096.6484985351562,35.52192003191189
2015-04-20,1081.8900146484375,97.94000244140625,56.380001068115234,2146.7099609375,1.8949999809265137,2100.39990234375,13.300000190734863,118.81800079345703,702.2899780273438,0.75,236.222,1089.6580078125,1095.1539978027345,31.270807470257054
2015-04-21,1081.1800537109375,97.9800033569336,55.2599983215332,2144.7900390625,1.9160000085830688,2097.2900390625,13.25,119.19499969482422,707.1199951171875,0.75,236.222,1085.916015625,1094.0414978027343,29.143895491601995
2015-04-22,1081.3199462890625,98.0199966430664,56.15999984741211,2143.889892578125,1.972000002861023,2107.9599609375,12.710000038146973,119.63300323486328,716.8200073242188,0.75,236.222,1084.1199951171875,1093.023992919922,34.40140456160374
2015-04-23,1083.0,97.27999877929688,57.7400016784668,2173.409912109375,1.9470000267028809,2112.929931640625,12.479999542236328,119.94999694824219,705.4600219726562,0.75,236.222,1081.99599609375,1092.2249938964844,43.34491739387841
2015-04-24,1080.02001953125,96.91999816894531,57.150001525878906,2159.800048828125,1.9170000553131104,2117.68994140625,12.289999961853027,119.57099914550781,693.72998046875,0.75,236.222,1081.4820068359375,1091.0784973144532,40.706693693761075
2015-04-27,1074.3800048828125,96.7699966430664,56.9900016784668,2157.5400390625,1.9240000247955322,2108.919921875,13.119999885559082,118.927001953125,696.1099853515625,0.75,236.222,1079.9800048828124,1089.7109985351562,36.50180423088789
2015-04-28,1067.81005859375,96.08999633789062,57.060001373291016,2147.669921875,1.9730000495910645,2114.760009765625,12.40999984741211,119.1259994506836,696.239990234375,0.75,236.222,1077.306005859375,1087.8265014648437,28.859796710389162
2015-04-29,1062.8499755859375,95.12000274658203,58.58000183105469,2142.6298828125,2.0350000858306885,2106.85009765625,13.390000343322754,118.822998046875,692.1900024414062,0.75,236.222,1073.61201171875,1085.6140014648438,27.534525641592296
2015-04-30,1068.969970703125,94.5999984741211,59.630001068115234,2127.169921875,2.0460000038146973,2085.510009765625,14.550000190734863,118.97000122070312,686.2899780273438,0.75,236.222,1070.806005859375,1084.1690002441405,30.376287008118723
2015-05-01,1075.06005859375,95.30000305175781,59.150001525878906,2127.169921875,2.117000102996826,2108.2900390625,12.699999809265137,119.4520034790039,705.5,0.75,237.001,1069.814013671875,1083.4660034179688,37.49267360834739
2015-05-04,1075.06005859375,95.4800033569336,58.93000030517578,2132.22998046875,2.134999990463257,2114.489990234375,12.850000381469727,120.13600158691406,704.030029296875,0.75,237.001,1069.9500244140625,1082.763006591797,29.144973332321726
2015-05-05,1078.75,95.12999725341797,60.400001525878906,2132.22998046875,2.1760001182556152,2089.4599609375,14.3100004196167,120.0999984741211,688.4000244140625,0.75,237.001,1072.1380126953125,1082.2445068359375,39.23170420816869
2015-05-06,1079.5799560546875,94.12999725341797,60.93000030517578,2104.580078125,2.240000009536743,2080.14990234375,15.149999618530273,119.9219970703125,687.4500122070312,0.75,237.001,1075.4840087890625,1081.6075073242187,36.27290911781696
2015-05-07,1078.6700439453125,94.62000274658203,58.939998626708984,2091.0,2.184000015258789,2088.0,15.130000114440918,119.39700317382812,695.2000122070312,0.75,237.001,1077.4240234375,1081.0335083007812,45.221912068421645
2015-05-08,1091.8900146484375,94.79000091552734,59.38999938964844,2085.52001953125,2.1500000953674316,2116.10009765625,12.859999656677246,119.70899963378906,702.1300048828125,0.75,237.001,1080.7900146484376,1080.9385070800781,59.33884787436331
2015-05-11,1085.800048828125,95.01000213623047,59.25,2097.3798828125,2.2739999294281006,2105.330078125,13.850000381469727,119.77999877929688,702.3099975585938,0.75,237.001,1082.9380126953124,1080.6315124511718,53.92057944231164
2015-05-12,1095.949951171875,94.52999877929688,60.75,2096.77001953125,2.259999990463257,2099.1201171875,13.859999656677246,120.13099670410156,696.1799926757812,0.75,237.001,1086.3780029296875,1080.4345092773438,60.61224815069961
2015-05-13,1092.3800048828125,93.62000274658203,60.5,2114.159912109375,2.2820000648498535,2098.47998046875,13.760000228881836,119.83499908447266,700.1300048828125,0.75,237.001,1088.9380126953124,1080.538507080078,56.6224543440977
2015-05-14,1091.4000244140625,93.36000061035156,59.880001068115234,2120.330078125,2.239000082015991,2121.10009765625,12.739999771118164,119.16000366210938,708.3200073242188,0.75,237.001,1091.4840087890625,1080.427508544922,58.26798469591376
2015-05-15,1088.239990234375,93.13999938964844,59.689998626708984,2106.5,2.1410000324249268,2122.72998046875,12.380000114440918,119.19100189208984,709.52001953125,0.75,237.001,1090.75400390625,1080.710009765625,60.4462190981774
2015-05-18,1081.8399658203125,94.19000244140625,59.43000030517578,2113.719970703125,2.2279999256134033,2129.199951171875,12.729999542236328,119.33000183105469,716.5399780273438,0.75,237.001,1089.9619873046875,1080.7075073242188,60.60144300570229
2015-05-19,1088.239990234375,95.2699966430664,57.2599983215332,2120.85009765625,2.26200008392334,2127.830078125,12.850000381469727,119.9000015258789,713.3900146484375,0.75,237.001,1088.4199951171875,1081.0605041503907,68.77689086933678
2015-05-20,1093.5,95.44999694824219,58.97999954223633,2139.5400390625,2.250999927520752,2125.85009765625,12.880000114440918,120.6520004272461,714.47998046875,0.75,237.001,1088.643994140625,1081.6695068359375,68.37462098629516
2015-05-21,1095.4100341796875,95.26000213623047,60.720001220703125,2122.81005859375,2.184999942779541,2130.820068359375,12.109999656677246,121.21199798583984,718.4400024414062,0.75,237.001,1089.44599609375,1082.2900085449219,66.26184470053906
2015-05-22,1091.47998046875,96.01000213623047,59.720001220703125,2146.10009765625,2.2149999141693115,2126.06005859375,12.130000114440918,121.03900146484375,720.2000122070312,0.75,237.001,1090.093994140625,1082.8630065917969,62.34585124622315
2015-05-25,1094.75,96.01000213623047,59.720001220703125,2146.10009765625,2.2149999141693115,2126.06005859375,12.130000114440918,121.57099914550781,720.2000122070312,0.75,237.001,1092.6760009765626,1083.8815063476563,62.1065679461175
2015-05-26,1095.75,97.30000305175781,58.029998779296875,2143.5,2.13700008392334,2104.199951171875,14.0600004196167,121.5999984741211,714.75,0.75,237.001,1094.1780029296874,1085.2785034179688,62.20382923759809
2015-05-27,1105.8699951171875,97.37000274658203,57.5099983215332,2107.5,2.134999990463257,2123.47998046875,13.270000457763672,122.98600006103516,742.3499755859375,0.75,237.001,1096.652001953125,1087.4295043945312,68.02277050898785
2015-05-28,1107.4200439453125,96.97000122070312,57.68000030517578,2110.889892578125,2.130000114440918,2120.7900390625,13.3100004196167,123.73999786376953,743.27001953125,0.75,237.001,1099.05400390625,1089.3520080566407,62.17276985961636
2015-05-29,1107.0,96.91000366210938,60.29999923706055,2114.800048828125,2.0950000286102295,2107.389892578125,13.84000015258789,123.81999969482422,745.4099731445312,0.75,237.001,1102.1580078125,1090.9490051269531,68.23804923128623
2015-06-01,1111.4200439453125,97.38999938964844,60.20000076293945,2102.3701171875,2.191999912261963,2111.72998046875,13.970000267028809,124.19300079345703,746.0800170898438,0.75,237.657,1105.4920166015625,1092.7670043945313,64.76428360062538
2015-06-02,1113.800048828125,95.83999633789062,61.2599983215332,2078.639892578125,2.2660000324249268,2109.60009765625,14.239999771118164,124.84700012207031,737.280029296875,0.75,237.657,1109.1020263671876,1094.5195068359376,70.91788199783994
2015-06-03,1106.530029296875,95.47000122070312,59.63999938964844,2063.159912109375,2.365999937057495,2114.070068359375,13.65999984741211,124.03600311279297,732.7000122070312,0.75,237.657,1109.234033203125,1095.867010498047,63.15873288871053
2015-06-04,1105.68994140625,95.45999908447266,58.0,2072.860107421875,2.306999921798706,2095.840087890625,14.710000038146973,124.30400085449219,725.8099975585938,0.75,237.657,1108.8880126953125,1097.2180053710938,65.81459257095824
2015-06-05,1111.699951171875,96.30999755859375,59.130001068115234,2068.10009765625,2.4019999504089355,2092.830078125,14.210000038146973,124.37999725341797,726.2899780273438,0.75,237.657,1109.8280029296875,1098.2085021972657,77.25426229106361
2015-06-08,1122.300048828125,95.30000305175781,58.13999938964844,2065.18994140625,2.38100004196167,2079.280029296875,15.289999961853027,125.62899780273438,712.3699951171875,0.75,237.657,1112.00400390625,1100.0335021972655,78.87401483541956
2015-06-09,1117.1099853515625,95.16999816894531,60.13999938964844,2064.030029296875,2.4170000553131104,2080.14990234375,14.470000267028809,124.56300354003906,711.5999755859375,0.75,237.657,1112.6659912109376,1101.09150390625,70.038852453921
2015-06-10,1119.0799560546875,94.6500015258789,61.43000030517578,2051.320068359375,2.4779999256134033,2105.199951171875,13.220000267028809,124.33899688720703,720.9400024414062,0.75,237.657,1115.1759765625,1102.4265014648438,70.06930443026707
2015-06-11,1108.719970703125,94.9800033569336,60.77000045776367,2056.610107421875,2.382999897003174,2108.860107421875,12.850000381469727,122.86599731445312,720.530029296875,0.75,237.657,1115.781982421875,1103.292498779297,63.1803419441541
2015-06-12,1110.4000244140625,94.97000122070312,59.959999084472656,2052.169921875,2.384999990463257,2094.110107421875,13.779999732971191,123.58100128173828,714.1300048828125,0.75,237.657,1115.5219970703124,1104.4005004882813,62.262905678785614
2015-06-15,1110.3499755859375,94.80999755859375,59.52000045776367,2042.3199462890625,2.3580000400543213,2084.429931640625,15.390000343322754,123.29000091552734,712.6300048828125,0.75,237.657,1113.131982421875,1105.8260009765625,61.61300157490101
2015-06-16,1114.530029296875,95.0,59.970001220703125,2028.719970703125,2.318000078201294,2096.2900390625,14.8100004196167,123.41999816894531,715.0700073242188,0.75,237.657,1112.6159912109374,1107.1405029296875,57.607126849427296
2015-06-17,1116.77001953125,94.30000305175781,59.91999816894531,2034.8599853515625,2.305999994277954,2100.43994140625,14.5,123.43900299072266,715.1900024414062,0.75,237.657,1112.15400390625,1108.30400390625,58.11482270179788
2015-06-18,1111.5899658203125,94.04000091552734,60.45000076293945,2041.8800048828125,2.3510000705718994,2121.239990234375,13.1899995803833,123.52999877929688,725.5999755859375,0.75,237.657,1112.7280029296876,1109.1130004882812,53.67959776020229
2015-06-19,1103.25,94.08999633789062,59.61000061035156,2046.9599609375,2.2669999599456787,2109.989990234375,13.960000038146973,123.00199890136719,723.3699951171875,0.75,237.657,1111.297998046875,1109.7015014648437,43.83768743635496
2015-06-22,1101.219970703125,94.33000183105469,59.68000030517578,2055.159912109375,2.359999895095825,2122.85009765625,12.739999771118164,122.7509994506836,728.219970703125,0.75,237.657,1109.4719970703125,1110.025,40.46102809413089
2015-06-23,1098.780029296875,95.43000030517578,61.0099983215332,2081.199951171875,2.4089999198913574,2124.199951171875,12.109999656677246,123.37899780273438,723.8800048828125,0.75,237.657,1106.3219970703126,1110.1765014648438,43.65901209709638
2015-06-24,1103.969970703125,95.26000213623047,60.27000045776367,2085.530029296875,2.371000051498413,2108.580078125,13.260000228881836,123.86000061035156,716.489990234375,0.75,237.657,1103.7619873046874,1110.0815002441407,48.68624708624708
2015-06-25,1107.9200439453125,95.19000244140625,59.70000076293945,2085.06005859375,2.3929998874664307,2102.31005859375,14.010000228881836,123.85099792480469,715.8300170898438,0.75,237.657,1103.0280029296875,1110.1065002441405,47.01901323706378
2015-06-26,1109.93994140625,95.47000122070312,59.630001068115234,2090.260009765625,2.4760000705718994,2101.489990234375,14.020000457763672,123.5979995727539,698.3599853515625,0.75,237.657,1104.3659912109374,1110.2534973144532,38.72665814565584
2015-06-29,1120.9000244140625,94.79000091552734,58.33000183105469,2060.489990234375,2.3310000896453857,2057.639892578125,18.850000381469727,122.61199951171875,678.0700073242188,0.75,237.657,1108.302001953125,1110.7274963378907,53.12760650664646
2015-06-30,1118.219970703125,95.48999786376953,59.470001220703125,2074.199951171875,2.3350000381469727,2063.110107421875,18.229999542236328,122.66999816894531,680.5399780273438,0.75,237.657,1112.189990234375,1110.9484924316407,49.29854571450761
2015-07-01,1117.56005859375,96.30999755859375,56.959999084472656,2097.889892578125,2.4179999828338623,2077.419921875,16.09000015258789,122.38600158691406,682.1300048828125,0.75,238.034,1114.9080078125,1111.4999938964843,58.56596042658288
2015-07-02,1122.9300537109375,96.11000061035156,56.93000030517578,2107.330078125,2.3929998874664307,2076.780029296875,16.790000915527344,123.31999969482422,685.510009765625,0.75,238.034,1117.910009765625,1112.3619995117188,61.33118144726849
2015-07-03,1120.949951171875,96.11000061035156,56.93000030517578,2104.409912109375,2.3929998874664307,2076.780029296875,16.790000915527344,123.05899810791016,685.510009765625,0.75,238.034,1120.11201171875,1112.8244995117188,59.262459279739396
2015-07-06,1120.949951171875,96.30000305175781,52.529998779296875,2053.929931640625,2.2780001163482666,2068.760009765625,17.010000228881836,122.40699768066406,675.1099853515625,0.75,238.034,1120.1219970703125,1112.7569946289063,56.05195809474711
2015-07-07,1124.22998046875,96.87000274658203,52.33000183105469,2040.2900390625,2.2309999465942383,2081.340087890625,16.09000015258789,122.61100006103516,672.9099731445312,0.75,238.034,1121.3239990234374,1113.1129943847657,56.89714326989057
2015-07-08,1132.9300537109375,96.29000091552734,51.650001525878906,2016.2099609375,2.2060000896453857,2046.6800537109375,19.65999984741211,122.48999786376953,655.25,0.75,238.034,1124.397998046875,1113.8054992675782,68.52435044292798
2015-07-09,1134.43994140625,96.61000061035156,52.779998779296875,2027.81005859375,2.3010001182556152,2051.31005859375,19.969999313354492,120.86199951171875,646.6400146484375,0.75,238.034,1126.6999755859374,1115.0914978027345,80.7168893120594
2015-07-10,1131.030029296875,96.02999877929688,52.7400016784668,2031.1700439453125,2.4170000553131104,2076.6201171875,16.829999923706055,121.69999694824219,658.8800048828125,0.75,238.034,1128.7159912109375,1116.122998046875,78.58112599833338
2015-07-13,1129.0400390625,96.86000061035156,52.20000076293945,2061.52001953125,2.430000066757202,2099.60009765625,13.899999618530273,122.49600219726562,663.969970703125,0.75,238.034,1130.3340087890624,1117.0575012207032,79.26502741272083
2015-07-14,1134.8199462890625,96.63999938964844,53.040000915527344,2059.22998046875,2.3989999294281006,2108.949951171875,13.369999885559082,123.56999969482422,671.1599731445312,0.75,238.034,1132.452001953125,1118.0719970703126,79.4989716569513
2015-07-15,1141.3699951171875,97.12999725341797,51.40999984741211,2072.909912109375,2.3499999046325684,2107.39990234375,13.229999542236328,123.31999969482422,667.02001953125,0.75,238.034,1134.139990234375,1119.3019958496093,80.47004612394309
2015-07-16,1144.9200439453125,97.66000366210938,50.90999984741211,2087.889892578125,2.3519999980926514,2124.2900390625,12.109999656677246,123.87000274658203,668.6099853515625,0.75,238.034,1136.2360107421875,1120.9684997558593,80.99971224142296
2015-07-17,1145.1500244140625,97.86000061035156,50.88999938964844,2076.7900390625,2.3489999771118164,2126.639892578125,11.949999809265137,124.14900207519531,667.0499877929688,0.75,238.034,1139.060009765625,1123.0635009765624,76.53756959806782
2015-07-20,1148.1099853515625,98.02999877929688,50.150001525878906,2073.31005859375,2.371999979019165,2128.280029296875,12.25,124.14199829101562,662.5,0.75,238.034,1142.8739990234376,1125.4080017089843,82.51045580678996
2015-07-21,1154.550048828125,97.33000183105469,50.36000061035156,2083.6201171875,2.3399999141693115,2119.2099609375,12.220000267028809,124.29399871826172,662.8599853515625,0.75,238.034,1146.82001953125,1128.1965026855469,85.73912099939614
2015-07-22,1146.8599853515625,97.5999984741211,49.189998626708984,2064.72998046875,2.322000026702881,2114.14990234375,12.119999885559082,123.86000061035156,646.1300048828125,0.75,238.034,1147.918017578125,1130.3410034179688,72.12863083654292
2015-07-23,1155.530029296875,97.12000274658203,48.45000076293945,2065.070068359375,2.2769999504089355,2102.14990234375,12.640000343322754,124.06800079345703,655.510009765625,0.75,238.034,1150.0400146484376,1132.721502685547,78.45628091436194
2015-07-24,1160.260009765625,97.23999786376953,48.13999938964844,2045.9599609375,2.2709999084472656,2079.64990234375,13.739999771118164,123.8759994506836,642.47998046875,0.75,238.034,1153.06201171875,1135.2375061035157,80.01226481563634
2015-07-27,1168.199951171875,96.5,47.38999938964844,2038.81005859375,2.2279999256134033,2067.639892578125,15.600000381469727,123.76300048828125,637.8800048828125,0.75,238.034,1157.0800048828125,1137.6025024414062,81.34000849185965
2015-07-28,1165.030029296875,96.7699966430664,47.97999954223633,2039.0999755859375,2.25,2093.25,13.4399995803833,123.23999786376953,650.9000244140625,0.75,238.034,1159.1760009765626,1139.9430053710937,74.83758843142255
2015-07-29,1159.52001953125,96.9800033569336,48.790000915527344,2037.6199951171875,2.2790000438690186,2108.570068359375,12.5,123.57599639892578,651.75,0.75,238.034,1161.7080078125,1142.0410034179688,68.27464625872123
2015-07-30,1160.0699462890625,97.55999755859375,48.52000045776367,2019.030029296875,2.2679998874664307,2108.6298828125,12.130000114440918,123.94000244140625,654.1500244140625,0.75,238.034,1162.6159912109374,1143.897998046875,72.08026656518874
2015-07-31,1170.77001953125,97.37000274658203,47.119998931884766,2030.1600341796875,2.2049999237060547,2103.840087890625,12.119999885559082,124.07099914550781,646.2899780273438,0.75,238.034,1164.7179931640626,1146.3890014648437,78.01799173193368
2015-08-03,1164.6400146484375,97.48999786376953,45.16999816894531,2008.489990234375,2.1500000953674316,2098.0400390625,12.5600004196167,124.04000091552734,644.3499755859375,0.75,238.033,1164.006005859375,1148.573504638672,69.92785425973119
2015-08-04,1168.699951171875,97.93000030517578,45.7400016784668,2027.989990234375,2.2109999656677246,2093.320068359375,13.0,123.94499969482422,637.1799926757812,0.75,238.033,1164.739990234375,1150.7970031738282,68.89255679488024
2015-08-05,1167.1300048828125,97.95999908447266,45.150001525878906,2029.760009765625,2.2679998874664307,2099.840087890625,12.510000228881836,124.27400207519531,644.6199951171875,0.75,238.033,1166.2619873046874,1152.5070007324218,65.78536402536153
2015-08-06,1171.93994140625,97.83000183105469,44.65999984741211,2013.2900390625,2.2339999675750732,2083.56005859375,13.770000457763672,124.7300033569336,633.1300048828125,0.75,238.033,1168.635986328125,1154.3820007324218,67.87667494807152
2015-08-07,1161.530029296875,97.55999755859375,43.869998931884766,2010.22998046875,2.174999952316284,2077.570068359375,13.390000343322754,124.73400115966797,636.8200073242188,0.75,238.033,1166.78798828125,1155.907000732422,58.14523119781286
2015-08-10,1161.530029296875,97.16000366210938,44.959999084472656,2003.1700439453125,2.23799991607666,2104.179931640625,12.229999542236328,124.30000305175781,652.6500244140625,0.75,238.033,1166.1659912109376,1157.5315002441407,54.5957389350231
2015-08-11,1157.050048828125,97.29000091552734,43.08000183105469,1986.6500244140625,2.13700008392334,2084.070068359375,13.710000038146973,124.61299896240234,637.8499755859375,0.75,238.033,1163.8360107421875,1158.6430053710938,57.005443092576215
2015-08-12,1177.280029296875,96.26000213623047,43.29999923706055,1975.469970703125,2.130000114440918,2086.050048828125,13.609999656677246,125.06999969482422,641.52001953125,0.75,238.033,1165.866015625,1160.4385070800781,62.90195510499638
2015-08-13,1173.0,96.44999694824219,42.22999954223633,1983.4599609375,2.188999891281128,2083.389892578125,13.489999771118164,124.25499725341797,634.8699951171875,0.75,238.033,1166.07802734375,1161.8425048828126,57.59783580416241
2015-08-14,1176.449951171875,96.56999969482422,42.5,1983.4599609375,2.196000099182129,2091.5400390625,12.829999923706055,124.36299896240234,631.0399780273438,0.75,238.033,1169.06201171875,1163.4075012207031,55.19851330396042
2015-08-17,1177.199951171875,96.81999969482422,41.869998931884766,1968.52001953125,2.1500000953674316,2102.43994140625,13.020000457763672,124.3499984741211,637.25,0.75,238.033,1172.19599609375,1164.8619995117188,57.90976947293592
2015-08-18,1181.5799560546875,96.97000122070312,42.619998931884766,1956.260009765625,2.196000099182129,2096.919921875,13.789999961853027,124.43800354003906,624.010009765625,0.75,238.033,1177.1019775390625,1166.2134948730468,64.55147024483414
2015-08-19,1184.449951171875,96.45999908447266,40.79999923706055,1939.3800048828125,2.128999948501587,2079.610107421875,15.25,124.37100219726562,618.3200073242188,0.75,238.033,1178.5359619140625,1168.0929931640626,65.60425153565005
2015-08-20,1181.2099609375,95.75,41.13999938964844,1914.550048828125,2.0840001106262207,2035.72998046875,19.139999389648438,123.89700317382812,594.780029296875,0.75,238.033,1180.1779541015626,1169.3769897460938,57.38748263780915
2015-08-21,1182.530029296875,94.83000183105469,40.45000076293945,1876.0699462890625,2.053999900817871,1970.8900146484375,28.030000686645508,123.41999816894531,578.5900268554688,0.75,238.033,1181.3939697265625,1170.4904907226562,63.583969331215094
2015-08-24,1193.5699462890625,93.30999755859375,38.2400016784668,1829.81005859375,1.996999979019165,1893.2099609375,40.7400016784668,121.73200225830078,566.5800170898438,0.75,238.033,1184.66796875,1171.7589904785157,67.07407214965615
2015-08-25,1189.5799560546875,94.52999877929688,39.310001373291016,1846.6300048828125,2.132999897003174,1867.6099853515625,36.02000045776367,118.88400268554688,559.5900268554688,0.75,238.033,1186.26796875,1172.9864868164063,64.91695947414696
2015-08-26,1189.1600341796875,95.0999984741211,38.599998474121094,1894.0899658203125,2.171999931335449,1940.510009765625,30.31999969482422,118.54000091552734,587.8200073242188,0.75,238.033,1187.2099853515624,1174.468487548828,62.150829567790964
2015-08-27,1181.1600341796875,95.61000061035156,42.560001373291016,1908.0,2.1679999828338623,1987.6600341796875,26.100000381469727,120.05799865722656,609.760009765625,0.75,238.033,1187.2,1175.5229919433593,64.33897289479458
2015-08-28,1171.989990234375,96.11000061035156,45.220001220703125,1937.6700439453125,2.186000108718872,1988.8699951171875,26.049999237060547,121.00299835205078,613.9099731445312,0.75,238.033,1185.0919921875,1175.5839904785157,56.73793999326898
2015-08-31,1177.5999755859375,95.94999694824219,49.20000076293945,1941.489990234375,2.200000047683716,1972.1800537109375,28.43000030517578,121.28900146484375,611.0399780273438,0.75,238.033,1181.897998046875,1176.2319885253905,63.04759276970605
2015-09-01,1180.949951171875,95.44999694824219,45.40999984741211,1914.22998046875,2.171999931335449,1913.8499755859375,31.399999618530273,121.08899688720703,590.1199951171875,0.75,237.498,1180.1719970703125,1176.8444885253907,52.9658391833288
2015-09-02,1177.280029296875,95.83000183105469,46.25,1915.219970703125,2.193000078201294,1948.8599853515625,26.09000015258789,119.71499633789062,603.780029296875,0.75,237.498,1177.79599609375,1177.3519897460938,53.49334449226845
2015-09-03,1182.1600341796875,96.41000366210938,46.75,1915.530029296875,2.1679999828338623,1951.1300048828125,25.610000610351562,120.58000183105469,608.5800170898438,0.75,237.498,1177.99599609375,1177.8629943847657,54.55423469735471
2015-09-04,1189.1199951171875,96.2300033569336,46.04999923706055,1886.0400390625,2.128000020980835,1921.219970703125,27.799999237060547,120.05599975585938,597.6199951171875,0.75,237.498,1181.4219970703125,1179.2424926757812,58.65027718376336
2015-09-07,1199.510009765625,96.2300033569336,46.04999923706055,1883.219970703125,2.128000020980835,1921.219970703125,27.799999237060547,119.16400146484375,597.6199951171875,0.75,237.498,1185.80400390625,1181.1414916992187,61.967763960883936
2015-09-08,1201.18994140625,95.87999725341797,45.939998626708984,1878.6800537109375,2.194000005722046,1969.4100341796875,24.899999618530273,119.40299987792969,624.0599975585938,0.75,237.498,1189.852001953125,1183.348486328125,61.353806514856466
2015-09-09,1193.0,96.01000213623047,44.150001525878906,1934.199951171875,2.180999994277954,1942.0400390625,26.229999542236328,120.08899688720703,612.8300170898438,0.75,237.498,1192.99599609375,1184.1344848632812,57.493382076833086
2015-09-10,1190.3399658203125,95.45999908447266,45.91999816894531,1962.1099853515625,2.2219998836517334,1952.2900390625,24.3700008392334,120.27799987792969,615.3400268554688,0.75,237.498,1194.631982421875,1185.001483154297,54.88062199533443
2015-09-11,1180.5999755859375,95.19000244140625,44.630001068115234,1941.3699951171875,2.183000087738037,1961.050048828125,23.200000762939453,120.61900329589844,615.8099975585938,0.75,237.498,1192.927978515625,1185.208984375,41.76088338839002
2015-09-14,1180.550048828125,95.25,44.0,1931.4599609375,2.180000066757202,1953.030029296875,24.25,120.7959976196289,617.6699829101562,0.75,237.498,1189.135986328125,1185.3764892578124,43.961515918845805
2015-09-15,1182.0,95.61000061035156,44.59000015258789,1937.56005859375,2.2809998989105225,1978.0899658203125,22.540000915527344,120.36000061035156,625.1400146484375,0.75,237.498,1185.297998046875,1185.3974914550781,45.27700253321115
2015-09-16,1176.81005859375,95.41999816894531,47.150001525878906,1975.449951171875,2.302999973297119,1995.31005859375,21.350000381469727,120.43399810791016,626.5700073242188,0.75,237.498,1182.060009765625,1185.0154968261718,47.020141119962005
2015-09-17,1169.199951171875,94.55000305175781,46.900001525878906,1976.489990234375,2.2170000076293945,1990.199951171875,21.139999389648438,120.52300262451172,621.0499877929688,0.75,237.498,1177.8320068359376,1184.4149963378907,48.04700317182544
2015-09-18,1164.8900146484375,94.86000061035156,44.68000030517578,1995.949951171875,2.130000114440918,1958.030029296875,22.280000686645508,120.0459976196289,610.75,0.75,237.498,1174.6900146484375,1183.5329956054688,40.938238683242176
2015-09-21,1171.1099853515625,95.88999938964844,46.68000030517578,1964.6800537109375,2.2139999866485596,1966.969970703125,20.139999389648438,120.0009994506836,608.72998046875,0.75,237.498,1172.802001953125,1182.4099975585937,43.26026357286547
2015-09-22,1176.47998046875,96.27999877929688,45.83000183105469,1982.06005859375,2.125,1942.739990234375,22.440000534057617,120.49800109863281,595.0599975585938,0.75,237.498,1171.697998046875,1181.7549987792968,49.464489982678046
2015-09-23,1182.5400390625,96.06999969482422,44.47999954223633,1944.6400146484375,2.1440000534057617,1938.760009765625,22.1299991607666,120.08000183105469,590.739990234375,0.75,237.498,1172.843994140625,1181.4239990234375,50.25039936808948
2015-09-24,1192.4100341796875,95.98999786376953,44.90999984741211,1947.0999755859375,2.119999885559082,1932.239990234375,23.469999313354492,120.19999694824219,589.7100219726562,0.75,237.498,1177.4860107421875,1181.9864990234375,52.08785862798747
2015-09-25,1188.93994140625,96.2699966430664,45.70000076293945,1942.8499755859375,2.1679999828338623,1931.3399658203125,23.6200008392334,120.23999786376953,592.8800048828125,0.75,237.498,1182.29599609375,1182.8339965820312,42.6463844228019
2015-09-28,1191.3199462890625,96.02999877929688,44.43000030517578,1942.8499755859375,2.0950000286102295,1881.77001953125,27.6299991607666,120.36799621582031,576.4199829101562,0.75,237.498,1186.33798828125,1183.5199951171876,43.19966761593493
2015-09-29,1193.81005859375,95.88999938964844,45.22999954223633,1942.8499755859375,2.053999900817871,1884.0899658203125,26.829999923706055,119.83999633789062,580.47998046875,0.75,237.498,1189.80400390625,1184.1630004882813,50.60569550930996
2015-09-30,1194.1600341796875,96.3499984741211,45.09000015258789,1962.81005859375,2.059999942779541,1920.030029296875,24.5,119.86000061035156,602.72998046875,0.75,237.498,1192.1280029296875,1185.0070007324218,52.958538485391664
2015-10-01,1183.8399658203125,96.19000244140625,44.7400016784668,1979.3199462890625,2.0420000553131104,1923.8199462890625,22.549999237060547,119.85900115966797,595.6199951171875,0.75,237.733,1190.4139892578125,1185.090997314453,52.48693846649726
2015-10-02,1177.0999755859375,95.83000183105469,45.540000915527344,1969.6800537109375,1.9889999628067017,1951.3599853515625,20.940000534057617,119.80999755859375,608.4600219726562,0.75,237.733,1188.04599609375,1184.4899963378907,47.59845216022895
2015-10-05,1171.0899658203125,96.11000061035156,46.2599983215332,1978.25,2.055999994277954,1987.050048828125,19.540000915527344,119.99500274658203,619.8499755859375,0.75,237.733,1184.0,1183.068994140625,42.85901477974206
2015-10-06,1159.5699462890625,95.45999908447266,48.529998779296875,1990.6500244140625,2.0350000858306885,1979.9200439453125,19.399999618530273,120.46099853515625,621.9500122070312,0.75,237.733,1177.1519775390625,1180.9879943847657,39.579278235654364
2015-10-07,1159.3199462890625,95.5,47.810001373291016,2005.8399658203125,2.062000036239624,1995.8299560546875,18.399999618530273,120.23999786376953,631.3200073242188,0.75,237.733,1170.1839599609375,1179.3039916992188,43.444815024192074
2015-10-08,1156.75,95.31999969482422,49.43000030517578,2019.530029296875,2.1080000400543213,2013.4300537109375,17.420000076293945,119.91500091552734,634.8099975585938,0.75,237.733,1164.765966796875,1177.624493408203,44.47161899329627
2015-10-09,1150.9000244140625,94.80999755859375,49.630001068115234,2019.530029296875,2.0989999771118164,2014.8900146484375,17.079999923706055,119.92900085449219,629.510009765625,0.75,237.733,1159.5259765625,1176.1394958496094,36.204850799745365
2015-10-12,1146.010009765625,94.83999633789062,47.099998474121094,2021.6300048828125,2.0899999141693115,2017.4599609375,16.170000076293945,120.17900085449219,630.5399780273438,0.75,237.733,1154.5099853515626,1174.4124938964844,29.06427078475646
2015-10-13,1142.2099609375,94.76000213623047,46.65999984741211,2019.050048828125,2.055000066757202,2003.68994140625,17.670000076293945,120.01100158691406,622.280029296875,0.75,237.733,1151.03798828125,1172.4229919433594,21.401267269138884
2015-10-14,1148.0699462890625,93.93000030517578,46.63999938964844,2009.550048828125,1.9809999465942383,1994.239990234375,18.030000686645508,119.72000122070312,645.7000122070312,0.75,237.733,1148.78798828125,1170.985986328125,16.6617104466105
2015-10-15,1135.75,94.37000274658203,46.380001068115234,2033.27001953125,2.0230000019073486,2023.8599853515625,16.049999237060547,118.83000183105469,651.8900146484375,0.75,237.733,1144.58798828125,1169.3134887695312,14.704795971927922
2015-10-16,1121.0400390625,94.54000091552734,47.2599983215332,2030.260009765625,2.0230000019073486,2033.1099853515625,15.050000190734863,119.05000305175781,652.6300048828125,0.75,237.733,1138.6159912109374,1167.1209899902344,9.922522710660957
2015-10-19,1129.719970703125,94.95999908447266,45.88999938964844,2030.27001953125,2.0280001163482666,2033.6600341796875,14.979999542236328,119.2699966430664,652.8800048828125,0.75,237.733,1135.3579833984375,1165.0514892578126,15.86226985807211
2015-10-20,1130.3699951171875,94.8499984741211,45.54999923706055,2039.3599853515625,2.071000099182129,2030.77001953125,15.75,119.50299835205078,651.8699951171875,0.75,237.733,1132.989990234375,1162.7459899902344,16.13035362439075
2015-10-21,1129.469970703125,95.05000305175781,45.20000076293945,2042.97998046875,2.0299999713897705,2018.93994140625,16.700000762939453,119.77999877929688,653.239990234375,0.75,237.733,1129.2699951171876,1160.0924865722657,17.92326051354587
2015-10-22,1138.0400390625,96.33999633789062,45.380001068115234,2023.0,2.0250000953674316,2052.510009765625,14.449999809265137,119.84200286865234,675.9500122070312,0.75,237.733,1129.7280029296876,1157.3739868164062,27.442852651273228
2015-10-23,1128.6700439453125,97.06999969482422,44.599998474121094,2040.4000244140625,2.0829999446868896,2075.14990234375,14.460000038146973,120.86000061035156,683.7100219726562,0.75,237.733,1131.25400390625,1154.3604919433594,26.41763980955173
2015-10-26,1134.010009765625,96.86000061035156,43.97999954223633,2048.080078125,2.058000087738037,2071.179931640625,15.289999961853027,121.2959976196289,670.1900024414062,0.75,237.733,1132.11201171875,1151.4949951171875,34.74213777815994
2015-10-27,1128.739990234375,96.91000366210938,43.20000076293945,2044.6500244140625,2.0280001163482666,2065.889892578125,15.430000305175781,120.9489974975586,665.7100219726562,0.75,237.733,1131.7860107421875,1148.2414916992188,32.77765937699802
2015-10-28,1134.02001953125,97.77999877929688,45.939998626708984,2042.510009765625,2.0920000076293945,2090.35009765625,14.329999923706055,120.47699737548828,677.2100219726562,0.75,237.733,1132.6960205078126,1145.2344909667968,37.57788671169308
2015-10-29,1143.5999755859375,97.27999877929688,46.060001373291016,2034.1600341796875,2.1730000972747803,2089.409912109375,14.609999656677246,120.86000061035156,656.9400024414062,0.75,237.733,1133.8080078125,1143.2224914550782,46.16674486758405
2015-10-30,1139.8599853515625,96.94999694824219,46.59000015258789,2029.469970703125,2.1510000228881836,2079.360107421875,15.069999694824219,121.0,662.52001953125,0.75,237.733,1136.04599609375,1141.3604919433594,46.731142805607426
2015-11-02,1139.1600341796875,96.93000030517578,46.13999938964844,2035.239990234375,2.187000036239624,2104.050048828125,14.149999618530273,120.49500274658203,668.530029296875,0.75,238.017,1137.0760009765625,1139.7639953613282,48.32366063940421
2015-11-03,1136.6199951171875,97.16000366210938,47.900001525878906,2048.39990234375,2.2200000286102295,2109.7900390625,14.539999961853027,120.78800201416016,671.6900024414062,0.75,238.017,1138.652001953125,1138.6164978027343,43.468360565326144
2015-11-04,1127.800048828125,97.94999694824219,46.31999969482422,2052.77001953125,2.2300000190734863,2102.31005859375,15.510000228881836,121.09500122070312,673.47998046875,0.75,238.017,1137.4080078125,1137.0405029296876,45.276315865822596
2015-11-05,1133.1600341796875,97.94000244140625,45.20000076293945,2049.409912109375,2.244999885559082,2099.929931640625,15.050000190734863,121.48999786376953,659.3599853515625,0.75,238.017,1135.32001953125,1135.8610046386718,58.10160894704461
2015-11-06,1136.3599853515625,99.16000366210938,44.290000915527344,2041.0699462890625,2.3329999446868896,2099.199951171875,14.329999923706055,121.66999816894531,676.469970703125,0.75,238.017,1134.62001953125,1135.1340026855469,54.78939685032993
2015-11-09,1150.780029296875,98.9800033569336,43.869998931884766,2025.699951171875,2.3420000076293945,2078.580078125,16.520000457763672,123.19999694824219,669.9400024414062,0.75,238.017,1136.9440185546875,1135.3725036621095,62.281888660193665
2015-11-10,1157.1099853515625,99.29000091552734,44.209999084472656,1996.5899658203125,2.322000026702881,2081.719970703125,15.289999961853027,123.0770034790039,657.9600219726562,0.75,238.017,1141.0420166015624,1136.1175048828125,65.61231736663196
2015-11-11,1157.06005859375,99.01000213623047,42.93000030517578,1997.27001953125,2.3380000591278076,2075.0,16.059999465942383,123.08399963378906,658.280029296875,0.75,238.017,1146.8940185546876,1136.5670104980468,61.88754848495021
2015-11-12,1153.6600341796875,98.6500015258789,41.75,1993.3599853515625,2.319000005722046,2045.969970703125,18.3700008392334,122.75700378417969,649.77001953125,0.75,238.017,1150.9940185546875,1137.4625122070313,66.87833497127555
2015-11-13,1157.260009765625,98.98999786376953,40.7400016784668,1973.2900390625,2.2799999713897705,2023.0400390625,20.079999923706055,122.55999755859375,643.7100219726562,0.75,238.017,1155.1740234375,1139.2735107421875,66.0811080077947
2015-11-16,1168.3399658203125,99.44000244140625,41.7400016784668,1943.02001953125,2.2730000019073486,2053.18994140625,18.15999984741211,122.36399841308594,652.030029296875,0.75,238.017,1158.6860107421876,1141.2045104980468,75.35218422208433
2015-11-17,1167.0899658203125,99.62999725341797,40.66999816894531,1963.5799560546875,2.260999917984009,2050.43994140625,18.84000015258789,123.26599884033203,655.8200073242188,0.75,238.017,1160.6820068359375,1143.040509033203,72.32353130217098
2015-11-18,1168.5,99.6500015258789,40.75,1962.8800048828125,2.2690000534057617,2083.580078125,16.850000381469727,123.44499969482422,662.1400146484375,0.75,238.017,1162.9699951171874,1144.992010498047,68.89234251673147
2015-11-19,1164.4599609375,98.98999786376953,40.540000915527344,1988.9100341796875,2.247999906539917,2081.239990234375,16.989999771118164,123.5250015258789,663.6300048828125,0.75,238.017,1165.12998046875,1146.313006591797,68.58008994871928
2015-11-20,1153.68994140625,99.56999969482422,40.38999938964844,1989.8599853515625,2.26200008392334,2089.169921875,15.470000267028809,122.91200256347656,665.760009765625,0.75,238.017,1164.415966796875,1147.5640014648438,59.525322381614686
2015-11-23,1152.6199951171875,99.80000305175781,41.75,2003.699951171875,2.25,2086.590087890625,15.619999885559082,122.9229965209961,657.1799926757812,0.75,238.017,1161.27197265625,1148.4945007324218,60.695215092368954
2015-11-24,1157.0899658203125,99.52999877929688,42.869998931884766,2016.2900390625,2.243000030517578,2089.139892578125,15.930000305175781,122.91500091552734,665.6099853515625,0.75,238.017,1159.27197265625,1149.9119995117187,70.78778427550357
2015-11-25,1145.0,99.80000305175781,43.040000915527344,2009.4200439453125,2.2320001125335693,2088.8701171875,15.1899995803833,122.50499725341797,666.0900268554688,0.75,238.017,1154.57197265625,1150.4609985351562,57.67037771032982
2015-11-26,1143.050048828125,99.80000305175781,43.040000915527344,2030.6800537109375,2.2320001125335693,2088.8701171875,15.1899995803833,122.68000030517578,666.0900268554688,0.75,238.017,1150.289990234375,1150.4335021972656,54.40542621825449
2015-11-27,1146.8599853515625,100.0199966430664,41.709999084472656,2028.989990234375,2.2249999046325684,2090.110107421875,15.119999885559082,122.63400268554688,670.510009765625,0.75,238.017,1148.9239990234375,1150.7835021972655,46.999340308989545
2015-11-30,1154.8299560546875,100.16999816894531,41.650001525878906,1991.969970703125,2.2179999351501465,2080.409912109375,16.1299991607666,122.83000183105469,677.1400146484375,0.75,238.017,1149.3659912109374,1151.5669982910156,48.29746196224847
2015-12-01,1158.239990234375,99.80000305175781,41.849998474121094,2023.9300537109375,2.1549999713897705,2102.6298828125,14.670000076293945,123.20999908447266,686.52001953125,0.75,237.761,1149.59599609375,1152.647998046875,50.83897510675971
2015-12-02,1153.9000244140625,99.98999786376953,39.939998626708984,2009.2900390625,2.177999973297119,2079.510009765625,15.90999984741211,122.91500091552734,682.6900024414062,0.75,237.761,1151.3760009765624,1153.9529968261718,50.16839111963821
2015-12-03,1160.760009765625,97.62000274658203,41.08000183105469,1994.0699462890625,2.3299999237060547,2049.6201171875,18.110000610351562,123.22599792480469,678.719970703125,0.75,237.761,1154.9179931640624,1155.3329956054688,52.34836993378828
2015-12-04,1152.27001953125,98.3499984741211,39.970001220703125,1974.4000244140625,2.2750000953674316,2091.68994140625,14.8100004196167,122.65299987792969,691.489990234375,0.75,237.761,1156.0,1156.1284973144532,38.82942525146415
2015-12-07,1161.6400146484375,98.66000366210938,37.650001525878906,1963.6700439453125,2.2249999046325684,2077.070068359375,15.84000015258789,123.19000244140625,684.8599853515625,0.75,237.761,1157.36201171875,1156.6714965820313,46.59589976943065
2015-12-08,1174.4100341796875,98.47000122070312,37.5099983215332,1949.0400390625,2.23799991607666,2063.590087890625,17.600000381469727,123.27999877929688,679.030029296875,0.75,237.761,1160.5960205078125,1157.5364990234375,53.23271401080887
2015-12-09,1178.5899658203125,97.3499984741211,37.15999984741211,1948.239990234375,2.2079999446868896,2047.6199951171875,19.610000610351562,122.91200256347656,670.2899780273438,0.75,237.761,1165.5340087890625,1158.6129943847657,57.71712390413013
2015-12-10,1179.719970703125,97.94000244140625,36.7599983215332,1952.0699462890625,2.239000082015991,2052.22998046875,19.34000015258789,121.69999694824219,674.22998046875,0.75,237.761,1169.3260009765625,1159.9159912109376,65.88947308808889
2015-12-11,1177.2900390625,97.56999969482422,35.619998931884766,1948.6199951171875,2.1389999389648438,2012.3699951171875,24.389999389648438,121.70999908447266,660.780029296875,0.75,237.761,1174.3300048828125,1160.9174926757812,64.81334613608544
2015-12-14,1185.5799560546875,97.5999984741211,36.310001373291016,1927.8199462890625,2.2249999046325684,2021.93994140625,22.729999542236328,120.89299774169922,656.489990234375,0.75,237.761,1179.1179931640625,1161.7794921875,66.35671214597485
2015-12-15,1183.6500244140625,98.22000122070312,37.349998474121094,1932.969970703125,2.2679998874664307,2043.4100341796875,20.950000762939453,121.08999633789062,666.469970703125,0.75,237.761,1180.9659912109375,1162.6074951171875,75.120396948939
2015-12-16,1172.739990234375,97.87000274658203,35.52000045776367,1969.4000244140625,2.2869999408721924,2073.070068359375,17.860000610351562,121.67500305175781,671.7000122070312,0.75,237.761,1179.79599609375,1162.8194946289063,67.28377164557537
2015-12-17,1170.050048828125,99.2699966430664,34.95000076293945,1977.9599609375,2.23799991607666,2041.8900146484375,18.940000534057617,122.46299743652344,661.7100219726562,0.75,237.761,1177.86201171875,1163.0989990234375,63.678281418077766
2015-12-18,1183.06005859375,98.69999694824219,34.72999954223633,1975.3199462890625,2.1989998817443848,2005.550048828125,20.700000762939453,122.44999694824219,653.719970703125,0.75,237.761,1179.016015625,1164.5675048828125,65.71662355702773
2015-12-21,1180.4300537109375,98.45999908447266,34.7400016784668,1981.18994140625,2.197000026702881,2021.1500244140625,18.700000762939453,121.30000305175781,666.1300048828125,0.75,237.761,1177.98603515625,1165.9580078125,62.46217423913148
2015-12-22,1173.6099853515625,98.23999786376953,36.13999938964844,1992.56005859375,2.239000082015991,2038.969970703125,16.600000381469727,121.20600128173828,667.1099853515625,0.75,237.761,1175.97802734375,1166.7840087890625,60.76932106802126
2015-12-23,1169.1099853515625,98.33999633789062,37.5,1999.219970703125,2.2639999389648438,2064.2900390625,15.569999694824219,121.02999877929688,671.780029296875,0.75,237.761,1175.2520263671875,1167.9895080566407,54.68311618958943
2015-12-24,1172.1600341796875,97.9800033569336,38.099998474121094,1990.6500244140625,2.243000030517578,2060.989990234375,15.739999771118164,120.93499755859375,674.3900146484375,0.75,237.761,1175.6740234375,1169.4450073242188,61.88033265718898
2015-12-25,1167.8800048828125,97.9800033569336,38.099998474121094,1990.6500244140625,2.243000030517578,2060.989990234375,15.739999771118164,120.16999816894531,674.3900146484375,0.75,237.761,1172.6380126953125,1170.4960083007813,53.968456061137736
2015-12-28,1167.8800048828125,97.91999816894531,36.810001373291016,1964.06005859375,2.2249999046325684,2056.5,16.90999984741211,120.23100280761719,671.75,0.75,237.761,1170.1280029296875,1171.1485107421875,45.0417283044331
2015-12-29,1165.8499755859375,98.0999984741211,37.869998931884766,1966.31005859375,2.306999921798706,2078.360107421875,16.079999923706055,120.3499984741211,679.780029296875,0.75,237.761,1168.5760009765625,1171.5290100097657,39.99999999999999
2015-12-30,1169.449951171875,98.2699966430664,36.599998474121094,1961.31005859375,2.302999973297119,2063.360107421875,17.290000915527344,120.52899932861328,673.0800170898438,0.75,237.761,1168.643994140625,1172.3065063476563,42.23966173735943
2015-12-31,1175.43994140625,98.62999725341797,37.040000915527344,1961.31005859375,2.2690000534057617,2043.93994140625,18.209999084472656,120.44999694824219,663.47998046875,0.75,237.761,1169.2999755859375,1173.0405029296876,48.67338435790963
2016-01-01,1174.1099853515625,98.62999725341797,37.040000915527344,1961.31005859375,2.2690000534057617,2043.93994140625,18.209999084472656,120.28800201416016,663.47998046875,0.75,237.652,1170.5459716796875,1174.132501220703,40.86349598998079
2016-01-04,1174.1099853515625,98.87000274658203,36.7599983215332,1918.760009765625,2.244999885559082,2012.6600341796875,20.700000762939453,120.31099700927734,656.280029296875,0.75,237.652,1171.7919677734376,1174.7559997558594,42.15974253714873
2016-01-05,1187.3599853515625,99.4000015258789,35.970001220703125,1930.530029296875,2.247999906539917,2016.7099609375,19.34000015258789,119.46700286865234,649.469970703125,0.75,237.652,1176.0939697265626,1175.403497314453,61.57010342542376
2016-01-06,1188.719970703125,99.18000030517578,33.970001220703125,1925.4300537109375,2.177000045776367,1990.260009765625,20.59000015258789,119.10199737548828,631.2000122070312,0.75,237.652,1179.9479736328126,1175.9099975585937,65.09287986800243
2016-01-07,1198.739990234375,98.22000122070312,33.27000045776367,1904.3299560546875,2.1530001163482666,1943.0899658203125,24.989999771118164,118.61000061035156,610.25,0.75,237.652,1184.6079833984375,1176.8609985351563,63.319659381727234
2016-01-08,1195.3900146484375,98.54000091552734,33.15999984741211,1917.6199951171875,2.130000114440918,1922.030029296875,27.010000228881836,117.54000091552734,600.47998046875,0.75,237.652,1188.8639892578126,1177.7659973144532,62.554499262415995
2016-01-11,1205.93994140625,98.7300033569336,31.40999984741211,1894.8399658203125,2.1579999923706055,1923.6700439453125,24.299999237060547,117.08000183105469,603.5499877929688,0.75,237.652,1195.22998046875,1178.7839965820312,75.53308203264338
2016-01-12,1202.719970703125,98.97000122070312,30.440000534057617,1890.8599853515625,2.1019999980926514,1938.6800537109375,22.469999313354492,117.6500015258789,608.5599975585938,0.75,237.652,1198.3019775390626,1179.7374938964845,77.09175851964679
2016-01-13,1208.5,98.93000030517578,30.479999542236328,1916.280029296875,2.065999984741211,1890.280029296875,25.219999313354492,117.83000183105469,589.47998046875,0.75,237.652,1202.2579833984375,1181.5254943847656,78.05746513280542
2016-01-14,1210.3299560546875,99.08999633789062,31.200000762939453,1900.010009765625,2.0980000495910645,1921.8399658203125,23.950000762939453,117.42500305175781,601.5700073242188,0.75,237.652,1204.5759765625,1183.5394897460938,84.0636154548411
2016-01-15,1206.43994140625,98.95999908447266,29.420000076293945,1878.8699951171875,2.0329999923706055,1880.3299560546875,27.020000457763672,118.2030029296875,574.2899780273438,0.75,237.652,1206.7859619140625,1184.7084838867188,79.12389431117684
2016-01-18,1212.81005859375,99.12000274658203,29.420000076293945,1878.449951171875,2.0329999923706055,1880.3299560546875,27.020000457763672,116.98999786376953,574.2899780273438,0.75,237.652,1208.1599853515625,1186.3274841308594,83.2861768273795
2016-01-19,1208.8399658203125,98.98999786376953,28.459999084472656,1889.6400146484375,2.0350000858306885,1881.3299560546875,26.049999237060547,117.38400268554688,575.1799926757812,0.75,237.652,1209.383984375,1188.0889831542968,77.77464085592061
2016-01-20,1205.75,99.08999633789062,26.549999237060547,1845.449951171875,1.9839999675750732,1859.3299560546875,27.59000015258789,117.56500244140625,578.9400024414062,0.75,237.652,1208.833984375,1189.9209838867187,72.28352759998421
2016-01-21,1207.25,99.05999755859375,29.530000686645508,1840.530029296875,2.0190000534057617,1868.989990234375,26.690000534057617,117.13400268554688,587.5599975585938,0.75,237.652,1208.2179931640626,1191.6754821777345,74.3033063518408
2016-01-22,1202.0699462890625,99.56999969482422,32.189998626708984,1879.4300537109375,2.0480000972747803,1906.9000244140625,22.34000015258789,117.92400360107422,598.4199829101562,0.75,237.652,1207.343994140625,1193.3849792480469,69.05665212341464
2016-01-25,1195.5699462890625,99.36000061035156,30.34000015258789,1893.4300537109375,2.0220000743865967,1877.0799560546875,24.149999618530273,118.5719985961914,589.8099975585938,0.75,237.652,1203.8959716796876,1194.7694763183595,56.162699067201785
2016-01-26,1197.3599853515625,99.36000061035156,31.450000762939453,1871.68994140625,1.99399995803833,1903.6300048828125,22.5,118.22799682617188,595.8599853515625,0.75,237.652,1201.5999755859375,1196.3449768066407,56.443909518147535
2016-01-27,1196.780029296875,98.9000015258789,32.29999923706055,1897.8699951171875,2.000999927520752,1882.949951171875,23.110000610351562,118.37999725341797,588.6799926757812,0.75,237.652,1199.8059814453125,1197.7114807128905,48.298647904039335
2016-01-28,1206.6800537109375,98.51000213623047,33.220001220703125,1906.93994140625,1.9850000143051147,1893.3599853515625,22.420000076293945,118.46700286865234,586.8499755859375,0.75,237.652,1199.6919921875,1199.273486328125,58.79969858311228
2016-01-29,1205.6300048828125,99.61000061035156,33.619998931884766,1912.06005859375,1.930999994277954,1940.239990234375,20.200000762939453,118.93000030517578,613.6799926757812,0.75,237.652,1200.40400390625,1200.8494873046875,49.71643641318308
2016-02-01,1206.1099853515625,99.0,31.6200008392334,1924.8199462890625,1.965999960899353,1939.3800048828125,19.979999542236328,121.33999633789062,616.5999755859375,0.75,237.336,1202.51201171875,1202.4494873046874,53.26526341037839
2016-02-02,1200.9599609375,98.87000274658203,29.8799991607666,1906.5999755859375,1.8639999628067017,1903.030029296875,21.979999542236328,120.83999633789062,595.7000122070312,0.75,237.336,1203.2320068359375,1203.1294860839844,42.64820704233398
2016-02-03,1211.5,97.29000091552734,32.279998779296875,1890.6700439453125,1.88100004196167,1912.530029296875,21.649999618530273,119.85600280761719,597.1099853515625,0.75,237.336,1206.1760009765626,1204.268487548828,50.975193359935375
2016-02-04,1199.699951171875,96.47000122070312,31.719999313354492,1916.260009765625,1.8639999628067017,1915.449951171875,21.84000015258789,118.12000274658203,607.719970703125,0.75,237.336,1204.77998046875,1204.3164855957032,45.036854595138784
2016-02-05,1190.8499755859375,97.02999877929688,30.889999389648438,1917.7900390625,1.8480000495910645,1880.050048828125,23.3799991607666,116.86599731445312,586.25,0.75,237.336,1201.823974609375,1204.0894836425782,34.39897321157565
2016-02-08,1204.3499755859375,96.56999969482422,29.690000534057617,1917.7900390625,1.7350000143051147,1853.43994140625,26.0,116.94999694824219,571.4500122070312,0.75,237.336,1201.47197265625,1204.0099853515626,47.19060101676688
2016-02-09,1202.6700439453125,96.06999969482422,27.940000534057617,1917.7900390625,1.7289999723434448,1852.2099609375,26.540000915527344,115.66799926757812,567.989990234375,0.75,237.336,1201.8139892578124,1204.0074890136718,48.038247601749724
2016-02-10,1197.1500244140625,95.88999938964844,27.450000762939453,1917.7900390625,1.7050000429153442,1851.8599853515625,26.290000915527344,115.19100189208984,563.6500244140625,0.75,237.336,1198.943994140625,1203.439990234375,43.88029674336728
2016-02-11,1187.949951171875,95.55999755859375,26.209999084472656,1861.5400390625,1.6440000534057617,1829.0799560546875,28.139999389648438,113.25199890136719,559.1799926757812,0.75,237.336,1196.593994140625,1202.3209899902345,41.841940821257744
2016-02-12,1197.449951171875,95.9800033569336,29.440000534057617,1835.280029296875,1.7480000257492065,1864.780029296875,25.399999618530273,112.49700164794922,571.9000244140625,0.75,237.336,1197.9139892578125,1201.8714904785156,51.049810978128534
2016-02-15,1205.0,95.9800033569336,29.440000534057617,1862.199951171875,1.7480000257492065,1864.780029296875,25.399999618530273,113.66999816894531,571.9000244140625,0.75,237.336,1198.043994140625,1201.4809875488281,54.00839504085441
2016-02-16,1211.25,96.87000274658203,29.040000915527344,1888.300048828125,1.777999997138977,1895.5799560546875,24.110000610351562,114.3219985961914,591.9299926757812,0.75,237.336,1199.7599853515626,1201.6014892578125,57.165464947022784
2016-02-17,1215.8499755859375,96.79000091552734,30.65999984741211,1883.93994140625,1.819000005722046,1926.8199462890625,22.309999465942383,114.08000183105469,606.0499877929688,0.75,237.336,1203.4999755859376,1202.1064880371093,54.792466793411
2016-02-18,1224.050048828125,96.94999694824219,30.770000457763672,1908.8399658203125,1.7589999437332153,1917.8299560546875,21.639999389648438,114.27999877929688,602.52001953125,0.75,237.336,1210.7199951171874,1202.9464904785157,58.95740606408858
2016-02-19,1227.4000244140625,96.5999984741211,29.639999389648438,1916.239990234375,1.7480000257492065,1917.780029296875,20.530000686645508,113.25,605.4600219726562,0.75,237.336,1216.710009765625,1204.2129943847656,60.0719092091373
2016-02-22,1231.8699951171875,97.37999725341797,31.479999542236328,1916.3599853515625,1.7660000324249268,1945.5,19.3799991607666,112.48899841308594,615.0,0.75,237.336,1222.0840087890624,1206.0279968261718,64.71764373554915
2016-02-23,1220.949951171875,97.4800033569336,31.8700008392334,1914.219970703125,1.7450000047683716,1921.27001953125,20.979999542236328,112.97100067138672,604.8699951171875,0.75,237.336,1224.0239990234375,1207.2074951171876,54.48331858468581
2016-02-24,1229.949951171875,97.45999908447266,32.150001525878906,1912.530029296875,1.7419999837875366,1929.800048828125,20.719999313354492,111.87999725341797,613.3400268554688,0.75,237.336,1226.843994140625,1208.8659912109374,64.74313972332814
2016-02-25,1231.4000244140625,97.29000091552734,33.06999969482422,1918.5699462890625,1.6970000267028809,1951.699951171875,19.110000610351562,112.10099792480469,621.0700073242188,0.75,237.336,1228.3139892578124,1210.1019897460938,71.29949038084222
2016-02-26,1232.3499755859375,98.1500015258789,32.779998779296875,1920.1600341796875,1.7619999647140503,1948.050048828125,19.809999465942383,113.11799621582031,624.6500244140625,0.75,237.336,1229.3039794921874,1211.43798828125,66.94092066624519
2016-02-29,1241.1300048828125,98.20999908447266,33.75,1916.6600341796875,1.7400000095367432,1932.22998046875,20.549999237060547,113.66000366210938,622.1099853515625,0.75,237.336,1231.1559814453126,1213.1889892578124,71.42849369926219
2016-03-01,1236.199951171875,98.3499984741211,34.400001525878906,1916.6600341796875,1.8339999914169312,1978.3499755859375,17.700000762939453,112.43000030517578,639.9000244140625,0.5,238.08,1234.2059814453125,1214.9509887695312,71.90118290774305
2016-03-02,1225.1500244140625,98.20999908447266,34.65999984741211,1947.4200439453125,1.8480000495910645,1986.449951171875,17.09000015258789,113.93000030517578,643.3099975585938,0.5,238.08,1233.24599609375,1215.6334899902345,70.43957326422284
2016-03-03,1224.5,97.56999969482422,34.56999969482422,1958.1700439453125,1.8300000429153442,1993.4000244140625,16.700000762939453,113.46600341796875,643.8900146484375,0.5,238.08,1231.8659912109374,1216.8734924316407,66.46378611952318
2016-03-04,1210.030029296875,97.33999633789062,35.91999816894531,1955.6300048828125,1.8830000162124634,1999.989990234375,16.860000610351562,113.66999816894531,650.6199951171875,0.5,238.08,1227.402001953125,1217.8324951171876,52.82363614934038
2016-03-07,1196.5,97.06999969482422,37.900001525878906,1957.8699951171875,1.9019999504089355,2001.760009765625,17.350000381469727,113.8030014038086,652.6799926757812,0.5,238.08,1218.4760009765625,1217.4399963378905,42.345622703661476
2016-03-08,1198.75,97.20999908447266,36.5,1946.1199951171875,1.8320000171661377,1979.260009765625,18.670000076293945,113.4520034790039,638.010009765625,0.5,238.08,1210.9860107421875,1217.243994140625,40.90428011723929
2016-03-09,1208.1800537109375,97.16999816894531,38.290000915527344,1952.949951171875,1.8919999599456787,1989.260009765625,18.34000015258789,112.66000366210938,643.27001953125,0.5,238.08,1207.5920166015626,1217.7954956054687,41.66755327671848
2016-03-10,1208.1500244140625,96.06999969482422,37.84000015258789,1969.3299560546875,1.9290000200271606,1989.5699462890625,18.049999237060547,113.25299835205078,646.5800170898438,0.5,238.08,1204.322021484375,1218.8054992675782,39.52781673679289
2016-03-11,1203.949951171875,96.16999816894531,38.5,1971.4100341796875,1.9769999980926514,2022.18994140625,16.5,112.86000061035156,659.1400146484375,0.5,238.08,1203.106005859375,1219.1304992675782,34.766496562619466
2016-03-14,1185.9000244140625,96.62000274658203,37.18000030517578,1972.27001953125,1.9630000591278076,2019.6400146484375,16.920000076293945,113.77799987792969,656.3499755859375,0.5,238.08,1200.9860107421875,1218.1755004882812,32.2568206395798
2016-03-15,1185.75,96.62999725341797,36.34000015258789,1969.969970703125,1.9589999914169312,2015.9300537109375,16.84000015258789,113.83000183105469,655.4099731445312,0.5,238.08,1198.3860107421874,1216.9005004882813,25.422670391759183
2016-03-16,1191.969970703125,95.88999938964844,38.459999084472656,1974.9000244140625,1.937999963760376,2027.219970703125,14.989999771118164,113.1050033569336,661.1900024414062,0.5,238.08,1195.143994140625,1215.7065002441407,29.179413201736224
2016-03-17,1175.8499755859375,94.76000213623047,40.20000076293945,1987.989990234375,1.902999997138977,2040.5899658203125,14.4399995803833,112.75199890136719,665.9500122070312,0.5,238.08,1188.683984375,1213.2964965820313,24.285479358292577
2016-03-18,1152.75,94.98999786376953,39.439998626708984,1992.1199951171875,1.871000051498413,2049.580078125,14.020000457763672,111.3499984741211,675.030029296875,0.5,238.08,1178.443994140625,1209.5639953613281,14.414572935948001
2016-03-21,1162.300048828125,95.29000091552734,39.90999984741211,1989.760009765625,1.9229999780654907,2051.60009765625,13.789999961853027,111.44499969482422,675.9600219726562,0.5,238.08,1173.7239990234375,1206.085498046875,21.312160586847128
2016-03-22,1159.0999755859375,95.6500015258789,41.45000076293945,1996.81005859375,1.934999942779541,2049.800048828125,14.170000076293945,112.13899993896484,675.2999877929688,0.5,238.08,1168.393994140625,1202.9929992675782,22.69535255504509
2016-03-23,1154.800048828125,96.05000305175781,39.790000915527344,1995.1199951171875,1.875,2036.7099609375,14.9399995803833,112.25199890136719,666.4600219726562,0.5,238.08,1160.960009765625,1199.2355041503906,22.030539107535432
2016-03-24,1166.1500244140625,96.13999938964844,39.459999084472656,1985.969970703125,1.899999976158142,2035.93994140625,14.739999771118164,112.4000015258789,666.1400146484375,0.5,238.08,1159.02001953125,1195.9730041503906,31.939427130174394
2016-03-25,1166.1500244140625,96.13999938964844,39.459999084472656,1983.81005859375,1.899999976158142,2035.93994140625,14.739999771118164,112.83000183105469,666.1400146484375,0.5,238.08,1161.7000244140625,1192.6630065917968,35.94258684853001
2016-03-28,1166.1500244140625,95.94000244140625,39.38999938964844,1982.5400390625,1.8700000047683716,2037.050048828125,15.239999771118164,113.44999694824219,665.2100219726562,0.5,238.08,1162.47001953125,1188.9140075683595,34.57901939611615
2016-03-29,1166.1500244140625,95.16000366210938,38.279998779296875,1994.9100341796875,1.8140000104904175,2055.010009765625,13.819999694824219,113.36399841308594,674.1400146484375,0.5,238.08,1163.880029296875,1185.4115112304687,28.17075892291072
2016-03-30,1156.0799560546875,94.83999633789062,38.31999969482422,2002.1400146484375,1.8300000429153442,2063.949951171875,13.5600004196167,112.68000030517578,680.7899780273438,0.5,238.08,1164.1360107421874,1181.9580078125,25.51028141262063
2016-03-31,1140.22998046875,94.58999633789062,38.34000015258789,1995.8499755859375,1.7860000133514404,2059.739990234375,13.949999809265137,112.36599731445312,676.8900146484375,0.5,238.08,1158.952001953125,1177.7445068359375,22.990847828066663
2016-04-01,1140.800048828125,94.62000274658203,36.790000915527344,1973.5699462890625,1.7920000553131104,2072.780029296875,13.100000381469727,112.4800033569336,681.5900268554688,0.5,238.992,1153.8820068359375,1174.2830078125,27.55775798078804
2016-04-04,1145.8199462890625,94.51000213623047,35.70000076293945,1978.969970703125,1.7790000438690186,2066.1298828125,14.119999885559082,111.72200012207031,675.3900146484375,0.5,238.992,1149.8159912109375,1171.749005126953,31.048854786698442
2016-04-05,1148.6300048828125,94.62999725341797,35.88999938964844,1962.739990234375,1.7269999980926514,2045.1700439453125,15.420000076293945,111.25,671.3300170898438,0.5,238.992,1146.3119873046876,1169.2430053710937,28.74242749011188
2016-04-06,1158.5,94.43000030517578,37.75,1971.3199462890625,1.7549999952316284,2066.659912109375,14.09000015258789,110.37799835205078,678.2100219726562,0.5,238.992,1146.79599609375,1166.7590026855469,40.93428567419278
2016-04-07,1153.1500244140625,94.4800033569336,37.2599983215332,1973.8900146484375,1.690999984741211,2041.9100341796875,16.15999984741211,109.6989974975586,667.4600219726562,0.5,238.992,1149.3800048828125,1164.0090026855469,50.25662309999451
2016-04-08,1156.1500244140625,94.23999786376953,39.720001220703125,1972.050048828125,1.7200000286102295,2047.5999755859375,15.359999656677246,108.427001953125,671.3099975585938,0.5,238.992,1152.45,1161.6190063476563,45.692657828725416
2016-04-11,1149.5,93.94999694824219,40.36000061035156,1970.3699951171875,1.7239999771118164,2041.989990234375,16.260000228881836,108.31099700927734,670.5999755859375,0.5,238.992,1153.1860107421876,1159.799005126953,43.58633085897806
2016-04-12,1140.5,93.95999908447266,42.16999816894531,1981.3199462890625,1.781000018119812,2061.719970703125,14.850000381469727,107.93000030517578,669.739990234375,0.5,238.992,1151.560009765625,1157.5365051269532,41.01078589055728
2016-04-13,1140.050048828125,94.73999786376953,41.7599983215332,1981.3199462890625,1.7619999647140503,2082.419921875,13.84000015258789,108.63999938964844,685.1500244140625,0.5,238.992,1147.87001953125,1154.9405090332032,30.987784079288772
2016-04-14,1143.75,94.9000015258789,41.5,2015.9300537109375,1.781000018119812,2082.780029296875,13.720000267028809,109.41999816894531,679.280029296875,0.5,238.992,1145.9900146484374,1153.3355102539062,34.51753179583841
2016-04-15,1151.5999755859375,94.69999694824219,40.36000061035156,2014.7099609375,1.7519999742507935,2080.72998046875,13.619999885559082,109.31600189208984,673.489990234375,0.5,238.992,1145.0800048828125,1153.278009033203,40.927759409117755
2016-04-18,1145.0999755859375,94.48999786376953,39.779998779296875,2009.0999755859375,1.7730000019073486,2094.340087890625,13.350000381469727,108.01699829101562,673.9600219726562,0.5,238.992,1144.2,1152.4180053710938,37.859001582733
2016-04-19,1141.5999755859375,93.9800033569336,41.08000183105469,2011.3599853515625,1.7829999923706055,2100.800048828125,13.239999771118164,109.072998046875,665.6099853515625,0.5,238.992,1144.4199951171875,1151.5430053710938,40.96355253815846
2016-04-20,1125.8499755859375,94.48999786376953,42.630001068115234,2005.8299560546875,1.8539999723434448,2102.39990234375,13.279999732971191,109.23999786376953,672.1500244140625,0.5,238.992,1141.57998046875,1150.0955017089843,41.014731748542765
2016-04-21,1130.0999755859375,94.5999984741211,43.18000030517578,2022.0999755859375,1.8700000047683716,2091.47998046875,13.949999809265137,109.83799743652344,667.6799926757812,0.5,238.992,1138.8499755859375,1148.2929992675781,43.608067449454474
2016-04-22,1138.25,95.12000274658203,43.72999954223633,2015.489990234375,1.8880000114440918,2091.580078125,13.220000267028809,109.43699645996094,669.030029296875,0.5,238.992,1136.17998046875,1146.897998046875,45.640936243077924
2016-04-25,1147.6500244140625,94.83999633789062,42.63999938964844,2014.550048828125,1.9019999504089355,2087.7900390625,14.079999923706055,111.43599700927734,665.3200073242188,0.5,238.992,1136.689990234375,1145.972998046875,49.475497062574476
2016-04-26,1148.52001953125,94.56999969482422,44.040000915527344,2019.6300048828125,1.930999994277954,2091.699951171875,13.960000038146973,111.13600158691406,674.4199829101562,0.5,238.992,1138.0739990234374,1145.0914978027345,44.089084515188674
2016-04-27,1144.8800048828125,94.38999938964844,45.33000183105469,2015.4000244140625,1.8600000143051147,2095.14990234375,13.770000457763672,111.2300033569336,681.260009765625,0.5,238.992,1141.8800048828125,1144.5315002441407,45.00059035362182
2016-04-28,1146.0999755859375,93.76000213623047,46.029998779296875,2000.9300537109375,1.8380000591278076,2075.81005859375,15.220000267028809,111.5199966430664,662.6900024414062,0.5,238.992,1145.0800048828125,1144.825,43.79089502215759
2016-04-29,1134.0,93.08000183105469,45.91999816894531,1994.1500244140625,1.819000005722046,2065.300048828125,15.699999809265137,108.07599639892578,645.3400268554688,0.5,238.992,1144.2300048828124,1144.4849975585937,41.02800357251874
2016-05-02,1143.0,92.62999725341797,44.779998779296875,1978.1500244140625,1.8650000095367432,2081.429931640625,14.680000305175781,106.4530029296875,650.27001953125,0.5,239.557,1143.3,1144.3440002441407,51.44709619798085
2016-05-03,1135.5,92.94000244140625,43.650001525878906,1986.4100341796875,1.7999999523162842,2063.3701171875,15.600000381469727,106.39600372314453,642.6199951171875,0.5,239.557,1140.69599609375,1143.6875,47.56499402909412
2016-05-04,1149.97998046875,93.18000030517578,43.779998779296875,1976.7099609375,1.784000039100647,2051.1201171875,16.049999237060547,106.68000030517578,634.9000244140625,0.5,239.557,1141.7159912109375,1143.2614990234374,52.98914826025433
2016-05-05,1164.75,93.77999877929688,44.31999969482422,1976.7099609375,1.746999979019165,2050.6298828125,15.90999984741211,106.91999816894531,636.8099975585938,0.5,239.557,1145.44599609375,1143.8414978027345,55.91650492048898
2016-05-06,1164.5,93.88999938964844,44.65999984741211,1976.7099609375,1.7790000438690186,2057.139892578125,14.720000267028809,107.2750015258789,637.5,0.5,239.557,1151.54599609375,1144.2589965820312,59.2486763495764
2016-05-09,1167.3399658203125,94.1500015258789,43.439998626708984,1967.81005859375,1.7599999904632568,2058.68994140625,14.569999694824219,107.36000061035156,636.5399780273438,0.5,239.557,1156.4139892578125,1145.1509948730468,62.34887616102697
2016-05-10,1173.050048828125,94.29000091552734,44.65999984741211,1982.5,1.7599999904632568,2084.389892578125,13.630000114440918,108.33100128173828,644.2999877929688,0.5,239.557,1163.9239990234375,1146.778497314453,75.05842340409812
2016-05-11,1169.3299560546875,93.81999969482422,46.22999954223633,1980.0999755859375,1.7369999885559082,2064.4599609375,14.6899995803833,109.19400024414062,642.2899780273438,0.5,239.557,1167.793994140625,1148.2424926757812,70.94496481929973
2016-05-12,1162.9000244140625,94.13999938964844,46.70000076293945,1977.489990234375,1.7569999694824219,2064.110107421875,14.40999984741211,108.41500091552734,630.77001953125,0.5,239.557,1167.4239990234375,1149.1999938964843,63.406945508577316
2016-05-13,1167.4000244140625,94.61000061035156,46.209999084472656,1966.989990234375,1.7050000429153442,2046.6099853515625,15.039999961853027,109.0999984741211,633.260009765625,0.5,239.557,1168.00400390625,1149.9899963378907,61.34665825092924
2016-05-16,1174.9000244140625,94.56999969482422,47.720001220703125,1967.9100341796875,1.753000020980835,2066.659912109375,14.680000305175781,108.66100311279297,643.3300170898438,0.5,239.557,1169.516015625,1151.479998779297,64.08285033945336
2016-05-17,1176.449951171875,94.55000305175781,48.310001373291016,1968.06005859375,1.7589999437332153,2047.2099609375,15.569999694824219,109.08000183105469,638.8900146484375,0.5,239.557,1170.19599609375,1153.2224975585937,67.2381592260655
2016-05-18,1173.3299560546875,95.08000183105469,48.189998626708984,1956.72998046875,1.8799999952316284,2047.6300048828125,15.949999809265137,108.94999694824219,649.3499755859375,0.5,239.557,1170.99599609375,1155.5964965820312,64.56616508163708
2016-05-19,1186.8499755859375,95.29000091552734,48.15999984741211,1946.780029296875,1.8450000286102295,2040.0400390625,16.329999923706055,110.13999938964844,644.739990234375,0.5,239.557,1175.785986328125,1158.4339965820313,77.84801740296061
2016-05-20,1185.449951171875,95.30999755859375,47.75,1947.6700439453125,1.8489999771118164,2052.320068359375,15.199999809265137,109.88099670410156,665.0800170898438,0.5,239.557,1179.3959716796876,1160.793994140625,74.31546120713766
2016-05-23,1188.4599609375,95.2300033569336,48.08000183105469,1955.25,1.8380000591278076,2048.0400390625,15.819999694824219,110.05000305175781,669.4600219726562,0.5,239.557,1182.107958984375,1162.834490966797,81.98063388068371
2016-05-24,1181.550048828125,95.56999969482422,48.619998931884766,1937.6800537109375,1.8589999675750732,2076.06005859375,14.420000076293945,109.3740005493164,685.6400146484375,0.5,239.557,1183.127978515625,1164.4859924316406,70.9823717636674
2016-05-25,1185.550048828125,95.3499984741211,49.560001373291016,1960.510009765625,1.8700000047683716,2090.5400390625,13.899999618530273,110.16999816894531,689.469970703125,0.5,239.557,1185.5719970703126,1166.5194946289062,66.13408426379021
2016-05-26,1178.8499755859375,95.16999816894531,49.47999954223633,1957.06005859375,1.8229999542236328,2090.10009765625,13.430000305175781,110.11100006103516,691.5800170898438,0.5,239.557,1183.9719970703125,1168.1569946289062,60.11843792768057
2016-05-27,1177.949951171875,95.5199966430664,49.33000183105469,1969.1700439453125,1.8509999513626099,2099.06005859375,13.119999885559082,109.71299743652344,695.7100219726562,0.5,239.557,1182.4719970703125,1170.3544921875,57.691729070465115
2016-05-30,1184.25,95.5199966430664,49.33000183105469,1967.1300048828125,1.8509999513626099,2099.06005859375,13.119999885559082,110.7699966430664,695.7100219726562,0.5,239.557,1181.6300048828125,1172.4169921875,58.050561916060055
2016-05-31,1198.449951171875,95.88999938964844,49.099998474121094,1983.4000244140625,1.8339999914169312,2096.949951171875,14.1899995803833,110.84100341796875,699.3599853515625,0.5,239.557,1185.0099853515626,1175.5644897460938,68.19092036291707
2016-06-01,1187.739990234375,95.45999908447266,49.0099983215332,1982.719970703125,1.8459999561309814,2099.330078125,14.199999809265137,110.66999816894531,703.2899780273438,0.5,240.222,1185.4479736328126,1177.452490234375,64.72959063277688
2016-06-02,1190.1500244140625,95.55999755859375,49.16999816894531,1985.1099853515625,1.8109999895095825,2105.260009765625,13.630000114440918,109.47699737548828,703.4299926757812,0.5,240.222,1187.7079833984376,1178.7224914550782,63.83315420380388
2016-06-03,1184.300048828125,94.02999877929688,48.619998931884766,1985.8399658203125,1.7039999961853027,2099.1298828125,13.470000267028809,108.86000061035156,705.5999755859375,0.5,240.222,1188.9780029296876,1179.7124938964844,55.83273116188035
2016-06-06,1161.5899658203125,93.9000015258789,49.689998626708984,1985.8399658203125,1.7230000495910645,2109.409912109375,13.649999618530273,106.72100067138672,703.7000122070312,0.5,240.222,1184.44599609375,1179.4249938964845,42.69708622541109
2016-06-07,1157.9000244140625,93.83000183105469,50.36000061035156,2011.6300048828125,1.7130000591278076,2112.1298828125,14.050000190734863,107.43800354003906,710.5499877929688,0.5,240.222,1176.3360107421875,1178.6674926757812,42.45923037641209
2016-06-08,1154.5,93.58999633789062,51.22999954223633,2027.0799560546875,1.7059999704360962,2119.1201171875,14.079999923706055,107.25399780273438,710.1900024414062,0.5,240.222,1169.6880126953124,1177.9259948730469,32.454738414318456
2016-06-09,1150.25,94.0999984741211,50.560001373291016,2024.1700439453125,1.6799999475479126,2115.47998046875,14.640000343322754,106.77999877929688,710.9199829101562,0.5,240.222,1161.7080078125,1177.2934936523438,31.481514780982522
2016-06-10,1156.199951171875,94.5999984741211,49.06999969482422,2017.6300048828125,1.6390000581741333,2096.070068359375,17.030000686645508,107.08999633789062,699.0399780273438,0.5,240.222,1156.08798828125,1176.7334899902344,33.53744835869094
2016-06-13,1169.47998046875,94.37000274658203,48.880001068115234,1979.06005859375,1.6160000562667847,2079.06005859375,20.969999313354492,106.50399780273438,695.4199829101562,0.5,240.222,1157.6659912109376,1176.4624877929687,44.21655147888016
2016-06-14,1170.1500244140625,94.93000030517578,48.4900016784668,1972.030029296875,1.6109999418258667,2075.320068359375,20.5,106.22599792480469,695.469970703125,0.5,240.222,1160.1159912109374,1176.1474914550781,42.37774558127114
2016-06-15,1173.3900146484375,94.61000061035156,48.0099983215332,1968.8299560546875,1.5959999561309814,2071.5,20.139999389648438,106.08699798583984,694.8599853515625,0.5,240.222,1163.893994140625,1176.1504943847656,47.2017437175618
2016-06-16,1166.699951171875,94.56999969482422,46.209999084472656,1951.989990234375,1.5640000104904175,2077.989990234375,19.3700008392334,105.8499984741211,694.780029296875,0.5,240.222,1167.183984375,1175.1429931640625,44.55733460580834
2016-06-17,1169.5799560546875,94.20999908447266,47.97999954223633,1953.4000244140625,1.6180000305175781,2071.219970703125,19.40999984741211,104.74299621582031,689.0900268554688,0.5,240.222,1169.8599853515625,1174.3494934082032,42.659843860512794
2016-06-20,1168.56005859375,93.61000061035156,49.369998931884766,1981.1199951171875,1.6699999570846558,2083.25,18.3700008392334,104.64800262451172,697.0800170898438,0.5,240.222,1169.6760009765626,1173.3544982910157,32.77239620857348
2016-06-21,1159.3499755859375,94.0199966430664,48.849998474121094,1982.699951171875,1.6970000267028809,2088.89990234375,18.479999542236328,103.8239974975586,699.4000244140625,0.5,240.222,1167.5159912109375,1172.2444946289063,33.34898885832561
2016-06-22,1151.5999755859375,93.72000122070312,49.130001068115234,1992.5799560546875,1.684999942779541,2085.449951171875,21.170000076293945,104.66999816894531,698.25,0.5,240.222,1163.1579833984374,1170.5469909667968,28.72281078109293
2016-06-23,1149.9000244140625,93.52999877929688,50.11000061035156,1986.7099609375,1.7389999628067017,2113.320068359375,17.25,104.6500015258789,716.6699829101562,0.5,240.222,1159.797998046875,1169.0994934082032,30.101805210155945
2016-06-24,1141.260009765625,95.44999694824219,47.63999938964844,1925.239990234375,1.5789999961853027,2037.4100341796875,25.760000228881836,104.89600372314453,675.4000244140625,0.5,240.222,1154.1340087890626,1167.2649963378906,35.95415405115922
2016-06-27,1170.6099853515625,96.54000091552734,46.33000183105469,1926.8499755859375,1.4600000381469727,2000.5400390625,23.850000381469727,102.12699890136719,648.3200073242188,0.5,240.222,1154.543994140625,1166.5829956054688,56.48268751354192
2016-06-28,1177.6500244140625,96.25,47.849998474121094,1936.219970703125,1.4609999656677246,2036.0899658203125,18.75,101.81199645996094,665.75,0.5,240.222,1158.20400390625,1165.5429992675781,61.38487971270806
2016-06-29,1165.3800048828125,95.7699966430664,49.880001068115234,1956.3599853515625,1.4769999980926514,2070.77001953125,16.639999389648438,102.70099639892578,679.3699951171875,0.5,240.222,1160.960009765625,1164.425,56.896707141593254
2016-06-30,1152.1500244140625,96.13999938964844,48.33000183105469,1970.3499755859375,1.4880000352859497,2098.860107421875,15.630000114440918,102.77799987792969,691.6699829101562,0.5,240.222,1161.410009765625,1162.525,48.268819549601915
2016-07-01,1151.25,95.6500015258789,48.9900016784668,1987.3199462890625,1.4559999704360962,2102.949951171875,14.770000457763672,103.072998046875,685.010009765625,0.5,240.101,1163.4080078125,1160.8724975585938,41.28503434865932
2016-07-04,1148.0,95.6500015258789,48.9900016784668,1995.300048828125,1.4559999704360962,2102.949951171875,14.770000457763672,102.48799896240234,685.010009765625,0.5,240.101,1158.8860107421874,1160.1929992675782,39.66594413949976
2016-07-05,1151.4000244140625,96.16999816894531,46.599998474121094,1989.8499755859375,1.3669999837875366,2088.550048828125,15.579999923706055,102.51799774169922,672.510009765625,0.5,240.101,1153.6360107421874,1159.8679992675782,39.75590504613032
2016-07-06,1154.949951171875,96.05999755859375,47.43000030517578,1953.1199951171875,1.3849999904632568,2099.72998046875,14.960000038146973,101.14099884033203,673.5499877929688,0.5,240.101,1151.55,1159.8904968261718,44.361259905989755
2016-07-07,1155.25,96.33000183105469,45.13999938964844,1974.0799560546875,1.3869999647140503,2097.89990234375,14.760000228881836,101.1500015258789,681.8200073242188,0.5,240.101,1152.1699951171875,1160.1404968261718,42.9485492960623
2016-07-08,1155.6500244140625,96.30000305175781,45.40999984741211,1963.0999755859375,1.3660000562667847,2129.89990234375,13.199999809265137,100.79000091552734,701.0700073242188,0.5,240.101,1153.05,1160.1130004882812,43.60826823286528
2016-07-11,1147.7099609375,96.56999969482422,44.7599983215332,1988.5400390625,1.434000015258789,2137.159912109375,13.539999961853027,100.69200134277344,708.9000244140625,0.5,240.101,1152.9919921875,1159.0244995117187,44.16365632807652
2016-07-12,1148.0699462890625,96.44000244140625,46.79999923706055,1991.22998046875,1.5130000114440918,2152.139892578125,13.550000190734863,102.52400207519531,718.3599853515625,0.5,240.101,1152.3259765625,1157.9204956054687,48.088364394051574
2016-07-13,1141.0,96.22000122070312,44.75,2005.550048828125,1.468000054359436,2152.429931640625,13.039999961853027,104.75599670410156,718.9000244140625,0.5,240.101,1149.535986328125,1156.3009948730469,45.44523145238574
2016-07-14,1142.6500244140625,96.08000183105469,45.68000030517578,2008.77001953125,1.531000018119812,2163.75,12.819999694824219,104.07599639892578,724.22998046875,0.5,240.101,1147.0159912109375,1155.0984985351563,50.766185302860855
2016-07-15,1129.25,96.58000183105469,45.95000076293945,2017.260009765625,1.593999981880188,2161.739990234375,12.670000076293945,105.19100189208984,723.6400146484375,0.5,240.101,1141.735986328125,1153.0820007324219,22.33820731996049
2016-07-18,1136.5999755859375,96.55999755859375,45.2400016784668,2021.1099853515625,1.5870000123977661,2166.889892578125,12.4399995803833,105.45899963378906,734.5399780273438,0.5,240.101,1139.5139892578125,1151.4839965820313,22.658844113734887
2016-07-19,1133.050048828125,97.05000305175781,44.650001525878906,2016.8900146484375,1.5579999685287476,2163.780029296875,11.970000267028809,106.14600372314453,731.780029296875,0.5,240.101,1136.510009765625,1150.1690002441405,25.63679883136261
2016-07-20,1139.199951171875,97.19999694824219,44.939998626708984,2015.4599609375,1.5800000429153442,2173.02001953125,11.770000457763672,106.13700103759766,743.739990234375,0.5,240.101,1136.15,1149.5489990234375,39.07533689363779
2016-07-21,1140.949951171875,97.0,44.75,2012.219970703125,1.565000057220459,2165.169921875,12.739999771118164,107.2040023803711,738.2999877929688,0.5,240.101,1135.8099853515625,1149.101495361328,41.433740370597484
2016-07-22,1136.050048828125,97.47000122070312,44.189998626708984,2010.3399658203125,1.5700000524520874,2175.030029296875,12.020000457763672,105.81099700927734,742.3699951171875,0.5,240.101,1137.1699951171875,1148.840997314453,40.32702393985985
2016-07-25,1134.0,97.29000091552734,43.130001068115234,2012.3199462890625,1.5709999799728394,2168.47998046875,12.869999885559082,106.32599639892578,746.4400024414062,0.5,240.101,1136.65,1147.010498046875,35.60072652482327
2016-07-26,1141.530029296875,97.16000366210938,42.91999816894531,2027.3399658203125,1.562999963760376,2169.179931640625,13.050000190734863,105.5780029296875,774.9199829101562,0.5,240.101,1138.34599609375,1145.2044982910156,39.5807901979665
2016-07-27,1134.550048828125,97.05000305175781,41.91999816894531,2025.050048828125,1.5149999856948853,2166.580078125,12.829999923706055,104.8489990234375,774.9299926757812,0.5,240.101,1137.416015625,1143.6630004882813,35.43894237539628
2016-07-28,1129.050048828125,96.73999786376953,41.13999938964844,2021.0999755859375,1.5110000371932983,2170.06005859375,12.720000267028809,104.95099639892578,770.52001953125,0.5,240.101,1135.03603515625,1142.5080017089845,32.541321817438885
2016-07-29,1123.3499755859375,95.52999877929688,41.599998474121094,2016.18994140625,1.4579999446868896,2173.60009765625,11.869999885559082,104.74500274658203,766.780029296875,0.5,240.101,1132.4960205078125,1141.1130004882812,33.52715385948838
2016-08-01,1109.949951171875,95.70999908447266,40.060001373291016,2029.6099853515625,1.496000051498413,2170.840087890625,12.4399995803833,102.33200073242188,768.02001953125,0.5,240.545,1127.6860107421876,1139.210498046875,28.08688366531517
2016-08-02,1105.449951171875,95.05999755859375,39.5099983215332,2019.030029296875,1.5369999408721924,2157.030029296875,13.369999885559082,102.35900115966797,755.72998046875,0.5,240.545,1120.4699951171874,1136.9129943847656,28.94201762580876
2016-08-03,1111.8399658203125,95.55999755859375,40.83000183105469,1994.7900390625,1.5420000553131104,2163.7900390625,12.859999656677246,101.06800079345703,756.530029296875,0.5,240.545,1115.927978515625,1134.7574951171875,32.720082813467045
2016-08-04,1113.449951171875,95.76000213623047,41.93000030517578,2000.030029296875,1.503000020980835,2164.25,12.420000076293945,101.33699798583984,763.5700073242188,0.5,240.545,1112.807958984375,1132.6674926757812,39.787954529675
2016-08-05,1109.949951171875,96.19000244140625,41.79999923706055,2017.93994140625,1.5820000171661377,2182.8701171875,11.390000343322754,101.1989974975586,773.780029296875,0.5,240.545,1110.1279541015624,1130.3824890136718,31.87317022947792
2016-08-08,1113.3499755859375,96.4000015258789,43.02000045776367,2031.1199951171875,1.5829999446868896,2180.889892578125,11.5,102.1449966430664,772.4400024414062,0.5,240.545,1110.807958984375,1128.6644897460938,36.57301173945238
2016-08-09,1104.6500244140625,96.18000030517578,42.77000045776367,2043.780029296875,1.5449999570846558,2181.739990234375,11.65999984741211,102.28800201416016,778.780029296875,0.5,240.545,1110.6479736328124,1126.4934936523437,27.242846001077424
2016-08-10,1099.9000244140625,95.6500015258789,41.709999084472656,2044.6400146484375,1.5089999437332153,2175.489990234375,12.050000190734863,101.91500091552734,772.8200073242188,0.5,240.545,1108.2599853515626,1124.438494873047,23.989412636460813
2016-08-11,1094.25,95.86000061035156,43.4900016784668,2048.800048828125,1.5729999542236328,2185.7900390625,11.680000305175781,101.13300323486328,776.260009765625,0.5,240.545,1104.4199951171875,1122.0184936523438,23.76351566714068
2016-08-12,1095.949951171875,95.72000122070312,44.4900016784668,2050.469970703125,1.5149999856948853,2184.050048828125,11.550000190734863,101.80799865722656,779.8400268554688,0.5,240.545,1101.6199951171875,1120.3534912109376,26.011839164670903
2016-08-15,1102.47998046875,95.62999725341797,45.7400016784668,2050.469970703125,1.5529999732971191,2190.14990234375,11.8100004196167,101.28299713134766,790.4400024414062,0.5,240.545,1099.44599609375,1118.6474914550781,25.06702872570598
2016-08-16,1097.3599853515625,94.79000091552734,46.58000183105469,2047.760009765625,1.5759999752044678,2178.14990234375,12.640000343322754,101.23999786376953,784.6099853515625,0.5,240.545,1097.98798828125,1116.86298828125,25.6768948024762
2016-08-17,1094.030029296875,94.72000122070312,46.790000915527344,2043.75,1.5609999895095825,2182.219970703125,12.1899995803833,100.19999694824219,784.6099853515625,0.5,240.545,1096.8139892578124,1114.6044921875,26.427028999082992
2016-08-18,1104.5,94.16000366210938,48.220001220703125,2055.469970703125,1.5360000133514404,2187.02001953125,11.430000305175781,99.90599822998047,790.1599731445312,0.5,240.545,1098.8639892578126,1112.7819946289062,38.07717074571827
2016-08-19,1106.9599609375,94.51000213623047,48.52000045776367,2056.239990234375,1.5779999494552612,2183.8701171875,11.34000015258789,100.11199951171875,797.0599975585938,0.5,240.545,1101.0659912109375,1111.327490234375,47.80502405207579
2016-08-22,1117.3900146484375,94.5199966430664,47.04999923706055,2042.1600341796875,1.5390000343322754,2182.639892578125,12.270000457763672,100.55400085449219,797.2899780273438,0.5,240.545,1104.047998046875,1110.4969909667968,58.06326098246598
2016-08-23,1122.5699462890625,94.54000091552734,48.099998474121094,2049.929931640625,1.5529999732971191,2186.89990234375,12.380000114440918,100.2509994506836,801.3099975585938,0.5,240.545,1109.089990234375,1109.5489868164063,57.36647324436578
2016-08-24,1119.3900146484375,94.79000091552734,46.77000045776367,2043.760009765625,1.559000015258789,2175.43994140625,13.449999809265137,100.31099700927734,794.3400268554688,0.5,240.545,1114.1619873046875,1108.7909851074219,53.99198993245095
2016-08-25,1119.7900390625,94.7699966430664,47.33000183105469,2042.9200439453125,1.5770000219345093,2172.469970703125,13.630000114440918,100.552001953125,797.469970703125,0.5,240.545,1117.2199951171874,1108.3279846191406,56.900501294325515
2016-08-26,1114.1300048828125,95.56999969482422,47.63999938964844,2037.5,1.6349999904632568,2169.0400390625,13.649999618530273,100.55500030517578,801.4000244140625,0.5,240.545,1118.65400390625,1107.8669860839843,50.53020069631365
2016-08-29,1121.75,95.58000183105469,46.97999954223633,2032.3499755859375,1.565999984741211,2180.3798828125,12.9399995803833,101.91999816894531,803.6199951171875,0.5,240.545,1119.5260009765625,1108.4569885253907,61.79636382009414
2016-08-30,1118.3299560546875,96.05000305175781,46.349998474121094,2039.739990234375,1.5700000524520874,2176.1201171875,13.119999885559082,101.80899810791016,802.0700073242188,0.5,240.545,1118.6780029296874,1109.1009887695313,62.95148062999691
2016-08-31,1118.3800048828125,96.0199966430664,44.70000076293945,2034.6500244140625,1.5679999589920044,2170.949951171875,13.420000076293945,102.86799621582031,801.47998046875,0.5,240.545,1118.4760009765625,1109.4279907226562,68.40582139165898
2016-09-01,1114.43994140625,95.6500015258789,43.15999984741211,2032.719970703125,1.5700000524520874,2170.860107421875,13.479999542236328,103.302001953125,808.3599853515625,0.5,241.176,1117.4059814453126,1109.477490234375,63.63768961493582
2016-09-02,1116.5999755859375,95.87999725341797,44.439998626708984,2038.31005859375,1.5959999561309814,2179.97998046875,11.979999542236328,103.25800323486328,806.9500122070312,0.5,241.176,1117.8999755859375,1109.809991455078,61.13212340988227
2016-09-05,1114.8499755859375,95.87999725341797,44.439998626708984,2060.080078125,1.5959999561309814,2179.97998046875,11.979999542236328,103.93399810791016,806.9500122070312,0.5,241.176,1116.519970703125,1109.884991455078,64.56284430711688
2016-09-06,1103.4300537109375,94.81999969482422,44.83000183105469,2066.530029296875,1.5429999828338623,2186.47998046875,12.020000457763672,103.51000213623047,805.0999755859375,0.5,241.176,1113.539990234375,1109.823992919922,56.89758027097668
2016-09-07,1094.5899658203125,94.95999908447266,45.5,2061.8798828125,1.5410000085830688,2186.159912109375,11.9399995803833,101.5250015258789,799.2000122070312,0.5,241.176,1108.781982421875,1109.5584899902344,42.549981554590154
2016-09-08,1088.800048828125,95.02999877929688,47.619998931884766,2063.72998046875,1.6160000562667847,2181.300048828125,12.510000228881836,101.8290023803711,797.5700073242188,0.5,241.176,1103.65400390625,1109.2859924316406,36.998933808749754
2016-09-09,1097.3900146484375,95.33999633789062,45.880001068115234,2037.8699951171875,1.6720000505447388,2127.81005859375,17.5,102.30599975585938,768.3699951171875,0.5,241.176,1099.81201171875,1109.3579956054687,35.294117647058826
2016-09-12,1103.5999755859375,95.0999984741211,46.290000915527344,1991.47998046875,1.6720000505447388,2159.0400390625,15.15999984741211,102.43800354003906,783.9500122070312,0.5,241.176,1097.56201171875,1109.413995361328,36.259624328463254
2016-09-13,1107.4599609375,95.62999725341797,44.900001525878906,1999.3599853515625,1.7339999675750732,2127.02001953125,17.850000381469727,101.7509994506836,776.72998046875,0.5,241.176,1098.3679931640625,1109.918994140625,41.44309316802816
2016-09-14,1126.530029296875,95.33000183105469,43.58000183105469,1999.3599853515625,1.6890000104904175,2125.77001953125,18.139999389648438,102.50399780273438,783.719970703125,0.5,241.176,1104.756005859375,1111.543994140625,53.81306888026409
2016-09-15,1125.75,95.29000091552734,43.90999984741211,1999.3599853515625,1.7029999494552612,2147.260009765625,16.299999237060547,102.5479965209961,801.77001953125,0.5,241.176,1112.14599609375,1112.606494140625,56.95807073635336
2016-09-16,1123.5999755859375,96.11000061035156,43.029998779296875,1999.3599853515625,1.7009999752044678,2139.159912109375,15.369999885559082,102.00800323486328,801.5499877929688,0.5,241.176,1117.38798828125,1113.438494873047,51.185423553282654
2016-09-19,1124.9000244140625,95.83999633789062,43.29999923706055,2015.780029296875,1.6959999799728394,2139.1201171875,15.529999732971191,102.30699920654297,803.0599975585938,0.5,241.176,1121.647998046875,1113.8139953613281,54.32752920290228
2016-09-20,1118.43994140625,96.0199966430664,43.439998626708984,2025.7099609375,1.687999963760376,2139.760009765625,15.920000076293945,101.84600067138672,799.1099853515625,0.5,241.176,1123.843994140625,1113.6074951171875,50.03640450971059
2016-09-21,1116.1500244140625,95.66000366210938,45.34000015258789,2035.989990234375,1.6679999828338623,2163.1201171875,13.300000190734863,101.5469970703125,810.6500244140625,0.5,241.176,1121.7679931640625,1113.4454956054688,51.05992443054313
2016-09-22,1104.3699951171875,95.44999694824219,46.31999969482422,2049.699951171875,1.6319999694824219,2177.179931640625,12.020000457763672,100.39299774169922,813.510009765625,0.5,241.176,1117.4919921875,1112.674493408203,43.22739219312761
2016-09-23,1101.989990234375,95.4800033569336,44.47999954223633,2054.070068359375,1.6150000095367432,2164.68994140625,12.289999961853027,100.83100128173828,804.5900268554688,0.5,241.176,1113.1699951171875,1112.0674926757813,42.92786013208614
2016-09-26,1101.800048828125,95.30999755859375,45.93000030517578,2047.1099853515625,1.5889999866485596,2146.10009765625,14.5,100.88899993896484,796.6400146484375,0.5,241.176,1108.55,1111.0699951171875,48.97728473808287
2016-09-27,1107.4599609375,95.44000244140625,44.66999816894531,2062.820068359375,1.555999994277954,2159.929931640625,13.100000381469727,100.35900115966797,810.8400268554688,0.5,241.176,1106.35400390625,1110.5264953613282,58.41067442710154
2016-09-28,1095.9000244140625,95.43000030517578,47.04999923706055,2053.06005859375,1.5670000314712524,2171.3701171875,12.390000343322754,100.46800231933594,812.469970703125,0.5,241.176,1102.30400390625,1109.4024963378906,54.31452576045528
2016-09-29,1091.0799560546875,95.54000091552734,47.83000183105469,2068.719970703125,1.5570000410079956,2151.1298828125,14.020000457763672,100.93499755859375,822.6400146484375,0.5,241.176,1099.64599609375,1108.2344970703125,45.981366826607626
2016-09-30,1101.6199951171875,95.45999908447266,48.2400016784668,2043.6300048828125,1.6080000400543213,2168.27001953125,13.289999961853027,101.1989974975586,835.5999755859375,0.5,241.176,1099.5719970703126,1107.485498046875,48.804938213389995
2016-10-03,1102.1500244140625,95.75,48.810001373291016,2043.6300048828125,1.621999979019165,2161.199951171875,13.569999694824219,101.56300354003906,829.489990234375,0.5,241.741,1099.6419921875,1106.8505004882813,46.660842837995716
2016-10-04,1103.239990234375,96.12000274658203,48.689998626708984,2054.860107421875,1.6829999685287476,2150.489990234375,13.630000114440918,101.81700134277344,827.3400268554688,0.5,241.741,1098.797998046875,1106.840997314453,31.074249981152803
2016-10-05,1115.3599853515625,96.12999725341797,49.83000183105469,2053.0,1.715999960899353,2159.72998046875,12.989999771118164,102.87999725341797,833.7100219726562,0.5,241.741,1102.689990234375,1107.8794982910156,42.87085539684161
2016-10-06,1113.1800537109375,96.66000366210938,50.439998626708984,2065.300048828125,1.7419999837875366,2160.77001953125,12.84000015258789,103.45999908447266,838.5999755859375,0.5,241.741,1107.110009765625,1109.0984985351563,42.85326760393572
2016-10-07,1114.8900146484375,96.5199966430664,49.810001373291016,2053.800048828125,1.7359999418258667,2153.739990234375,13.479999542236328,103.76499938964844,837.02001953125,0.5,241.741,1109.764013671875,1109.9734985351563,43.172803777845125
2016-10-10,1115.8499755859375,96.5199966430664,49.810001373291016,2056.820068359375,1.7230000495910645,2163.659912109375,13.380000114440918,103.01799774169922,832.9099731445312,0.5,241.741,1112.50400390625,1110.5859985351562,48.09026871432249
2016-10-11,1106.6199951171875,97.69999694824219,50.790000915527344,2031.9300537109375,1.7589999437332153,2136.72998046875,15.359999656677246,103.6969985961914,815.3099975585938,0.5,241.741,1113.1800048828125,1110.5440002441405,43.62537764350453
2016-10-12,1123.6800537109375,97.97000122070312,50.18000030517578,2033.72998046875,1.777999997138977,2139.179931640625,15.90999984741211,103.34200286865234,812.6199951171875,0.5,241.741,1114.8440185546874,1110.4015014648437,62.0642949097321
2016-10-13,1123.81005859375,97.5199966430664,50.439998626708984,2015.43994140625,1.7380000352859497,2132.550048828125,16.690000534057617,104.30400085449219,803.0499877929688,0.5,241.741,1116.97001953125,1110.3045043945312,64.02682478200549
2016-10-14,1128.1199951171875,98.0199966430664,50.349998474121094,2022.6600341796875,1.7940000295639038,2132.97998046875,16.1200008392334,103.72200012207031,809.3900146484375,0.5,241.741,1119.616015625,1110.5305053710938,66.06838638711149
2016-10-17,1136.050048828125,97.88999938964844,49.939998626708984,2027.6099853515625,1.7660000324249268,2126.5,16.209999084472656,104.03900146484375,805.0,0.5,241.741,1123.6560302734374,1111.0880065917968,66.9835537765402
2016-10-18,1135.6300048828125,97.9000015258789,50.290000915527344,2040.4300537109375,1.7489999532699585,2139.60009765625,15.279999732971191,103.85099792480469,814.739990234375,0.5,241.741,1129.4580322265624,1111.947509765625,77.20112592810509
2016-10-19,1124.6199951171875,97.87000274658203,51.599998474121094,2040.93994140625,1.7519999742507935,2144.2900390625,14.40999984741211,103.86499786376953,810.9299926757812,0.5,241.741,1129.6460205078124,1112.3710083007813,71.16892922631246
2016-10-20,1119.6099853515625,98.31999969482422,50.43000030517578,2040.5999755859375,1.746999979019165,2141.340087890625,13.75,103.39099884033203,816.719970703125,0.5,241.741,1128.806005859375,1113.1330078125,62.206543994381015
2016-10-21,1130.22998046875,98.69999694824219,50.849998474121094,2033.0,1.7400000095367432,2141.159912109375,13.34000015258789,104.10900115966797,814.530029296875,0.5,241.741,1129.2280029296876,1114.5450073242187,66.75816850617419
2016-10-24,1135.5999755859375,98.66999816894531,50.52000045776367,2047.739990234375,1.7630000114440918,2151.330078125,13.020000457763672,103.91699981689453,829.7899780273438,0.5,241.741,1129.13798828125,1116.2350036621094,68.37384094806255
2016-10-25,1134.3800048828125,98.72000122070312,49.959999084472656,2037.1700439453125,1.7580000162124634,2143.159912109375,13.460000038146973,104.32099914550781,828.6699829101562,0.5,241.741,1128.88798828125,1117.581005859375,62.3250655756897
2016-10-26,1129.0999755859375,98.62999725341797,49.18000030517578,2013.8900146484375,1.7899999618530273,2139.429931640625,14.239999771118164,104.15399932861328,827.219970703125,0.5,241.741,1129.783984375,1119.2410034179688,59.91771737973201
2016-10-27,1137.3299560546875,98.88999938964844,49.720001220703125,2024.1199951171875,1.843000054359436,2133.0400390625,15.359999656677246,104.56300354003906,823.739990234375,0.5,241.741,1133.327978515625,1121.5535034179688,62.929208245299634
2016-10-28,1146.52001953125,98.3499984741211,48.70000076293945,2019.4200439453125,1.8450000286102295,2126.409912109375,16.190000534057617,105.20899963378906,818.8800048828125,0.5,241.741,1136.585986328125,1123.7985046386718,66.14040700326214
2016-10-31,1146.699951171875,98.44999694824219,46.86000061035156,2008.18994140625,1.8339999914169312,2126.14990234375,17.059999465942383,104.56500244140625,823.52001953125,0.5,241.741,1138.8059814453125,1126.0260009765625,73.31312084182423
2016-11-01,1143.3299560546875,97.69999694824219,46.66999816894531,2007.3900146484375,1.8200000524520874,2111.719970703125,18.559999465942383,104.81999969482422,816.0800170898438,0.5,242.026,1140.5959716796874,1128.030499267578,63.59478139842847
2016-11-02,1145.469970703125,97.4000015258789,45.34000015258789,1978.93994140625,1.7990000247955322,2097.93994140625,19.31999969482422,104.09200286865234,810.5700073242188,0.5,242.026,1143.869970703125,1129.5359985351563,64.57990277764083
2016-11-03,1145.1700439453125,97.16000366210938,44.65999984741211,1983.800048828125,1.812000036239624,2088.659912109375,22.079999923706055,103.37799835205078,808.0,0.5,242.026,1145.43798828125,1131.135498046875,62.13180880115069
2016-11-04,1143.4200439453125,97.06999969482422,44.06999969482422,1982.02001953125,1.7829999923706055,2085.179931640625,22.510000228881836,103.052001953125,802.8800048828125,0.5,242.026,1144.8179931640625,1132.5619995117188,55.749726203514115
2016-11-07,1141.449951171875,97.77999877929688,44.88999938964844,1997.5799560546875,1.8279999494552612,2131.52001953125,18.709999084472656,104.19499969482422,825.8699951171875,0.5,242.026,1143.7679931640625,1133.8419982910157,54.433230492279485
2016-11-08,1140.550048828125,97.86000061035156,44.97999954223633,2003.3800048828125,1.8619999885559082,2139.56005859375,18.739999771118164,104.43800354003906,827.6799926757812,0.5,242.026,1143.21201171875,1135.5385009765625,64.34367038102796
2016-11-09,1127.8599853515625,98.5,45.27000045776367,1958.3800048828125,2.072000026702881,2163.260009765625,14.380000114440918,105.02999877929688,823.5900268554688,0.5,242.026,1139.6900146484375,1135.7474975585938,56.525870193273285
2016-11-10,1156.280029296875,98.79000091552734,44.65999984741211,2002.5999755859375,2.117000102996826,2167.47998046875,14.739999771118164,105.85299682617188,806.0900268554688,0.5,242.026,1141.91201171875,1137.37099609375,66.07829014185529
2016-11-11,1164.949951171875,98.79000091552734,44.65999984741211,1984.4300537109375,2.117000102996826,2164.449951171875,14.170000076293945,106.85600280761719,837.239990234375,0.5,242.026,1146.2179931640626,1139.2124938964844,67.40600028667939
2016-11-14,1164.4000244140625,100.11000061035156,43.31999969482422,1974.4000244140625,2.2219998836517334,2164.199951171875,14.479999542236328,106.87100219726562,832.0800170898438,0.5,242.026,1150.8080078125,1140.6299926757813,67.94599359582473
2016-11-15,1167.760009765625,100.19000244140625,45.810001373291016,1967.530029296875,2.23799991607666,2180.389892578125,13.369999885559082,108.2020034790039,847.9000244140625,0.5,242.026,1156.25,1142.2364929199218,73.65400501009039
2016-11-16,1166.68994140625,100.41000366210938,45.56999969482422,1979.6500244140625,2.2230000495910645,2176.93994140625,13.720000267028809,109.03800201416016,857.5499877929688,0.5,242.026,1164.0159912109375,1144.339990234375,69.68884814053816
2016-11-17,1169.0699462890625,100.88999938964844,45.41999816894531,1980.550048828125,2.2760000228881836,2187.1201171875,13.350000381469727,108.78500366210938,866.8400268554688,0.5,242.026,1166.573974609375,1146.81298828125,66.64204235261897
2016-11-18,1179.1500244140625,101.20999908447266,45.689998626708984,1974.5799560546875,2.3350000381469727,2181.89990234375,12.850000381469727,110.25599670410156,872.6300048828125,0.5,242.026,1169.4139892578125,1149.2589904785157,70.89508244656183
2016-11-21,1180.75,101.05000305175781,47.4900016784668,1966.050048828125,2.3389999866485596,2198.179931640625,12.420000076293945,110.9729995727539,879.010009765625,0.5,242.026,1172.683984375,1151.5164916992187,74.65738108682467
2016-11-22,1179.1800537109375,101.04000091552734,48.029998779296875,1983.469970703125,2.321000099182129,2202.93994140625,12.40999984741211,110.6500015258789,888.27001953125,0.5,242.026,1174.9679931640626,1153.756494140625,72.38089989447903
2016-11-23,1167.9300537109375,101.69999694824219,47.959999084472656,1987.949951171875,2.3570001125335693,2204.719970703125,12.430000305175781,111.00599670410156,889.3099975585938,0.5,242.026,1175.216015625,1155.697998046875,63.192677480251675
2016-11-24,1180.8599853515625,101.69999694824219,47.959999084472656,1971.260009765625,2.3570001125335693,2204.719970703125,12.430000305175781,112.58200073242188,889.3099975585938,0.5,242.026,1177.5740234375,1157.8744995117188,69.2118041461838
2016-11-25,1181.050048828125,101.48999786376953,46.060001373291016,1974.4599609375,2.371999979019165,2213.35009765625,12.34000015258789,113.29199981689453,890.969970703125,0.5,242.026,1177.9540283203125,1159.6010009765625,70.6983765628868
2016-11-28,1172.699951171875,101.33000183105469,47.08000183105469,1978.1300048828125,2.319999933242798,2201.719970703125,13.149999618530273,112.6520004272461,887.25,0.5,242.026,1176.3440185546874,1160.9010009765625,65.59008284813858
2016-11-29,1169.7099609375,100.93000030517578,45.22999954223633,1978.3900146484375,2.302000045776367,2204.659912109375,12.899999618530273,111.69000244140625,885.25,0.5,242.026,1174.45,1162.2200012207031,72.4012205719961
2016-11-30,1167.8599853515625,101.5,49.439998626708984,1983.47998046875,2.368000030517578,2198.81005859375,13.329999923706055,112.47000122070312,879.469970703125,0.5,242.026,1174.435986328125,1163.339501953125,58.66244911451495
2016-12-01,1178.1300048828125,101.04000091552734,51.060001373291016,1983.75,2.440999984741211,2191.080078125,14.069999694824219,114.69400024414062,836.7899780273438,0.5,242.637,1173.889990234375,1164.9875,59.62890231351922
2016-12-02,1167.699951171875,100.7699966430664,51.68000030517578,1970.6099853515625,2.390000104904175,2191.949951171875,14.119999885559082,113.90899658203125,847.7000122070312,0.5,242.637,1171.219970703125,1166.2014953613282,52.10668969247146
2016-12-05,1169.5999755859375,100.13999938964844,51.790000915527344,1963.3599853515625,2.38700008392334,2204.7099609375,12.140000343322754,113.50499725341797,858.1300048828125,0.5,242.637,1170.5999755859375,1167.6089965820313,51.19695571589434
2016-12-06,1166.989990234375,100.48999786376953,50.93000030517578,1989.8599853515625,2.3959999084472656,2212.22998046875,11.789999961853027,113.86299896240234,870.0,0.5,242.637,1170.0559814453125,1168.9309936523437,50.19135731346165
2016-12-07,1170.550048828125,100.2300033569336,49.77000045776367,1991.8900146484375,2.3469998836517334,2241.35009765625,12.220000267028809,114.052001953125,888.4500122070312,0.5,242.637,1170.593994140625,1171.065496826172,50.9299439656032
2016-12-08,1157.5,101.06999969482422,50.84000015258789,2031.0699462890625,2.38700008392334,2246.18994140625,12.640000343322754,113.71299743652344,895.7000122070312,0.5,242.637,1166.4679931640626,1171.1264953613281,36.88674767209216
2016-12-09,1162.25,101.56999969482422,51.5,2024.68994140625,2.4639999866485596,2259.530029296875,11.75,114.07499694824219,892.510009765625,0.5,242.637,1165.3780029296875,1170.9914978027343,39.2065590209328
2016-12-12,1169.949951171875,100.95999908447266,52.83000183105469,2027.239990234375,2.4790000915527344,2256.9599609375,12.640000343322754,115.41200256347656,885.4600219726562,0.5,242.637,1165.447998046875,1171.268994140625,44.974364359747064
2016-12-13,1164.6500244140625,101.02999877929688,52.97999954223633,2035.97998046875,2.4809999465942383,2271.719970703125,12.720000267028809,115.00199890136719,895.5499877929688,0.5,242.637,1164.9800048828124,1171.1134948730469,48.09034440606655
2016-12-14,1163.5899658203125,102.0,51.040000915527344,2036.8699951171875,2.5250000953674316,2253.280029296875,13.1899995803833,115.2239990234375,894.280029296875,0.5,242.637,1163.58798828125,1170.95849609375,38.33268458102697
2016-12-15,1179.1600341796875,103.12999725341797,50.900001525878906,2036.6500244140625,2.5799999237060547,2262.030029296875,12.789999961853027,117.21099853515625,909.969970703125,0.5,242.637,1167.9199951171875,1171.4630004882813,48.94282963600237
2016-12-16,1184.4300537109375,102.94999694824219,51.900001525878906,2042.239990234375,2.5969998836517334,2258.070068359375,12.199999809265137,118.24099731445312,900.8499755859375,0.5,242.637,1172.356005859375,1171.727001953125,56.79531803132156
2016-12-19,1186.0,103.13999938964844,52.119998931884766,2038.3900146484375,2.5420000553131104,2262.530029296875,11.710000038146973,117.79100036621094,909.6799926757812,0.5,242.637,1175.566015625,1171.989501953125,59.594777256909495
2016-12-20,1186.949951171875,103.29000091552734,52.22999954223633,2041.93994140625,2.568000078201294,2270.760009765625,11.449999809265137,117.03700256347656,917.989990234375,0.5,242.637,1180.0260009765625,1172.377996826172,61.36441260553421
2016-12-21,1191.469970703125,103.0199966430664,52.4900016784668,2037.9599609375,2.5460000038146973,2265.179931640625,11.270000457763672,117.875,918.3300170898438,0.5,242.637,1185.602001953125,1173.5549926757812,58.52501704519746
2016-12-22,1193.3499755859375,103.08999633789062,52.95000076293945,2035.72998046875,2.552999973297119,2260.9599609375,11.430000305175781,117.60399627685547,923.0599975585938,0.5,242.637,1188.439990234375,1174.1794921875,68.40292800327903
2016-12-23,1205.0999755859375,103.01000213623047,53.02000045776367,2035.9000244140625,2.5429999828338623,2263.7900390625,11.4399995803833,117.54199981689453,927.9199829101562,0.5,242.637,1192.573974609375,1175.3819885253906,72.31580498225884
2016-12-26,1199.550048828125,103.01000213623047,53.02000045776367,2037.75,2.5429999828338623,2263.7900390625,11.4399995803833,117.30999755859375,927.9199829101562,0.5,242.637,1195.283984375,1176.7244934082032,69.7381585256839
2016-12-27,1199.550048828125,103.0199966430664,53.900001525878906,2042.1700439453125,2.562999963760376,2268.8798828125,11.989999771118164,117.19200134277344,939.2100219726562,0.5,242.637,1197.80400390625,1178.2164978027345,68.37305417378177
2016-12-28,1206.47998046875,103.26000213623047,54.060001373291016,2024.489990234375,2.50600004196167,2249.919921875,12.949999809265137,117.4800033569336,921.0900268554688,0.5,242.637,1200.806005859375,1180.1474975585938,83.64018672783612
2016-12-29,1210.3399658203125,102.68000030517578,53.77000045776367,2026.4599609375,2.4769999980926514,2249.260009765625,13.369999885559082,117.08699798583984,921.2000122070312,0.5,242.637,1204.20400390625,1181.7579956054688,83.43770423623076
2016-12-30,1205.2900390625,102.38999938964844,53.720001220703125,2026.4599609375,2.446000099182129,2238.830078125,14.039999961853027,116.26699829101562,906.469970703125,0.5,242.637,1204.2420166015625,1183.6375,75.51271114745776
2017-01-02,1205.449951171875,102.38999938964844,53.720001220703125,2026.1600341796875,2.446000099182129,2238.830078125,14.039999961853027,116.79499816894531,906.469970703125,0.5,243.618,1205.4219970703125,1185.429998779297,81.81541267426786
2017-01-03,1202.9300537109375,103.20999908447266,52.33000183105469,2043.969970703125,2.450000047683716,2257.830078125,12.850000381469727,117.49500274658203,907.3400268554688,0.5,243.618,1206.097998046875,1187.227001953125,79.994155181785
2017-01-04,1206.010009765625,102.69999694824219,53.2599983215332,2045.6400146484375,2.4519999027252197,2270.75,11.850000381469727,117.65899658203125,909.77001953125,0.5,243.618,1206.00400390625,1189.0,75.28747393132817
2017-01-05,1194.47998046875,101.5199966430664,53.7599983215332,2041.949951171875,2.368000030517578,2269.0,11.670000076293945,117.11299896240234,901.6900024414062,0.5,243.618,1202.8320068359376,1190.8489990234375,58.46673426698561
2017-01-06,1180.6300048828125,102.22000122070312,53.9900016784668,2049.1201171875,2.4179999828338623,2276.97998046875,11.319999694824219,115.26499938964844,908.6500244140625,0.5,243.618,1197.9,1191.767999267578,46.251548682746275
2017-01-09,1201.0999755859375,101.93000030517578,51.959999084472656,2048.780029296875,2.375999927520752,2268.89990234375,11.5600004196167,117.1500015258789,918.5800170898438,0.5,243.618,1197.0300048828126,1193.3255004882812,57.761983776551936
2017-01-10,1202.52001953125,102.01000213623047,50.81999969482422,2045.1199951171875,2.378999948501587,2268.89990234375,11.489999771118164,115.98500061035156,923.0599975585938,0.5,243.618,1196.947998046875,1195.2190002441407,56.274902883951526
2017-01-11,1200.5999755859375,101.77999877929688,52.25,2075.169921875,2.369999885559082,2275.320068359375,11.260000228881836,115.87200164794922,926.5399780273438,0.5,243.618,1195.8659912109374,1197.0695007324218,54.11512825131993
2017-01-12,1187.1600341796875,101.3499984741211,53.0099983215332,2087.139892578125,2.3610000610351562,2270.43994140625,11.539999961853027,115.0979995727539,918.1599731445312,0.5,243.618,1194.402001953125,1197.469500732422,40.00889222460617
2017-01-13,1174.719970703125,101.18000030517578,52.369998931884766,2076.7900390625,2.380000114440918,2274.639892578125,11.229999542236328,114.66400146484375,924.6699829101562,0.5,243.618,1193.2199951171874,1196.9839965820313,37.15725618056415
2017-01-16,1174.050048828125,101.18000030517578,52.369998931884766,2064.169921875,2.380000114440918,2274.639892578125,11.229999542236328,114.22699737548828,924.6699829101562,0.5,243.618,1187.810009765625,1196.3864990234374,36.90152820520537
2017-01-17,1182.1700439453125,100.33000183105469,52.47999954223633,2071.8701171875,2.3269999027252197,2267.889892578125,11.869999885559082,114.1520004272461,909.47998046875,0.5,243.618,1183.7400146484374,1196.1475036621093,37.663645768161004
2017-01-18,1160.030029296875,100.93000030517578,51.08000183105469,2070.5400390625,2.3889999389648438,2271.889892578125,12.479999542236328,112.87799835205078,922.3599853515625,0.5,243.618,1175.626025390625,1194.575506591797,28.464999137845453
2017-01-19,1176.7900390625,101.1500015258789,51.369998931884766,2072.7900390625,2.4590001106262207,2263.68994140625,12.779999732971191,114.76200103759766,918.030029296875,0.5,243.618,1173.5520263671874,1193.747509765625,38.91221218159748
2017-01-20,1173.75,100.73999786376953,52.41999816894531,2065.610107421875,2.4670000076293945,2271.31005859375,11.539999961853027,114.9800033569336,930.010009765625,0.5,243.618,1173.3580322265625,1192.1800109863282,37.93760474458115
2017-01-23,1173.300048828125,100.16000366210938,52.75,2065.989990234375,2.4030001163482666,2265.199951171875,11.770000457763672,113.80999755859375,923.77001953125,0.5,243.618,1173.2080322265624,1190.8675109863282,38.544802075752905
2017-01-24,1162.6500244140625,100.3499984741211,53.18000030517578,2065.760009765625,2.4709999561309814,2280.070068359375,11.069999694824219,112.77999877929688,942.4099731445312,0.5,243.618,1169.3040283203125,1189.022509765625,34.163631256771154
2017-01-25,1168.030029296875,100.02999877929688,52.75,2066.93994140625,2.5230000019073486,2298.3701171875,10.8100004196167,113.83999633789062,956.0599975585938,0.5,243.618,1170.9040283203126,1187.1000122070313,39.88529591897706
2017-01-26,1161.260009765625,100.37999725341797,53.779998779296875,2083.590087890625,2.507999897003174,2296.679931640625,10.630000114440918,113.29299926757812,950.3200073242188,0.5,243.618,1167.7980224609375,1184.646014404297,42.16867945573263
2017-01-27,1170.6700439453125,100.52999877929688,53.16999816894531,2083.590087890625,2.4809999465942383,2294.68994140625,10.579999923706055,114.45500183105469,962.260009765625,0.5,243.618,1167.18203125,1182.9150146484376,36.4888097803582
2017-01-30,1177.5999755859375,100.43000030517578,52.630001068115234,2083.590087890625,2.4830000400543213,2280.89990234375,11.880000114440918,114.66799926757812,956.8400268554688,0.5,243.618,1168.0420166015624,1181.5225158691405,39.45138631245744
2017-01-31,1169.2099609375,99.51000213623047,52.810001373291016,2067.570068359375,2.4509999752044678,2278.8701171875,11.989999771118164,113.6500015258789,944.280029296875,0.5,243.618,1169.35400390625,1179.8365112304687,37.40267145842661
2017-02-01,1149.25,99.63999938964844,53.880001068115234,2080.47998046875,2.4739999771118164,2279.550048828125,11.8100004196167,112.74299621582031,960.1099853515625,0.5,244.006,1165.597998046875,1176.9985107421876,35.54265944045592
2017-02-02,1151.949951171875,99.8499984741211,53.540000915527344,2071.010009765625,2.4700000286102295,2280.85009765625,11.930000305175781,113.31099700927734,959.0800170898438,0.5,244.006,1163.735986328125,1174.8720092773438,40.61957512205033
2017-02-03,1142.699951171875,99.87000274658203,53.83000183105469,2073.159912109375,2.490999937057495,2297.419921875,10.970000267028809,112.78900146484375,964.02001953125,0.5,244.006,1158.1419677734375,1172.9755065917968,37.9376262270443
2017-02-06,1137.760009765625,99.91000366210938,53.0099983215332,2077.659912109375,2.4130001068115234,2292.56005859375,11.369999885559082,112.63899993896484,967.3900146484375,0.5,244.006,1150.173974609375,1169.8085083007813,32.4839985402008
2017-02-07,1132.7099609375,100.26000213623047,52.16999816894531,2075.2099609375,2.3889999389648438,2293.080078125,11.289999961853027,111.8270034790039,970.5900268554688,0.5,244.006,1142.873974609375,1166.3180053710937,37.54554823716914
2017-02-08,1142.0999755859375,100.27999877929688,52.34000015258789,2065.080078125,2.3510000705718994,2294.669921875,11.449999809265137,112.38700103759766,972.1400146484375,0.5,244.006,1141.4439697265625,1163.3930053710938,33.0465814683525
2017-02-09,1144.6199951171875,100.6500015258789,53.0,2065.8798828125,2.3949999809265137,2307.8701171875,10.880000114440918,111.9520034790039,963.8099975585938,0.5,244.006,1139.977978515625,1161.2660034179687,35.69111472747922
2017-02-10,1149.9100341796875,100.80000305175781,53.86000061035156,2075.080078125,2.4089999198913574,2316.10009765625,10.850000381469727,113.43399810791016,963.0499877929688,0.5,244.006,1141.4199951171875,1160.0255065917968,39.0321609409362
2017-02-13,1145.1800537109375,100.95999908447266,52.93000030517578,2078.64990234375,2.434000015258789,2328.25,11.069999694824219,113.91400146484375,965.7000122070312,0.5,244.006,1142.90400390625,1158.5820068359376,41.32659245396453
2017-02-14,1148.699951171875,101.25,53.20000076293945,2074.570068359375,2.4700000286102295,2337.580078125,10.739999771118164,113.70500183105469,962.6300048828125,0.5,244.006,1146.102001953125,1156.9085021972655,40.222505427413445
2017-02-15,1137.9599609375,101.18000030517578,53.11000061035156,2083.860107421875,2.502000093460083,2349.25,11.970000267028809,114.3010025024414,970.5399780273438,0.5,244.006,1145.2739990234375,1155.804998779297,38.66947643357474
2017-02-16,1133.0999755859375,100.44000244140625,53.36000061035156,2081.840087890625,2.450000047683716,2347.219970703125,11.760000228881836,114.11199951171875,971.239990234375,0.5,244.006,1142.9699951171874,1153.6204956054687,30.884219888550177
2017-02-17,1141.0799560546875,100.94999694824219,53.400001525878906,2080.580078125,2.424999952316284,2351.159912109375,11.489999771118164,113.30500030517578,976.7999877929688,0.5,244.006,1141.2039794921875,1151.986993408203,31.61493950552341
2017-02-20,1149.5999755859375,100.94999694824219,53.400001525878906,2084.389892578125,2.424999952316284,2351.159912109375,11.489999771118164,112.91100311279297,976.7999877929688,0.5,244.006,1142.0879638671875,1150.8019897460938,40.1407646806834
2017-02-21,1143.9599609375,101.37000274658203,54.060001373291016,2102.929931640625,2.427000045776367,2365.3798828125,11.569999694824219,113.27999877929688,990.4400024414062,0.5,244.006,1141.1399658203125,1149.8674865722655,46.892959976139394
2017-02-22,1141.1800537109375,101.33000183105469,53.59000015258789,2106.610107421875,2.4179999828338623,2362.820068359375,11.739999771118164,113.66899871826172,990.0700073242188,0.5,244.006,1141.783984375,1148.5249877929687,43.68036742932702
2017-02-23,1137.949951171875,101.05000305175781,54.45000076293945,2107.6298828125,2.388000011444092,2363.81005859375,11.710000038146973,113.41699981689453,973.8699951171875,0.5,244.006,1142.7539794921875,1147.3594848632813,47.0008817309056
2017-02-24,1131.81005859375,101.08999633789062,53.9900016784668,2094.1201171875,2.316999912261963,2367.340087890625,11.470000267028809,112.68199920654297,973.4400024414062,0.5,244.006,1140.9,1145.416485595703,46.29931638104089
2017-02-27,1130.449951171875,101.12999725341797,54.04999923706055,2085.52001953125,2.36899995803833,2369.75,12.09000015258789,112.18800354003906,982.4000244140625,0.5,244.006,1137.0699951171875,1143.058984375,48.52672020575306
2017-02-28,1133.93994140625,101.12000274658203,54.0099983215332,2091.639892578125,2.3580000400543213,2363.639892578125,12.920000076293945,112.74500274658203,969.3800048828125,0.5,244.006,1135.0659912109375,1141.2954833984375,44.23725803587285
2017-03-01,1136.7900390625,101.77999877929688,53.83000183105469,2091.639892578125,2.4630000591278076,2395.9599609375,12.539999961853027,113.0770034790039,985.260009765625,0.5,243.892,1134.18798828125,1140.6724853515625,44.496024520462605
2017-03-02,1139.5699462890625,102.19999694824219,52.61000061035156,2102.64990234375,2.489000082015991,2381.919921875,11.8100004196167,114.12100219726562,974.3300170898438,0.5,243.892,1134.5119873046874,1140.053485107422,42.46567544393329
2017-03-03,1149.9000244140625,101.54000091552734,53.33000183105469,2078.75,2.492000102996826,2383.1201171875,10.960000038146973,114.34200286865234,973.969970703125,0.5,243.892,1138.12998046875,1140.4134887695313,53.179717438857914
2017-03-06,1151.969970703125,101.63999938964844,53.20000076293945,2081.360107421875,2.49399995803833,2375.31005859375,11.239999771118164,113.84700012207031,974.1799926757812,0.5,243.892,1142.433984375,1141.1239868164062,52.24681781887233
2017-03-07,1154.25,101.80999755859375,53.13999938964844,2094.050048828125,2.510999917984009,2368.389892578125,11.449999809265137,113.91699981689453,976.8499755859375,0.5,243.892,1146.49599609375,1142.2009887695312,62.665234194082316
2017-03-08,1149.4100341796875,102.06999969482422,50.279998779296875,2095.409912109375,2.552000045776367,2362.97998046875,11.859999656677246,113.9260025024414,979.0,0.5,243.892,1149.0199951171876,1142.5664916992187,62.684747770874786
2017-03-09,1153.6199951171875,101.8499984741211,49.279998779296875,2091.06005859375,2.5980000495910645,2364.8701171875,12.300000190734863,114.41100311279297,980.47998046875,0.5,243.892,1151.8300048828125,1143.0164916992187,60.360240429222635
2017-03-10,1159.280029296875,101.25,48.4900016784668,2097.35009765625,2.5820000171661377,2372.60009765625,11.65999984741211,115.14900207519531,991.9299926757812,0.5,243.892,1153.706005859375,1143.4849914550782,58.394075592091475
2017-03-13,1145.9599609375,101.37999725341797,48.400001525878906,2117.590087890625,2.6080000400543213,2373.469970703125,11.350000381469727,114.73200225830078,999.3900146484375,0.5,243.892,1152.50400390625,1143.5239868164062,51.53045401725497
2017-03-14,1147.550048828125,101.69999694824219,47.720001220703125,2133.780029296875,2.5950000286102295,2365.449951171875,12.300000190734863,114.91500091552734,996.3300170898438,0.5,243.892,1151.164013671875,1143.4664916992188,54.964901364175226
2017-03-15,1148.219970703125,100.73999786376953,48.86000061035156,2133.0,2.507999897003174,2385.260009765625,11.630000114440918,114.65899658203125,1004.6500244140625,0.5,243.892,1150.9260009765626,1143.9794921875,58.3373963920039
2017-03-16,1127.4000244140625,100.2699966430664,48.75,2150.080078125,2.5220000743865967,2381.3798828125,11.210000038146973,113.4020004272461,1002.8099975585938,0.5,243.892,1145.6820068359375,1143.6944946289063,47.10893798865246
2017-03-17,1127.010009765625,100.30000305175781,48.779998779296875,2164.580078125,2.500999927520752,2378.25,11.279999732971191,113.33999633789062,1004.5999755859375,0.5,243.892,1139.2280029296876,1142.9909973144531,47.71584384088396
2017-03-20,1126.6500244140625,100.41000366210938,48.220001220703125,2157.010009765625,2.4730000495910645,2373.469970703125,11.34000015258789,112.67400360107422,1012.2899780273438,0.5,243.892,1135.366015625,1141.8434997558593,44.949485552682006
2017-03-21,1113.75,99.80999755859375,47.34000015258789,2178.3798828125,2.436000108718872,2344.02001953125,12.470000267028809,112.572998046875,988.4199829101562,0.5,243.892,1128.606005859375,1140.3330017089843,35.988781761008156
2017-03-22,1122.780029296875,99.68000030517578,48.040000915527344,2168.300048828125,2.3959999084472656,2348.449951171875,12.8100004196167,111.53199768066406,999.3400268554688,0.5,243.892,1123.518017578125,1139.4130004882813,40.51096451589313
2017-03-23,1116.4100341796875,99.76000213623047,47.70000076293945,2172.719970703125,2.4179999828338623,2345.9599609375,13.119999885559082,111.36900329589844,996.8499755859375,0.5,243.892,1121.32001953125,1138.336004638672,30.18578489858531
2017-03-24,1121.22998046875,99.62999725341797,47.970001220703125,2168.949951171875,2.4000000953674316,2343.97998046875,12.960000038146973,111.00399780273438,1004.3499755859375,0.5,243.892,1120.164013671875,1137.8070007324218,32.38598052135181
2017-03-27,1116.1400146484375,99.16999816894531,47.72999954223633,2155.659912109375,2.372999906539917,2341.590087890625,12.5,110.552001953125,1005.9500122070312,0.5,243.892,1118.06201171875,1137.09150390625,28.844227779788113
2017-03-28,1111.0999755859375,99.70999908447266,48.369998931884766,2163.31005859375,2.4089999198913574,2358.570068359375,11.529999732971191,110.77100372314453,1008.969970703125,0.5,243.892,1117.5320068359374,1135.9495056152343,28.7802978260752
2017-03-29,1115.5,100.0,49.5099983215332,2166.97998046875,2.385999917984009,2361.1298828125,11.420000076293945,111.22599792480469,1006.489990234375,0.5,243.892,1116.0760009765625,1134.8850036621093,28.929935807213838
2017-03-30,1109.949951171875,100.41000366210938,50.349998474121094,2164.639892578125,2.4159998893737793,2368.06005859375,11.539999961853027,111.15399932861328,1011.8099975585938,0.5,243.892,1114.783984375,1133.40400390625,22.7005950161319
2017-03-31,1117.02001953125,100.3499984741211,50.599998474121094,2160.22998046875,2.3959999084472656,2362.719970703125,12.369999885559082,111.7760009765625,1011.4000244140625,0.5,243.892,1113.9419921875,1131.7600036621093,32.79434732374577
2017-04-03,1115.1600341796875,100.54000091552734,50.2400016784668,2167.510009765625,2.3499999046325684,2358.840087890625,12.380000114440918,111.26499938964844,1005.7999877929688,0.5,244.193,1113.74599609375,1129.9195068359375,30.804778639936686
2017-04-04,1116.22998046875,100.54000091552734,51.029998779296875,2161.10009765625,2.3499999046325684,2360.159912109375,11.789999961853027,110.70899963378906,1000.47998046875,0.5,244.193,1114.7719970703124,1128.018505859375,31.131306556687733
2017-04-05,1124.0999755859375,100.55999755859375,51.150001525878906,2160.85009765625,2.3570001125335693,2352.949951171875,12.890000343322754,110.85399627685547,993.530029296875,0.5,244.193,1116.4919921875,1126.7530029296875,47.70255800118977
2017-04-06,1127.0999755859375,100.66999816894531,51.70000076293945,2152.75,2.3429999351501465,2357.489990234375,12.390000343322754,110.38099670410156,994.6900024414062,0.5,244.193,1119.9219970703125,1125.427001953125,50.06043648756582
2017-04-07,1130.0,101.18000030517578,52.2400016784668,2151.72998046875,2.372999906539917,2355.5400390625,12.869999885559082,110.89700317382812,999.3499755859375,0.5,244.193,1122.5179931640625,1123.9630004882813,52.17615405232666
2017-04-10,1136.0,101.0199966430664,53.08000183105469,2133.320068359375,2.3610000610351562,2357.159912109375,14.050000190734863,111.2249984741211,991.6199951171875,0.5,244.193,1126.685986328125,1123.4650024414063,65.8769646733355
2017-04-11,1142.030029296875,100.70999908447266,53.400001525878906,2123.85009765625,2.2980000972747803,2353.780029296875,15.069999694824219,110.71700286865234,983.3400268554688,0.5,244.193,1131.84599609375,1123.1890014648438,64.35066376916049
2017-04-12,1144.5899658203125,100.77999877929688,53.11000061035156,2128.909912109375,2.2960000038146973,2344.929931640625,15.770000457763672,109.58699798583984,966.5499877929688,0.5,244.193,1135.943994140625,1123.007501220703,72.27310092507902
2017-04-13,1133.4300537109375,100.55999755859375,53.18000030517578,2148.610107421875,2.2320001125335693,2328.949951171875,15.960000038146973,108.9020004272461,960.010009765625,0.5,244.193,1137.210009765625,1123.3090026855468,58.76442350696204
2017-04-14,1135.0,100.55999755859375,53.18000030517578,2134.8798828125,2.2320001125335693,2328.949951171875,15.960000038146973,109.10099792480469,960.010009765625,0.5,244.193,1138.210009765625,1123.7085021972657,64.27057952032689
2017-04-17,1135.3599853515625,100.30000305175781,52.650001525878906,2145.760009765625,2.252000093460083,2349.010009765625,14.65999984741211,108.322998046875,972.5599975585938,0.5,244.193,1138.0820068359376,1124.1440002441407,69.75573969955545
2017-04-18,1131.800048828125,99.5,52.40999984741211,2148.4599609375,2.178999900817871,2342.18994140625,14.420000076293945,109.11199951171875,976.6699829101562,0.5,244.193,1136.0360107421875,1125.0465026855468,63.4578094197611
2017-04-19,1141.6800537109375,99.73999786376953,50.439998626708984,2138.39990234375,2.2019999027252197,2338.169921875,14.930000305175781,108.53500366210938,982.0499877929688,0.5,244.193,1135.4540283203125,1125.99150390625,74.44923313085404
2017-04-20,1141.8900146484375,99.77999877929688,50.27000045776367,2149.14990234375,2.240999937057495,2355.840087890625,14.149999618530273,108.83399963378906,997.5499877929688,0.5,244.193,1137.1460205078124,1127.2655029296875,71.4286916334125
2017-04-21,1137.1099853515625,99.9800033569336,49.619998931884766,2165.0400390625,2.236999988555908,2348.68994140625,14.630000114440918,109.375,992.9400024414062,0.5,244.193,1137.568017578125,1128.059503173828,68.00660925295414
2017-04-24,1133.7099609375,99.08999633789062,49.22999954223633,2173.739990234375,2.2730000019073486,2374.14990234375,10.84000015258789,109.97799682617188,1007.7999877929688,0.5,244.193,1137.2380126953126,1128.9380004882812,63.811662306997846
2017-04-25,1133.8399658203125,98.81999969482422,49.560001373291016,2196.85009765625,2.3269999027252197,2388.610107421875,10.760000228881836,109.64099884033203,1017.8099975585938,0.5,244.193,1137.64599609375,1130.075,58.76847875300561
2017-04-26,1125.469970703125,98.95999908447266,49.619998931884766,2207.840087890625,2.311000108718872,2387.449951171875,10.850000381469727,111.0459976196289,1009.1599731445312,0.5,244.193,1134.4039794921875,1130.5734985351562,48.661951648686404
2017-04-27,1131.800048828125,99.08000183105469,48.970001220703125,2209.4599609375,2.2960000038146973,2388.77001953125,10.359999656677246,111.19100189208984,1023.2899780273438,0.5,244.193,1132.385986328125,1131.6660034179688,51.398860117782775
2017-04-28,1129.93994140625,99.05000305175781,49.33000183105469,2205.43994140625,2.2820000648498535,2384.199951171875,10.819999694824219,111.22599792480469,1005.530029296875,0.5,244.193,1130.9519775390625,1132.3119995117188,44.96672466025087
2017-05-01,1135.6400146484375,99.13999938964844,48.84000015258789,2205.43994140625,2.325000047683716,2388.330078125,10.109999656677246,111.302001953125,1015.4299926757812,0.5,244.004,1131.33798828125,1133.3359985351562,44.663424779031715
2017-05-02,1136.260009765625,98.9800033569336,47.65999984741211,2219.669921875,2.2960000038146973,2391.169921875,10.59000015258789,111.81199645996094,1004.6199951171875,0.5,244.004,1131.8219970703126,1134.3375,42.81033287466575
2017-05-03,1127.760009765625,99.20999908447266,47.81999969482422,2219.669921875,2.309000015258789,2388.1298828125,10.680000305175781,111.96900177001953,1008.0499877929688,0.5,244.004,1132.2800048828126,1134.5205017089843,44.87060845059225
2017-05-04,1132.9100341796875,98.76000213623047,45.52000045776367,2241.239990234375,2.3559999465942383,2389.52001953125,10.460000038146973,112.78299713134766,1006.8300170898438,0.5,244.004,1132.502001953125,1134.8110046386719,48.224334734837726
2017-05-05,1134.93994140625,98.6500015258789,46.220001220703125,2241.239990234375,2.3519999980926514,2399.2900390625,10.569999694824219,112.53700256347656,1011.030029296875,0.5,244.004,1133.502001953125,1135.0580017089844,49.65297177584458
2017-05-08,1133.719970703125,99.1500015258789,46.43000030517578,2292.760009765625,2.375999927520752,2399.3798828125,9.770000457763672,112.68399810791016,1007.1599731445312,0.5,244.004,1133.1179931640625,1134.9440002441406,51.649979438201306
2017-05-09,1132.6500244140625,99.58999633789062,45.880001068115234,2292.760009765625,2.4070000648498535,2396.919921875,9.960000038146973,113.2300033569336,1017.5,0.5,244.004,1132.39599609375,1134.475,40.8547621402433
2017-05-10,1137.8599853515625,99.66999816894531,47.33000183105469,2270.1201171875,2.4140000343322754,2399.6298828125,10.210000038146973,113.697998046875,1038.9200439453125,0.5,244.004,1134.4159912109376,1134.1385009765625,46.29389312977099
2017-05-11,1130.0400390625,99.62000274658203,47.83000183105469,2296.3701171875,2.4000000953674316,2394.43994140625,10.600000381469727,114.3280029296875,1042.4300537109375,0.5,244.004,1133.8419921875,1133.9690002441407,43.84258658779553
2017-05-12,1123.1600341796875,99.25,47.84000015258789,2286.02001953125,2.3350000381469727,2390.89990234375,10.399999618530273,113.80899810791016,1045.239990234375,0.5,244.004,1131.4860107421875,1133.377001953125,41.3368991461696
2017-05-15,1123.0999755859375,98.91000366210938,48.849998474121094,2290.64990234375,2.3380000591278076,2402.320068359375,10.420000076293945,113.27100372314453,1061.050048828125,0.5,244.004,1129.36201171875,1132.7640014648437,41.1706854956868
2017-05-16,1117.4300537109375,98.11000061035156,48.65999984741211,2295.330078125,2.3289999961853027,2400.669921875,10.649999618530273,113.64199829101562,1076.8499755859375,0.5,244.004,1126.318017578125,1132.0455017089844,43.08334681035623
2017-05-17,1115.0,97.41999816894531,49.06999969482422,2293.080078125,2.2160000801086426,2357.030029296875,15.59000015258789,112.64600372314453,1029.8299560546875,0.5,244.004,1121.7460205078125,1130.7114990234375,34.507508386428626
2017-05-18,1120.949951171875,97.87999725341797,49.349998474121094,2286.820068359375,2.2330000400543213,2365.719970703125,14.65999984741211,111.1259994506836,1049.2900390625,0.5,244.004,1119.9280029296874,1129.6644958496095,42.291186039014065
2017-05-19,1128.4100341796875,97.1500015258789,50.33000183105469,2288.47998046875,2.244999885559082,2381.72998046875,12.039999961853027,111.4010009765625,1060.77001953125,0.5,244.004,1120.9780029296876,1129.2294982910157,43.98201962234704
2017-05-22,1117.010009765625,96.9800033569336,50.72999954223633,2304.030029296875,2.253999948501587,2394.02001953125,10.930000305175781,111.28399658203125,1072.300048828125,0.5,244.004,1119.760009765625,1128.3945007324219,36.41493309809408
2017-05-23,1114.780029296875,97.3499984741211,51.470001220703125,2311.739990234375,2.2850000858306885,2398.419921875,10.720000267028809,110.89099884033203,1067.93994140625,0.5,244.004,1119.2300048828124,1127.44150390625,39.95043834280335
2017-05-24,1124.5699462890625,97.23999786376953,51.36000061035156,2317.340087890625,2.2660000324249268,2404.389892578125,10.020000457763672,111.95700073242188,1074.8499755859375,0.5,244.004,1121.143994140625,1127.396502685547,43.97564227366996
2017-05-25,1118.3800048828125,97.25,48.900001525878906,2342.929931640625,2.255000114440918,2415.070068359375,9.989999771118164,111.52400207519531,1080.75,0.5,244.004,1120.6300048828125,1126.7255004882813,38.71627792463157
2017-05-26,1119.56005859375,97.4000015258789,49.79999923706055,2355.300048828125,2.25,2415.820068359375,9.8100004196167,111.7300033569336,1084.8499755859375,0.5,244.004,1118.860009765625,1126.2065063476562,40.34637150466045
2017-05-29,1118.75,97.4000015258789,49.79999923706055,2352.969970703125,2.25,2415.820068359375,9.8100004196167,111.25599670410156,1084.8499755859375,0.5,244.004,1119.2080078125,1125.3620056152345,40.48985168815593
2017-05-30,1122.8399658203125,97.27999877929688,49.65999984741211,2343.679931640625,2.2170000076293945,2412.909912109375,10.380000114440918,111.17400360107422,1091.449951171875,0.5,244.004,1120.8199951171875,1124.6910034179687,39.563627234111856
2017-05-31,1123.9000244140625,96.91999816894531,48.31999969482422,2347.3798828125,2.196000099182129,2411.800048828125,10.40999984741211,110.83899688720703,1091.4200439453125,0.5,244.004,1120.6860107421876,1124.4980041503907,45.29140509886374
2017-06-01,1119.02001953125,97.19999694824219,48.36000061035156,2344.610107421875,2.2170000076293945,2430.06005859375,9.890000343322754,110.7959976196289,1092.550048828125,0.5,244.163,1120.814013671875,1123.8035034179688,46.72467575110819
2017-06-02,1121.0400390625,96.72000122070312,47.65999984741211,2371.719970703125,2.1589999198913574,2439.070068359375,9.75,111.43699645996094,1103.4000244140625,0.5,244.163,1121.110009765625,1123.1085083007813,48.41932516659141
2017-06-05,1117.449951171875,96.80000305175781,47.400001525878906,2368.6201171875,2.181999921798706,2436.10009765625,10.069999694824219,110.46299743652344,1106.219970703125,0.5,244.163,1120.85,1122.2950073242187,50.015771558171885
2017-06-06,1116.949951171875,96.63999938964844,48.189998626708984,2368.6201171875,2.1470000743865967,2429.330078125,10.449999809265137,110.38099670410156,1110.0799560546875,0.5,244.163,1119.6719970703125,1121.5100036621093,51.594396157639004
2017-06-07,1117.4599609375,96.75,45.720001220703125,2360.139892578125,2.177999973297119,2433.139892578125,10.390000343322754,109.50900268554688,1118.300048828125,0.5,244.163,1118.383984375,1120.4900024414062,46.867728067522975
2017-06-08,1123.1400146484375,96.91999816894531,45.63999938964844,2363.570068359375,2.194000005722046,2433.7900390625,10.15999984741211,109.9000015258789,1138.25,0.5,244.163,1119.2079833984376,1120.145001220703,45.11403453177485
2017-06-09,1121.510009765625,97.2699966430664,45.83000183105469,2381.68994140625,2.1989998817443848,2431.77001953125,10.699999809265137,109.85900115966797,1090.050048828125,0.5,244.163,1119.3019775390626,1120.0625,55.09509066784608
2017-06-12,1124.0999755859375,97.13999938964844,46.08000183105469,2357.8701171875,2.2130000591278076,2429.389892578125,11.460000038146973,110.28800201416016,1084.43994140625,0.5,244.163,1120.631982421875,1120.1125,60.4671121359769
2017-06-13,1130.489990234375,96.9800033569336,46.459999084472656,2374.699951171875,2.2070000171661377,2440.35009765625,10.420000076293945,109.9209976196289,1091.3499755859375,0.5,244.163,1123.339990234375,1120.7654968261718,57.198455130812185
2017-06-14,1126.550048828125,96.94000244140625,44.72999954223633,2372.639892578125,2.138000011444092,2437.919921875,10.640000343322754,110.05500030517578,1079.8199462890625,0.5,244.163,1125.1580078125,1121.342999267578,60.50938211509775
2017-06-15,1118.9000244140625,97.43000030517578,44.459999084472656,2361.64990234375,2.1619999408721924,2432.4599609375,10.899999618530273,109.44599914550781,1070.760009765625,0.5,244.163,1124.310009765625,1121.2405029296874,49.272131535941114
2017-06-16,1129.93994140625,97.16000366210938,44.7400016784668,2361.830078125,2.1570000648498535,2433.14990234375,10.380000114440918,110.9520034790039,1067.22998046875,0.5,244.163,1125.99599609375,1121.3169982910156,60.068317114425675
2017-06-19,1131.1400146484375,97.52999877929688,44.20000076293945,2370.89990234375,2.190000057220459,2453.4599609375,10.369999885559082,110.9540023803711,1087.9200439453125,0.5,244.163,1127.40400390625,1122.0234985351562,57.877772525465986
2017-06-20,1135.72998046875,97.75,43.22999954223633,2369.22998046875,2.1530001163482666,2437.030029296875,10.859999656677246,111.6729965209961,1074.8800048828125,0.5,244.163,1128.452001953125,1123.07099609375,60.522983975173354
2017-06-21,1140.8499755859375,97.55999755859375,42.529998779296875,2357.530029296875,2.1549999713897705,2435.610107421875,10.75,111.33399963378906,1087.4200439453125,0.5,244.163,1131.3119873046876,1123.8849975585938,69.33563129407338
2017-06-22,1142.5,97.54000091552734,42.7400016784668,2370.3701171875,2.1530001163482666,2434.5,10.479999542236328,111.30999755859375,1084.9599609375,0.5,244.163,1136.031982421875,1125.090997314453,69.1333194023613
2017-06-23,1139.050048828125,97.30000305175781,43.0099983215332,2378.60009765625,2.1440000534057617,2438.300048828125,10.020000457763672,111.29000091552734,1088.47998046875,0.5,244.163,1137.85400390625,1126.065496826172,69.30650722297386
2017-06-26,1133.449951171875,97.43000030517578,43.380001068115234,2388.659912109375,2.13700008392334,2439.070068359375,9.899999618530273,111.23899841308594,1077.9200439453125,0.5,244.163,1138.3159912109375,1126.8004943847657,63.515718742500596
2017-06-27,1133.0799560546875,96.47000122070312,44.2400016784668,2391.949951171875,2.197999954223633,2419.3798828125,11.0600004196167,111.85800170898438,1048.6600341796875,0.5,244.163,1137.785986328125,1127.3124938964843,62.82429298466805
2017-06-28,1139.9599609375,96.05000305175781,44.7400016784668,2382.56005859375,2.2209999561309814,2440.68994140625,10.029999732971191,112.18800354003906,1067.1800537109375,0.5,244.163,1137.6079833984375,1128.1154907226562,63.5426351865357
2017-06-29,1137.699951171875,95.62999725341797,44.93000030517578,2395.659912109375,2.2669999599456787,2419.699951171875,11.4399995803833,112.35399627685547,1040.4200439453125,0.5,244.163,1136.6479736328124,1129.0494873046875,62.904468712783434
2017-06-30,1146.1400146484375,95.66000366210938,46.040000915527344,2391.7900390625,2.302000045776367,2423.409912109375,11.180000305175781,112.00900268554688,1034.9100341796875,0.5,244.163,1138.065966796875,1130.3044860839843,66.06883490445134
2017-07-03,1144.81005859375,96.19999694824219,47.06999969482422,2394.47998046875,2.3459999561309814,2429.010009765625,11.220000267028809,112.26200103759766,1020.510009765625,0.5,244.243,1140.33798828125,1131.6724914550782,61.27209064563491
2017-07-04,1149.5799560546875,96.19999694824219,47.06999969482422,2380.52001953125,2.3459999561309814,2429.010009765625,11.220000267028809,113.38600158691406,1020.510009765625,0.5,244.243,1143.63798828125,1133.3039916992188,67.89426259828703
2017-07-05,1149.199951171875,96.29000091552734,45.130001068115234,2388.35009765625,2.3340001106262207,2432.5400390625,11.069999694824219,112.96199798583984,1041.780029296875,0.5,244.243,1145.485986328125,1134.8909912109375,76.54165214211322
2017-07-06,1152.8499755859375,95.81999969482422,45.52000045776367,2387.81005859375,2.369999885559082,2409.75,12.539999961853027,113.18699645996094,1037.050048828125,0.5,244.243,1148.5159912109375,1136.3764892578124,73.0529330984791
2017-07-07,1156.3699951171875,96.01000213623047,44.22999954223633,2379.8701171875,2.3929998874664307,2425.179931640625,11.1899995803833,113.14900207519531,1054.9000244140625,0.5,244.243,1150.5619873046876,1138.1194885253906,74.25492764031864
2017-07-10,1153.81005859375,96.05000305175781,44.400001525878906,2382.10009765625,2.371000051498413,2427.429931640625,11.109999656677246,113.98500061035156,1067.0999755859375,0.5,244.243,1152.3619873046875,1139.6049926757812,68.08732011840678
2017-07-12,1147.969970703125,95.79000091552734,45.4900016784668,2391.77001953125,2.3269999027252197,2443.25,10.300000190734863,113.74800109863281,1092.8599853515625,0.5,244.243,1152.039990234375,1140.4789916992188,57.02168129341376
2017-07-13,1137.1199951171875,95.7300033569336,46.08000183105469,2409.489990234375,2.3480000495910645,2447.830078125,9.899999618530273,113.33499908447266,1090.1300048828125,0.5,244.243,1149.6239990234376,1141.0074890136718,45.50917972451656
2017-07-14,1136.6300048828125,95.11000061035156,46.540000915527344,2414.6298828125,2.319000005722046,2459.27001953125,9.510000228881836,113.41799926757812,1104.3199462890625,0.5,244.243,1146.3800048828125,1141.8939880371095,47.874919874028045
2017-07-17,1127.510009765625,95.12999725341797,46.02000045776367,2425.10009765625,2.309000015258789,2459.139892578125,9.819999694824219,112.39700317382812,1099.550048828125,0.5,244.243,1140.6080078125,1141.7724914550781,45.08770654649416
2017-07-18,1127.6600341796875,94.66000366210938,46.400001525878906,2426.0400390625,2.263000011444092,2460.610107421875,9.890000343322754,112.58100128173828,1103.3499755859375,0.5,244.243,1135.3780029296875,1141.5984924316406,45.50139213675768
2017-07-19,1124.27001953125,94.80000305175781,47.119998931884766,2429.93994140625,2.2679998874664307,2473.830078125,9.789999961853027,111.99500274658203,1113.1800537109375,0.5,244.243,1130.6380126953125,1141.0254943847656,36.17626307819384
2017-07-20,1123.5,94.2699966430664,46.790000915527344,2441.840087890625,2.2660000324249268,2473.449951171875,9.579999923706055,111.87699890136719,1116.6199951171875,0.5,244.243,1127.914013671875,1140.1579956054688,37.15169321169012
2017-07-21,1120.56005859375,93.94000244140625,45.77000045776367,2450.06005859375,2.2320001125335693,2472.5400390625,9.359999656677246,111.88500213623047,1107.5400390625,0.5,244.243,1124.7000244140625,1139.0609985351562,24.2966099408046
2017-07-24,1116.1099853515625,93.9800033569336,46.34000015258789,2451.530029296875,2.253999948501587,2469.909912109375,9.430000305175781,110.94499969482422,1103.010009765625,0.5,244.243,1122.42001953125,1137.913995361328,22.863019485541088
2017-07-25,1113.9000244140625,94.05000305175781,47.88999938964844,2439.89990234375,2.3259999752044678,2477.1298828125,9.430000305175781,111.23200225830078,1102.5899658203125,0.5,244.243,1119.668017578125,1136.9364990234376,14.547015928310472
2017-07-26,1119.239990234375,93.66999816894531,48.75,2434.510009765625,2.2820000648498535,2477.830078125,9.600000381469727,112.00299835205078,1115.3499755859375,0.5,244.243,1118.66201171875,1136.2445007324218,22.901641588679794
2017-07-27,1111.8499755859375,93.86000061035156,49.040000915527344,2443.239990234375,2.309999942779541,2475.419921875,10.109999656677246,111.12799835205078,1097.27001953125,0.5,244.243,1116.3320068359376,1134.8390014648437,15.266023015892713
2017-07-28,1115.510009765625,93.26000213623047,49.709999084472656,2400.989990234375,2.2890000343322754,2472.10009765625,10.289999961853027,111.09700012207031,1092.989990234375,0.5,244.243,1115.3219970703126,1133.7295043945312,15.466563772209824
2017-07-31,1124.050048828125,92.86000061035156,50.16999816894531,2402.7099609375,2.2920000553131104,2470.300048828125,10.260000228881836,110.51000213623047,1085.1500244140625,0.5,244.243,1116.910009765625,1132.6250061035157,27.156933294354857
2017-08-01,1118.72998046875,93.02999877929688,49.15999984741211,2422.9599609375,2.250999927520752,2476.35009765625,10.09000015258789,110.35900115966797,1091.1300048828125,0.5,245.183,1117.8760009765624,1131.3210021972657,27.37547415030754
2017-08-02,1120.3699951171875,92.83000183105469,49.59000015258789,2427.6298828125,2.26200008392334,2477.570068359375,10.279999732971191,110.43199920654297,1083.9599609375,0.5,245.183,1118.102001953125,1129.8605041503906,34.88544236869933
2017-08-03,1122.0999755859375,92.80999755859375,49.029998779296875,2386.85009765625,2.2279999256134033,2472.159912109375,10.4399995803833,110.75700378417969,1078.800048828125,0.5,245.183,1120.152001953125,1128.5055053710937,37.1756471972384
2017-08-04,1127.25,93.54000091552734,49.58000183105469,2395.449951171875,2.2669999599456787,2476.830078125,10.029999732971191,109.9000015258789,1079.449951171875,0.5,245.183,1122.5,1127.2255065917968,49.75321858576871
2017-08-07,1127.199951171875,93.43000030517578,49.38999938964844,2398.75,2.256999969482422,2480.909912109375,9.930000305175781,110.78600311279297,1098.25,0.5,245.183,1123.12998046875,1125.7670043945313,49.562494050894166
2017-08-08,1125.3499755859375,93.63999938964844,49.16999816894531,2394.72998046875,2.2829999923706055,2474.919921875,10.960000038146973,110.75,1093.77001953125,0.5,245.183,1124.4539794921875,1124.3440002441407,51.05794734060236
2017-08-09,1126.0699462890625,93.5199966430664,49.560001373291016,2368.389892578125,2.240999937057495,2474.02001953125,11.109999656677246,110.10199737548828,1090.489990234375,0.5,245.183,1125.5939697265626,1123.2489990234376,52.52004376231414
2017-08-10,1138.22998046875,93.4000015258789,48.59000015258789,2359.469970703125,2.2119998931884766,2438.2099609375,16.040000915527344,110.04900360107422,1060.02001953125,0.5,245.183,1128.819970703125,1123.3044982910155,64.67352739628822
2017-08-11,1143.52001953125,93.06999969482422,48.81999969482422,2319.7099609375,2.188999891281128,2441.320068359375,15.510000228881836,109.10600280761719,1066.219970703125,0.5,245.183,1132.073974609375,1123.6489990234375,72.44877760071023
2017-08-14,1141.4599609375,93.45999908447266,47.59000015258789,2334.219970703125,2.2190001010894775,2465.840087890625,12.329999923706055,109.2300033569336,1093.739990234375,0.5,245.183,1134.9259765625,1124.3464965820312,72.62710590404795
2017-08-15,1138.9200439453125,93.8499984741211,47.54999923706055,2334.219970703125,2.2660000324249268,2464.610107421875,12.039999961853027,109.93199920654297,1096.4300537109375,0.5,245.183,1137.639990234375,1124.9094970703125,66.93629886733466
2017-08-16,1135.1800537109375,93.48999786376953,46.779998779296875,2348.260009765625,2.2260000705718994,2468.110107421875,11.739999771118164,110.59600067138672,1098.0699462890625,0.5,245.183,1139.46201171875,1125.4549987792968,71.4233190451423
2017-08-17,1134.800048828125,93.62000274658203,47.09000015258789,2361.669921875,2.1989998817443848,2430.010009765625,15.550000190734863,109.9990005493164,1069.699951171875,0.5,245.183,1138.776025390625,1126.020001220703,68.84891193885292
2017-08-18,1140.47998046875,93.43000030517578,48.5099983215332,2358.3701171875,2.194000005722046,2425.550048828125,14.260000228881836,109.3280029296875,1071.8900146484375,0.5,245.183,1138.168017578125,1127.0159973144532,67.00466954386036
2017-08-21,1139.06005859375,93.0999984741211,47.369998931884766,2355.0,2.180000066757202,2428.3701171875,13.1899995803833,109.31999969482422,1064.52001953125,0.5,245.183,1137.688037109375,1128.1635009765625,72.88912222448228
2017-08-22,1137.9300537109375,93.55000305175781,47.63999938964844,2365.330078125,2.2149999141693115,2452.510009765625,11.350000381469727,108.94400024414062,1081.6400146484375,0.5,245.183,1137.4900390625,1129.3650024414062,70.0001112260447
2017-08-23,1131.1600341796875,93.1500015258789,48.40999984741211,2366.39990234375,2.1710000038146973,2444.0400390625,12.25,109.73100280761719,1086.4100341796875,0.5,245.183,1136.68603515625,1129.961004638672,59.25630306597891
2017-08-24,1125.449951171875,93.27999877929688,47.43000030517578,2375.840087890625,2.194000005722046,2438.969970703125,12.229999542236328,108.91000366210938,1085.9300537109375,0.5,245.183,1134.816015625,1130.6410034179687,48.1817688604798
2017-08-25,1127.280029296875,92.73999786376953,47.869998931884766,2378.510009765625,2.1689999103546143,2443.050048828125,11.279999732971191,109.51399993896484,1080.5,0.5,245.183,1132.176025390625,1131.2295043945312,50.07807925043919
2017-08-28,1120.800048828125,92.20999908447266,46.56999969482422,2370.300048828125,2.1589999198913574,2444.239990234375,11.319999694824219,109.34600067138672,1082.6199951171875,0.5,245.183,1128.5240234375,1131.0670043945313,45.9310284597666
2017-08-29,1118.010009765625,92.3499984741211,46.439998626708984,2364.739990234375,2.135999917984009,2446.300048828125,11.699999809265137,108.73699951171875,1084.8599853515625,0.5,245.183,1124.5400146484376,1131.031005859375,43.04939438662829
2017-08-30,1124.1400146484375,92.87999725341797,45.959999084472656,2372.2900390625,2.1429998874664307,2457.590087890625,11.220000267028809,109.79000091552734,1103.68994140625,0.5,245.183,1123.1360107421874,1131.2195068359374,36.43893555777477
2017-08-31,1123.3299560546875,92.66999816894531,47.22999954223633,2363.18994140625,2.121000051498413,2471.64990234375,10.59000015258789,110.45999908447266,1114.31005859375,0.5,245.183,1122.71201171875,1131.281005859375,28.733911925425915
2017-09-01,1123.5400390625,92.80999755859375,47.290000915527344,2357.68994140625,2.1570000648498535,2476.550048828125,10.130000114440918,110.12899780273438,1119.3399658203125,0.5,246.435,1121.964013671875,1131.0955078125,30.359627528631066
2017-09-04,1118.949951171875,92.80999755859375,47.290000915527344,2329.64990234375,2.1570000648498535,2476.550048828125,10.130000114440918,109.79499816894531,1119.3399658203125,0.5,246.435,1121.593994140625,1130.6830078125,29.053941589951734
2017-09-05,1132.1300048828125,92.30999755859375,48.65999984741211,2326.6201171875,2.069999933242798,2457.85009765625,12.229999542236328,109.80999755859375,1103.6300048828125,0.5,246.435,1124.4179931640624,1131.0220092773438,47.3296882748243
2017-09-06,1131.6500244140625,92.29000091552734,49.15999984741211,2319.820068359375,2.1080000400543213,2465.5400390625,11.630000114440918,108.60199737548828,1105.760009765625,0.5,246.435,1125.9199951171875,1131.3010131835938,47.24697919845007
2017-09-07,1131.52001953125,91.52999877929688,49.09000015258789,2346.18994140625,2.061000108718872,2465.10009765625,11.550000190734863,109.13400268554688,1107.3399658203125,0.5,246.435,1127.5580078125,1130.9655151367188,41.32801829859027
2017-09-08,1127.030029296875,91.33000183105469,47.47999954223633,2343.719970703125,2.061000108718872,2461.429931640625,12.119999885559082,108.2699966430664,1093.489990234375,0.5,246.435,1128.256005859375,1130.141015625,39.00975126686174
2017-09-11,1132.8699951171875,91.86000061035156,48.06999969482422,2359.080078125,2.125,2488.110107421875,10.729999542236328,108.23100280761719,1115.4599609375,0.5,246.435,1131.0400146484376,1129.7115173339844,45.74358847980022
2017-09-12,1129.4300537109375,91.91000366210938,48.22999954223633,2365.469970703125,2.1710000038146973,2496.47998046875,10.579999923706055,109.3949966430664,1120.199951171875,0.5,246.435,1130.5000244140624,1129.2370178222657,48.45841237795221
2017-09-13,1127.5999755859375,92.5199966430664,49.29999923706055,2360.179931640625,2.194999933242798,2498.3701171875,10.5,110.22599792480469,1122.0400390625,0.5,246.435,1129.6900146484375,1128.8580139160156,52.058213807432615
2017-09-14,1130.1300048828125,92.12000274658203,49.88999938964844,2377.659912109375,2.197000026702881,2495.6201171875,10.4399995803833,110.51499938964844,1127.4200439453125,0.5,246.435,1129.41201171875,1128.62451171875,52.69219681507363
2017-09-15,1133.1800537109375,91.87000274658203,49.88999938964844,2386.070068359375,2.2019999027252197,2500.22998046875,10.170000076293945,109.91899871826172,1146.6800537109375,0.5,246.435,1130.6420166015625,1128.2595153808593,62.50496292295817
2017-09-18,1133.300048828125,92.05000305175781,49.90999984741211,2418.2099609375,2.2290000915527344,2503.8701171875,10.149999618530273,111.1969985961914,1160.9000244140625,0.5,246.435,1130.72802734375,1127.9715148925782,66.32493470338918
2017-09-19,1128.8199462890625,91.79000091552734,49.47999954223633,2416.050048828125,2.243000030517578,2506.64990234375,10.180000305175781,111.49600219726562,1164.97998046875,0.5,246.435,1130.606005859375,1127.5160095214844,55.179159078996435
2017-09-20,1130.3599853515625,92.51000213623047,50.40999984741211,2412.199951171875,2.2769999504089355,2508.239990234375,9.779999732971191,111.5780029296875,1148.5999755859375,0.5,246.435,1131.1580078125,1127.476007080078,57.65624916909954
2017-09-21,1131.1800537109375,92.26000213623047,50.54999923706055,2406.5,2.2780001163482666,2500.60009765625,9.670000076293945,112.5459976196289,1143.8699951171875,0.5,246.435,1131.368017578125,1127.7625122070312,58.21146958107558
2017-09-22,1130.3499755859375,92.16999816894531,50.65999984741211,2406.5,2.26200008392334,2502.219970703125,9.59000015258789,112.4520034790039,1149.5899658203125,0.5,246.435,1130.802001953125,1127.9160095214843,63.330126494106366
2017-09-25,1132.1099853515625,92.6500015258789,52.220001220703125,2380.39990234375,2.2200000286102295,2496.659912109375,10.210000038146973,112.44400024414062,1126.93994140625,0.5,246.435,1130.5639892578124,1128.4815063476562,49.96806107345953
2017-09-26,1133.8199462890625,92.97000122070312,51.880001068115234,2374.320068359375,2.2290000915527344,2496.840087890625,10.170000076293945,111.76100158691406,1126.4000244140625,0.5,246.435,1131.5639892578124,1129.2720031738281,53.3311345646438
2017-09-27,1136.719970703125,93.36000061035156,52.13999938964844,2372.570068359375,2.309000015258789,2507.0400390625,9.869999885559082,112.37699890136719,1153.0,0.5,246.435,1132.835986328125,1129.9010009765625,57.35696422896776
2017-09-28,1145.280029296875,93.08999633789062,51.560001373291016,2373.139892578125,2.309000015258789,2510.06005859375,9.550000190734863,112.86000061035156,1161.68994140625,0.5,246.435,1135.6559814453126,1130.9985046386719,73.15378658819886
2017-09-29,1145.93994140625,93.08000183105469,51.66999816894531,2394.469970703125,2.3259999752044678,2519.360107421875,9.510000228881836,112.46700286865234,1171.739990234375,0.5,246.435,1138.773974609375,1132.1184997558594,69.0911684467664
2017-10-02,1144.6600341796875,93.55999755859375,50.58000183105469,2394.469970703125,2.3369998931884766,2529.1201171875,9.449999809265137,112.63800048828125,1178.75,0.5,246.626,1141.283984375,1133.40400390625,73.74467113276492
2017-10-03,1142.300048828125,93.56999969482422,50.41999816894531,2394.469970703125,2.3340001106262207,2534.580078125,9.510000228881836,112.7699966430664,1182.4300537109375,0.5,246.626,1142.9800048828124,1133.9125061035156,72.54597264295424
2017-10-04,1141.969970703125,93.45999908447266,49.97999954223633,2394.469970703125,2.3299999237060547,2537.739990234375,9.630000114440918,112.8479995727539,1185.239990234375,0.5,246.626,1144.0300048828126,1134.4285034179688,69.47345596472842
2017-10-05,1142.300048828125,93.95999908447266,50.790000915527344,2394.469970703125,2.3499999046325684,2552.070068359375,9.1899995803833,112.822998046875,1186.0699462890625,0.5,246.626,1143.4340087890625,1134.9675048828126,66.47380235229784
2017-10-06,1141.97998046875,93.80000305175781,49.290000915527344,2394.469970703125,2.369999885559082,2549.330078125,9.649999618530273,112.77400207519531,1191.449951171875,0.5,246.626,1142.6420166015625,1135.7150024414063,65.56638470025746
2017-10-09,1143.699951171875,93.73999786376953,49.58000183105469,2394.469970703125,2.3610000610351562,2544.72998046875,10.329999923706055,112.5510025024414,1199.8599853515625,0.5,246.626,1142.45,1136.2565002441406,79.61756201861166
2017-10-10,1142.8199462890625,93.29000091552734,50.91999816894531,2433.81005859375,2.3450000286102295,2550.639892578125,10.079999923706055,112.65799713134766,1207.199951171875,0.5,246.626,1142.5539794921874,1136.9259948730469,75.46986196089391
2017-10-11,1133.8599853515625,92.95999908447266,51.29999923706055,2458.159912109375,2.3450000286102295,2555.239990234375,9.850000381469727,112.34500122070312,1215.18994140625,0.5,246.626,1140.931982421875,1137.238995361328,54.11031228937317
2017-10-12,1131.489990234375,93.12000274658203,50.599998474121094,2474.760009765625,2.322999954223633,2550.929931640625,9.90999984741211,112.43399810791016,1211.0999755859375,0.5,246.626,1138.769970703125,1137.3069946289063,51.66961651917404
2017-10-13,1132.06005859375,93.08999633789062,51.45000076293945,2473.6201171875,2.2799999713897705,2553.169921875,9.609999656677246,112.23899841308594,1219.2099609375,0.5,246.626,1136.785986328125,1137.250994873047,49.924238775668975
2017-10-16,1126.300048828125,93.27999877929688,51.869998931884766,2480.050048828125,2.306999921798706,2557.639892578125,9.90999984741211,111.88200378417969,1224.989990234375,0.5,246.626,1133.306005859375,1136.9009948730468,39.83800993055212
2017-10-17,1127.0799560546875,93.48999786376953,51.880001068115234,2484.3701171875,2.2980000972747803,2559.360107421875,10.3100004196167,112.19499969482422,1224.1199951171875,0.5,246.626,1130.1580078125,1136.8139953613281,36.18117359669907
2017-10-18,1129.93994140625,93.36000061035156,52.040000915527344,2482.909912109375,2.3389999866485596,2561.260009765625,10.069999694824219,112.21299743652344,1228.1600341796875,0.5,246.626,1129.3739990234376,1136.7929931640624,23.714661021912477
2017-10-19,1131.4000244140625,93.2699966430664,51.290000915527344,2473.06005859375,2.321000099182129,2562.10009765625,10.050000190734863,113.01300048828125,1225.050048828125,0.5,246.626,1129.356005859375,1136.8039916992188,25.75072171077008
2017-10-20,1127.8900146484375,93.69999694824219,51.470001220703125,2489.5400390625,2.38100004196167,2575.2099609375,9.970000267028809,112.68000030517578,1231.3399658203125,0.5,246.626,1128.5219970703124,1136.6809936523437,23.967847316440924
2017-10-23,1133.760009765625,93.94000244140625,51.900001525878906,2490.050048828125,2.375999927520752,2564.97998046875,11.069999694824219,114.0479965209961,1237.1400146484375,0.5,246.626,1130.0139892578125,1136.763494873047,38.04592987492311
2017-10-24,1129.02001953125,93.95999908447266,52.470001220703125,2490.489990234375,2.4059998989105225,2569.1298828125,11.15999984741211,113.33999633789062,1245.3800048828125,0.5,246.626,1130.402001953125,1136.5234985351562,33.865050829515795
2017-10-25,1129.72998046875,93.70999908447266,52.18000030517578,2492.5,2.444000005722046,2557.14990234375,11.229999542236328,113.94599914550781,1229.27001953125,0.5,246.626,1130.360009765625,1136.1739990234375,34.485231635217474
2017-10-26,1126.469970703125,94.61000061035156,52.63999938964844,2480.6298828125,2.4519999027252197,2560.39990234375,11.300000190734863,113.55799865722656,1237.030029296875,0.5,246.626,1129.3739990234376,1135.23349609375,32.151867439077165
2017-10-27,1128.489990234375,94.91999816894531,53.900001525878906,2496.6298828125,2.427999973297119,2581.070068359375,9.800000190734863,114.1240005493164,1263.550048828125,0.5,246.626,1129.493994140625,1134.3609985351563,32.6171875
2017-10-30,1125.4599609375,94.48999786376953,54.150001525878906,2501.929931640625,2.369999885559082,2572.830078125,10.5,113.73899841308594,1265.9100341796875,0.5,246.626,1127.833984375,1133.4009948730468,31.089350634153604
2017-10-31,1123.449951171875,94.55000305175781,54.380001068115234,2523.429931640625,2.375999927520752,2575.260009765625,10.180000305175781,112.99600219726562,1275.6099853515625,0.5,246.626,1126.719970703125,1132.4584899902343,36.63669498776164
2017-11-01,1117.72998046875,94.81999969482422,54.29999923706055,2556.469970703125,2.375999927520752,2579.360107421875,10.199999809265137,113.6500015258789,1271.510009765625,0.5,247.284,1124.319970703125,1131.2464904785156,33.735231817893236
2017-11-02,1109.949951171875,94.69000244140625,54.540000915527344,2546.360107421875,2.3469998836517334,2579.85009765625,9.930000305175781,114.1520004272461,1277.3399658203125,0.5,247.284,1121.015966796875,1129.6289855957032,27.671073459143074
2017-11-03,1111.7099609375,94.94000244140625,55.63999938964844,2557.969970703125,2.3429999351501465,2587.840087890625,9.140000343322754,114.01599884033203,1299.969970703125,0.5,247.284,1117.6599609375,1128.1154846191407,33.97046279954294
2017-11-06,1114.800048828125,94.72000122070312,57.349998474121094,2549.409912109375,2.319999933242798,2591.1298828125,9.399999618530273,114.1780014038086,1317.3399658203125,0.5,247.284,1115.527978515625,1126.6704895019532,37.16033215654141
2017-11-07,1113.75,94.91000366210938,57.20000076293945,2545.43994140625,2.306999921798706,2590.639892578125,9.890000343322754,113.77100372314453,1316.550048828125,0.5,247.284,1113.58798828125,1125.2169921875,32.40615946258583
2017-11-08,1112.52001953125,94.87000274658203,56.810001373291016,2552.39990234375,2.325000047683716,2594.3798828125,9.779999732971191,113.76100158691406,1321.1300048828125,0.5,247.284,1112.54599609375,1124.1499938964844,29.379704611085486
2017-11-09,1113.1099853515625,94.44000244140625,57.16999816894531,2550.570068359375,2.3310000896453857,2584.6201171875,10.5,113.927001953125,1294.6600341796875,0.5,247.284,1113.1780029296874,1123.2309936523438,32.757825182991084
2017-11-10,1116.8499755859375,94.38999938964844,56.7400016784668,2542.949951171875,2.4000000953674316,2582.300048828125,11.289999961853027,113.375,1303.06005859375,0.5,247.284,1114.206005859375,1122.4704895019531,29.241355747300403
2017-11-13,1118.31005859375,94.48999786376953,56.7599983215332,2530.35009765625,2.4000000953674316,2584.840087890625,11.5,113.68599700927734,1306.5799560546875,0.5,247.284,1114.9080078125,1122.0709899902345,35.70106130537954
2017-11-14,1119.4599609375,93.83000183105469,55.70000076293945,2526.639892578125,2.38100004196167,2578.8701171875,11.59000015258789,113.58499908447266,1305.0,0.5,247.284,1116.05,1121.689990234375,36.447634634466944
2017-11-15,1115.77001953125,93.80999755859375,55.33000183105469,2518.25,2.3350000381469727,2564.6201171875,13.130000114440918,113.4020004272461,1293.199951171875,0.5,247.284,1116.7,1120.981494140625,36.03871074611841
2017-11-17,1096.3900146484375,93.66000366210938,56.54999923706055,2533.989990234375,2.3540000915527344,2578.85009765625,11.430000305175781,113.02799987792969,1306.9300537109375,0.5,247.284,1113.356005859375,1119.2309936523438,21.174618695067863
2017-11-20,1092.56005859375,94.08000183105469,56.09000015258789,2527.669921875,2.371999979019165,2582.139892578125,10.649999618530273,112.03800201416016,1322.81005859375,0.5,247.284,1108.4980224609376,1117.4644958496094,20.87472227265262
2017-11-21,1096.0,93.94999694824219,56.83000183105469,2530.699951171875,2.36299991607666,2599.030029296875,9.729999542236328,112.5510025024414,1337.9200439453125,0.5,247.284,1104.0360107421875,1115.5764953613282,26.2994363382645
2017-11-22,1091.260009765625,93.22000122070312,58.02000045776367,2540.510009765625,2.322000026702881,2597.080078125,9.880000114440918,112.34100341796875,1329.0999755859375,0.5,247.284,1098.3960205078124,1113.688494873047,26.75214958080494
2017-11-23,1085.31005859375,93.22000122070312,58.02000045776367,2537.14990234375,2.322000026702881,2597.080078125,9.880000114440918,111.31300354003906,1329.0999755859375,0.5,247.284,1092.3040283203125,1111.4674987792969,27.640691393909307
2017-11-24,1082.5899658203125,92.76000213623047,58.95000076293945,2544.330078125,2.3399999141693115,2602.419921875,9.670000076293945,111.25399780273438,1341.68994140625,0.5,247.284,1089.5440185546875,1109.2734985351562,24.027802274612796
2017-11-27,1084.949951171875,92.9000015258789,58.11000061035156,2507.81005859375,2.328000068664551,2601.419921875,9.869999885559082,111.6709976196289,1324.1500244140625,0.5,247.284,1088.0219970703124,1107.0964965820312,23.025314277393647
2017-11-28,1090.06005859375,93.26000213623047,57.9900016784668,2514.18994140625,2.3380000591278076,2627.0400390625,10.029999732971191,111.16999816894531,1323.0799560546875,0.5,247.284,1086.8340087890624,1105.3265014648437,30.055578165016172
2017-11-29,1083.449951171875,93.26000213623047,57.29999923706055,2512.89990234375,2.375999927520752,2626.070068359375,10.699999809265137,111.64800262451172,1265.010009765625,0.5,247.284,1085.2719970703124,1103.3265014648437,27.559009114279036
2017-11-30,1080.6600341796875,93.01000213623047,57.400001525878906,2476.3701171875,2.4170000553131104,2647.580078125,11.279999732971191,112.00199890136719,1272.550048828125,0.5,247.284,1084.3419921875,1101.4730041503906,25.772759916736234
2017-12-01,1087.22998046875,92.9000015258789,58.36000061035156,2475.409912109375,2.361999988555908,2642.219970703125,11.430000305175781,112.55599975585938,1258.6500244140625,0.5,247.805,1085.2699951171876,1100.3370056152344,28.78221619059778
2017-12-04,1082.510009765625,93.19000244140625,57.470001220703125,2501.669921875,2.378999948501587,2639.43994140625,11.680000305175781,112.86399841308594,1227.8499755859375,0.5,247.805,1084.7820068359374,1098.8770080566405,25.499493739411136
2017-12-05,1085.22998046875,93.37999725341797,57.619998931884766,2510.1201171875,2.3559999465942383,2629.570068359375,11.329999923706055,112.4990005493164,1228.510009765625,0.5,247.805,1083.8159912109375,1097.398504638672,27.066840266418907
2017-12-06,1085.22998046875,93.61000061035156,55.959999084472656,2474.3701171875,2.3299999237060547,2629.27001953125,11.020000457763672,112.46399688720703,1232.260009765625,0.5,247.805,1084.1719970703125,1095.9725036621094,28.474722097945417
2017-12-07,1092.5699462890625,93.80000305175781,56.689998626708984,2461.97998046875,2.375999927520752,2636.97998046875,10.15999984741211,112.29100036621094,1244.52001953125,0.5,247.805,1086.5539794921874,1094.975,46.757152213020305
2017-12-08,1092.43994140625,93.9000015258789,57.36000061035156,2464.0,2.382999897003174,2651.5,9.579999923706055,113.1729965209961,1238.239990234375,0.5,247.805,1087.5959716796874,1093.9414978027344,49.89119810348564
2017-12-11,1091.8199462890625,93.87000274658203,57.9900016784668,2471.489990234375,2.384999990463257,2659.989990234375,9.34000015258789,113.54299926757812,1245.5799560546875,0.5,247.805,1089.457958984375,1092.6899963378905,46.009876554718396
2017-12-12,1087.8299560546875,94.0999984741211,57.13999938964844,2461.0,2.4030001163482666,2664.110107421875,9.920000076293945,113.54000091552734,1233.1800537109375,0.5,247.805,1089.9779541015625,1091.1659912109376,46.678236116069634
2017-12-13,1091.260009765625,93.43000030517578,56.599998474121094,2480.550048828125,2.3489999771118164,2662.85009765625,10.180000305175781,113.54499816894531,1233.0400390625,0.5,247.805,1091.1839599609375,1089.7559936523437,56.05776639904551
2017-12-14,1084.1800537109375,93.48999786376953,57.040000915527344,2469.47998046875,2.3459999561309814,2652.010009765625,10.489999771118164,112.78199768066406,1232.4300537109375,0.5,247.805,1089.5059814453125,1088.176495361328,51.48689803801601
2017-12-15,1087.8199462890625,93.93000030517578,57.29999923706055,2482.070068359375,2.3550000190734863,2675.81005859375,9.420000076293945,112.39600372314453,1250.8900146484375,0.5,247.805,1088.581982421875,1087.7479919433595,52.62100595080165
2017-12-18,1089.030029296875,93.69999694824219,57.15999984741211,2481.8798828125,2.3919999599456787,2690.159912109375,9.529999732971191,112.71600341796875,1277.9100341796875,0.5,247.805,1088.0239990234375,1087.5714904785157,48.987185581017954
2017-12-19,1085.3800048828125,93.47000122070312,57.459999084472656,2478.530029296875,2.4630000591278076,2681.469970703125,10.029999732971191,112.56800079345703,1276.52001953125,0.5,247.805,1087.5340087890625,1087.0404907226562,52.015100187860206
2017-12-20,1084.199951171875,93.3499984741211,58.09000015258789,2478.530029296875,2.496999979019165,2679.25,9.720000267028809,112.98300170898438,1285.43994140625,0.5,247.805,1086.1219970703125,1086.6874877929688,53.82446422683812
2017-12-21,1079.9599609375,93.27999877929688,58.36000061035156,2429.830078125,2.4809999465942383,2684.570068359375,9.619999885559082,113.24099731445312,1271.81005859375,0.5,247.805,1085.277978515625,1086.4199829101562,41.72920636155073
2017-12-22,1080.2099609375,93.3499984741211,58.470001220703125,2440.5400390625,2.484999895095825,2683.340087890625,9.899999618530273,113.322998046875,1271.1700439453125,0.5,247.805,1083.7559814453125,1086.3009826660157,47.08706944530332
2017-12-25,1077.1099853515625,93.3499984741211,58.470001220703125,2440.5400390625,2.484999895095825,2683.340087890625,9.899999618530273,113.30799865722656,1271.1700439453125,0.5,247.805,1081.37197265625,1085.908984375,39.81435260754656
2017-12-26,1076.3599853515625,93.26000213623047,59.970001220703125,2427.340087890625,2.4670000076293945,2680.5,10.25,113.3030014038086,1258.8800048828125,0.5,247.805,1079.56796875,1085.2239807128906,39.07904664283976
2017-12-27,1075.0400390625,93.02999877929688,59.63999938964844,2436.669921875,2.4140000343322754,2682.6201171875,10.470000267028809,113.2030029296875,1263.3599853515625,0.5,247.805,1077.735986328125,1084.803485107422,24.66041551236762
2017-12-28,1073.550048828125,92.5999984741211,59.84000015258789,2467.489990234375,2.431999921798706,2687.5400390625,10.180000305175781,113.21700286865234,1266.300048828125,0.5,247.805,1076.45400390625,1084.4479858398438,23.72751288616037
2017-12-29,1069.489990234375,92.12000274658203,60.41999816894531,2467.489990234375,2.4049999713897705,2673.610107421875,11.039999961853027,112.875,1253.050048828125,0.5,247.805,1074.310009765625,1083.560986328125,21.655308770527114
2018-01-01,1066.0699462890625,92.12000274658203,60.41999816894531,2467.489990234375,2.4049999713897705,2673.610107421875,11.039999961853027,112.66600036621094,1253.050048828125,0.5,248.859,1072.102001953125,1082.7389831542969,21.973246460847633
2018-01-02,1065.219970703125,91.8499984741211,60.369998931884766,2479.64990234375,2.4649999141693115,2695.81005859375,9.770000457763672,112.7699966430664,1287.699951171875,0.5,248.859,1069.8739990234376,1081.7384826660157,14.072784106602711
2018-01-03,1062.5400390625,92.16000366210938,61.630001068115234,2486.35009765625,2.447000026702881,2713.06005859375,9.149999618530273,112.24400329589844,1309.8599853515625,0.5,248.859,1067.3739990234376,1080.603985595703,16.017528456905367
2018-01-04,1063.93994140625,91.8499984741211,62.0099983215332,2466.4599609375,2.453000068664551,2723.989990234375,9.220000267028809,112.60700225830078,1317.239990234375,0.5,248.859,1065.4519775390625,1079.1724853515625,9.662120643509041
2018-01-05,1061.0799560546875,91.94999694824219,61.439998626708984,2497.52001953125,2.4760000705718994,2743.14990234375,9.220000267028809,112.78299713134766,1325.7099609375,0.5,248.859,1063.769970703125,1077.6044860839843,5.279708123859862
2018-01-08,1060.5,92.33000183105469,61.72999954223633,2513.280029296875,2.4800000190734863,2747.7099609375,9.520000457763672,113.15399932861328,1335.5400390625,0.5,248.859,1062.6559814453126,1076.0384887695313,5.854909486287568
2018-01-09,1067.68994140625,92.52999877929688,62.959999084472656,2510.22998046875,2.5460000038146973,2751.2900390625,10.079999923706055,113.14099884033203,1322.5699462890625,0.5,248.859,1063.1499755859375,1075.0314880371093,25.85528523789462
2018-01-10,1071.739990234375,92.33000183105469,63.56999969482422,2499.75,2.549999952316284,2748.22998046875,9.819999694824219,112.75499725341797,1306.219970703125,0.5,248.859,1064.9899658203126,1074.055487060547,37.91172098834579
2018-01-11,1069.6700439453125,91.8499984741211,63.79999923706055,2487.909912109375,2.5309998989105225,2767.56005859375,9.880000114440918,111.44400024414062,1314.3399658203125,0.5,248.859,1066.135986328125,1073.3299865722656,35.287542385877614
2018-01-12,1065.1400146484375,90.97000122070312,64.30000305175781,2496.419921875,2.552000045776367,2786.239990234375,10.15999984741211,111.29399871826172,1322.0999755859375,0.5,248.859,1066.947998046875,1072.1959899902345,33.932819924627225
2018-01-15,1055.800048828125,90.97000122070312,64.30000305175781,2503.72998046875,2.552000045776367,2786.239990234375,10.15999984741211,111.0999984741211,1322.0999755859375,0.5,248.859,1066.0080078125,1070.534490966797,27.574104106583164
2018-01-16,1061.8199462890625,90.38999938964844,63.72999954223633,2521.739990234375,2.5439999103546143,2776.419921875,11.65999984741211,110.58100128173828,1325.969970703125,0.5,248.859,1064.8340087890624,1069.3564880371093,36.92107405179931
2018-01-17,1062.4599609375,90.54000091552734,63.970001220703125,2515.429931640625,2.578000068664551,2802.56005859375,11.90999984741211,110.38800048828125,1364.2900390625,0.5,248.859,1062.9780029296876,1068.2694885253907,38.84065661404517
2018-01-18,1066.56005859375,90.5,63.95000076293945,2515.81005859375,2.6110000610351562,2798.030029296875,12.220000267028809,111.3759994506836,1370.56005859375,0.5,248.859,1062.356005859375,1067.5994934082032,47.05414520872097
2018-01-19,1069.68994140625,90.56999969482422,63.369998931884766,2520.260009765625,2.63700008392334,2810.300048828125,11.270000457763672,111.0260009765625,1372.030029296875,0.5,248.859,1063.2659912109375,1067.0734924316407,53.66102975489434
2018-01-22,1066.3599853515625,90.4000015258789,63.4900016784668,2502.110107421875,2.6649999618530273,2832.969970703125,11.029999732971191,110.68399810791016,1382.4100341796875,0.5,248.859,1065.377978515625,1066.5359924316406,51.09786633750661
2018-01-23,1068.81005859375,90.12000274658203,64.47000122070312,2536.60009765625,2.624000072479248,2839.1298828125,11.100000381469727,110.96600341796875,1392.8599853515625,0.5,248.859,1066.7760009765625,1066.15849609375,56.06505731599604
2018-01-24,1072.760009765625,89.20999908447266,65.61000061035156,2538.0,2.6540000438690186,2837.5400390625,11.470000267028809,110.10700225830078,1360.6800537109375,0.5,248.859,1068.8360107421875,1066.0444946289062,58.13063204990863
2018-01-25,1064.4000244140625,89.38999938964844,65.51000213623047,2562.22998046875,2.621000051498413,2839.25,11.579999923706055,109.32599639892578,1337.6199951171875,0.5,248.859,1068.40400390625,1065.5869934082032,52.778776757909874
2018-01-26,1064.8900146484375,89.06999969482422,66.13999938964844,2574.760009765625,2.6619999408721924,2872.8701171875,11.079999923706055,109.7040023803711,1381.27001953125,0.5,248.859,1067.4440185546875,1065.3569946289062,53.67982466013576
2018-01-29,1063.1300048828125,89.30999755859375,65.55999755859375,2598.18994140625,2.6989998817443848,2853.530029296875,13.84000015258789,108.63899993896484,1378.4200439453125,0.5,248.859,1066.7980224609375,1065.2099975585938,45.79495642424392
2018-01-30,1069.7900390625,89.19000244140625,64.5,2567.739990234375,2.7260000705718994,2822.429931640625,14.789999961853027,108.9260025024414,1350.43994140625,0.5,248.859,1066.9940185546875,1065.4385009765624,48.28439480184728
2018-01-31,1072.5400390625,89.12999725341797,64.7300033569336,2566.4599609375,2.7200000286102295,2823.81005859375,13.539999961853027,108.73200225830078,1361.5,0.5,248.859,1066.9500244140625,1065.9385009765624,52.495218850359045
2018-02-01,1069.02001953125,88.66999816894531,65.80000305175781,2568.5400390625,2.7730000019073486,2821.97998046875,13.470000267028809,109.20099639892578,1355.0699462890625,0.5,249.529,1067.8740234375,1066.1925048828125,53.43364005816177
2018-02-02,1071.1800537109375,89.19999694824219,65.44999694824219,2525.389892578125,2.8540000915527344,2762.1298828125,17.309999465942383,109.40599822998047,1317.97998046875,0.5,249.529,1069.13203125,1066.697509765625,65.59207383628403
2018-02-05,1090.010009765625,89.55000305175781,64.1500015258789,2491.75,2.7939999103546143,2648.93994140625,37.31999969482422,110.03500366210938,1255.81005859375,0.5,249.529,1074.5080322265626,1068.1730102539063,72.68635221398553
2018-02-06,1093.300048828125,89.58999633789062,63.38999938964844,2453.31005859375,2.7679998874664307,2695.139892578125,29.979999542236328,109.09500122070312,1301.6600341796875,0.5,249.529,1079.2100341796875,1069.453515625,73.80370017223251
2018-02-07,1079.260009765625,90.26000213623047,61.790000915527344,2396.56005859375,2.8440001010894775,2681.659912109375,27.729999542236328,109.62699890136719,1272.5,0.5,249.529,1080.5540283203125,1069.8295166015625,58.49836466232973
2018-02-08,1089.4200439453125,90.2300033569336,61.150001525878906,2407.6201171875,2.8510000705718994,2581.0,33.459999084472656,109.19599914550781,1218.6600341796875,0.5,249.529,1084.634033203125,1070.8170166015625,62.06732298337905
2018-02-09,1095.8599853515625,90.44000244140625,59.20000076293945,2363.77001953125,2.8289999961853027,2619.550048828125,29.059999465942383,108.52899932861328,1255.81005859375,0.5,249.529,1089.57001953125,1072.3530151367188,67.38154764130995
2018-02-12,1083.1700439453125,90.20999908447266,59.290000915527344,2385.3798828125,2.8570001125335693,2656.0,25.610000610351562,108.80000305175781,1279.1400146484375,0.5,249.529,1088.2020263671875,1073.7215148925782,57.54994166038772
2018-02-13,1082.6099853515625,89.69999694824219,59.189998626708984,2395.18994140625,2.8399999141693115,2662.93994140625,24.969999313354492,108.69000244140625,1278.510009765625,0.5,249.529,1086.064013671875,1074.7610168457031,55.370170467024
2018-02-14,1083.77001953125,89.12000274658203,60.599998474121094,2421.830078125,2.9130001068115234,2698.6298828125,19.260000228881836,107.76399993896484,1307.050048828125,0.5,249.529,1086.966015625,1075.8265197753906,61.46016146016146
2018-02-15,1070.010009765625,88.58999633789062,61.34000015258789,2421.830078125,2.8910000324249268,2731.199951171875,19.1299991607666,106.58699798583984,1322.949951171875,0.5,249.529,1083.0840087890624,1075.9990173339843,52.61811576562236
2018-02-16,1063.0699462890625,89.0999984741211,61.68000030517578,2421.830078125,2.877000093460083,2732.219970703125,19.459999084472656,106.11100006103516,1318.3199462890625,0.5,249.529,1076.5260009765625,1075.668017578125,49.970834074337546
2018-02-19,1065.6300048828125,89.0999984741211,61.68000030517578,2442.820068359375,2.877000093460083,2732.219970703125,19.459999084472656,106.26100158691406,1318.3199462890625,0.5,249.529,1073.0179931640625,1075.6315185546875,47.89600216332886
2018-02-20,1066.7099609375,89.72000122070312,61.900001525878906,2415.1201171875,2.8929998874664307,2716.260009765625,20.600000381469727,106.70899963378906,1341.530029296875,0.5,249.529,1069.83798828125,1075.526513671875,47.00068577285093
2018-02-21,1072.5400390625,90.08000183105469,61.68000030517578,2429.64990234375,2.943000078201294,2701.330078125,20.020000457763672,107.38099670410156,1325.3499755859375,0.5,249.529,1067.5919921875,1075.5155151367187,51.768849695622414
2018-02-22,1074.8599853515625,89.75,62.77000045776367,2414.280029296875,2.9170000553131104,2703.9599609375,18.719999313354492,107.55500030517578,1322.0899658203125,0.5,249.529,1068.5619873046876,1076.0385131835938,51.84624015207933
2018-02-23,1080.0799560546875,89.87999725341797,63.54999923706055,2451.52001953125,2.871000051498413,2747.300048828125,16.489999771118164,106.81400299072266,1351.0899658203125,0.5,249.529,1071.9639892578125,1076.7980102539063,44.23007902990823
2018-02-26,1075.0,89.81999969482422,63.90999984741211,2457.64990234375,2.8589999675750732,2779.60009765625,15.800000190734863,107.0739974975586,1380.27001953125,0.5,249.529,1073.83798828125,1077.3915100097656,39.58331596223384
2018-02-27,1069.699951171875,90.36000061035156,63.0099983215332,2456.139892578125,2.9079999923706055,2744.280029296875,18.59000015258789,107.06900024414062,1374.719970703125,0.5,249.529,1074.435986328125,1077.3870056152343,43.95698685778132
2018-02-28,1079.3900146484375,90.61000061035156,61.63999938964844,2427.360107421875,2.868000030517578,2713.830078125,19.850000381469727,107.4260025024414,1362.02001953125,0.5,249.529,1075.8059814453125,1077.7295043945312,43.622018884152155
2018-03-01,1085.3499755859375,90.31999969482422,60.9900016784668,2427.360107421875,2.803999900817871,2677.669921875,22.469999313354492,106.63999938964844,1340.1400146484375,0.5,249.577,1077.9039794921875,1078.5460021972656,43.275758115356616
2018-03-02,1081.949951171875,89.94000244140625,61.25,2402.159912109375,2.8570001125335693,2691.25,19.59000015258789,106.16300201416016,1363.780029296875,0.5,249.577,1078.277978515625,1079.0844970703124,49.11408023002891
2018-03-05,1079.2099609375,90.08000183105469,62.56999969482422,2375.06005859375,2.88100004196167,2720.93994140625,18.729999542236328,105.55599975585938,1375.8599853515625,0.5,249.577,1079.119970703125,1078.5444946289062,47.60697022652721
2018-03-06,1076.6600341796875,89.62000274658203,62.599998474121094,2411.409912109375,2.877000093460083,2728.1201171875,18.360000610351562,106.25,1396.469970703125,0.5,249.577,1080.5119873046874,1077.7124938964844,45.091826536579774
2018-03-07,1063.1600341796875,89.63999938964844,61.150001525878906,2401.820068359375,2.882999897003174,2726.800048828125,17.760000228881836,105.53700256347656,1400.469970703125,0.5,249.577,1077.2659912109375,1076.9074951171874,45.254280577182314
2018-03-08,1066.1500244140625,90.12000274658203,60.119998931884766,2433.080078125,2.865999937057495,2738.969970703125,16.540000915527344,106.18599700927734,1402.050048828125,0.5,249.577,1073.4260009765626,1075.743994140625,52.25746075031582
2018-03-09,1073.4599609375,90.08999633789062,62.040000915527344,2459.449951171875,2.8940000534057617,2786.570068359375,14.640000343322754,106.40599822998047,1431.1600341796875,0.5,249.577,1071.7280029296876,1074.6239929199219,55.36519960051458
2018-03-12,1064.050048828125,89.9000015258789,61.36000061035156,2484.1201171875,2.869999885559082,2783.02001953125,15.779999732971191,106.89099884033203,1445.9000244140625,0.5,249.577,1068.6960205078126,1073.6679931640624,48.364133764158986
2018-03-13,1063.8599853515625,89.66000366210938,60.709999084472656,2494.489990234375,2.8480000495910645,2765.31005859375,16.350000381469727,106.26000213623047,1423.4599609375,0.5,249.577,1066.1360107421874,1072.7304931640624,44.26376037624736
2018-03-14,1066.4000244140625,89.69999694824219,60.959999084472656,2486.080078125,2.816999912261963,2749.47998046875,17.229999542236328,106.50800323486328,1423.5,0.5,249.577,1066.7840087890625,1071.861993408203,44.4254256701973
2018-03-15,1062.550048828125,90.13999938964844,61.189998626708984,2492.3798828125,2.8259999752044678,2747.330078125,16.59000015258789,106.15499877929688,1422.0699462890625,0.5,249.577,1066.064013671875,1071.488995361328,38.236522850332165
2018-03-16,1068.75,90.2300033569336,62.34000015258789,2493.969970703125,2.8480000495910645,2752.010009765625,15.800000190734863,106.30899810791016,1422.5400390625,0.5,249.577,1065.122021484375,1071.772998046875,45.86803537994705
2018-03-19,1070.2099609375,89.9000015258789,62.060001373291016,2475.030029296875,2.8450000286102295,2712.919921875,19.020000457763672,105.96900177001953,1394.8199462890625,0.5,249.577,1066.35400390625,1072.0019958496093,50.35521049069719
2018-03-20,1072.1600341796875,90.37000274658203,63.400001525878906,2485.52001953125,2.878999948501587,2716.93994140625,18.200000762939453,105.99600219726562,1405.5,0.5,249.577,1068.014013671875,1072.2744995117187,44.355969933066
2018-03-21,1070.550048828125,89.77999877929688,65.16999816894531,2484.969970703125,2.9070000648498535,2711.929931640625,17.860000610351562,106.46900177001953,1407.97998046875,0.5,249.577,1068.8440185546874,1072.175,37.604715976125675
2018-03-22,1063.9599609375,89.86000061035156,64.30000305175781,2496.02001953125,2.8320000171661377,2643.68994140625,23.34000015258789,105.92900085449219,1368.97998046875,0.5,249.577,1069.1260009765624,1071.6299987792968,35.697232498825684
2018-03-23,1079.9000244140625,89.44000244140625,65.87999725341797,2416.760009765625,2.8299999237060547,2588.260009765625,24.8700008392334,104.96800231933594,1323.9200439453125,0.5,249.577,1071.356005859375,1071.6210021972656,50.4534523502035
2018-03-26,1082.530029296875,89.02999877929688,65.55000305175781,2437.080078125,2.8429999351501465,2658.550048828125,21.030000686645508,104.85900115966797,1380.0999755859375,0.5,249.577,1073.82001953125,1071.9975036621095,53.85321762542369
2018-03-27,1074.300048828125,89.37000274658203,65.25,2452.06005859375,2.7860000133514404,2612.6201171875,22.5,105.5,1327.93994140625,0.5,249.577,1074.2480224609376,1072.2275085449219,57.856143027101666
2018-03-28,1074.1199951171875,90.05999755859375,64.37999725341797,2419.2900390625,2.7750000953674316,2605.0,22.8700008392334,105.49299621582031,1299.8199462890625,0.5,249.577,1074.96201171875,1071.9640075683594,55.85251903032303
2018-03-29,1063.4100341796875,90.1500015258789,64.94000244140625,2436.3701171875,2.740999937057495,2640.8701171875,19.969999313354492,106.81199645996094,1328.9000244140625,0.5,249.577,1074.8520263671876,1070.867010498047,42.97110716865279
2018-03-30,1062.0,90.1500015258789,64.94000244140625,2445.85009765625,2.740999937057495,2640.8701171875,19.969999313354492,106.47899627685547,1328.9000244140625,0.5,249.577,1071.272021484375,1069.8695129394532,48.38554003753038
2018-04-02,1060.989990234375,90.05000305175781,63.0099983215332,2444.159912109375,2.7320001125335693,2581.8798828125,23.6200008392334,106.31199645996094,1277.010009765625,0.5,250.227,1066.964013671875,1068.958514404297,47.768630808099026
2018-04-03,1056.1600341796875,90.19999694824219,63.5099983215332,2442.429931640625,2.7839999198913574,2614.449951171875,21.100000381469727,105.79900360107422,1302.0899658203125,0.5,250.227,1063.3360107421875,1067.9335144042968,42.31233091636913
2018-04-04,1053.72998046875,90.13999938964844,63.369998931884766,2408.06005859375,2.7880001068115234,2644.68994140625,20.059999465942383,106.43599700927734,1319.010009765625,0.5,250.227,1059.2580078125,1067.46201171875,43.23408670377334
2018-04-05,1057.4300537109375,90.45999908447266,63.540000915527344,2437.52001953125,2.8320000171661377,2662.840087890625,18.940000534057617,106.77400207519531,1305.239990234375,0.5,250.227,1058.06201171875,1067.0260131835937,40.9700921365514
2018-04-06,1061.6400146484375,90.11000061035156,62.060001373291016,2429.580078125,2.7750000953674316,2604.469970703125,21.489999771118164,107.052001953125,1265.25,0.5,250.227,1057.9900146484374,1066.4350158691407,43.45108721000738
2018-04-09,1070.4599609375,89.83999633789062,63.41999816894531,2444.080078125,2.7860000133514404,2613.159912109375,21.770000457763672,106.96800231933594,1273.800048828125,0.5,250.227,1059.8840087890626,1066.7555114746094,48.82429514269361
2018-04-10,1068.77001953125,89.58999633789062,65.51000213623047,2450.739990234375,2.796999931335449,2656.8701171875,20.469999313354492,106.7490005493164,1314.5400390625,0.5,250.227,1062.406005859375,1067.0010131835938,48.77036047613747
2018-04-11,1063.3800048828125,89.56999969482422,66.81999969482422,2444.219970703125,2.7899999618530273,2642.18994140625,20.239999771118164,107.11299896240234,1315.06005859375,0.5,250.227,1064.3360107421875,1066.8500122070313,49.5926133625561
2018-04-12,1065.75,89.75,67.06999969482422,2442.7099609375,2.8340001106262207,2663.989990234375,18.489999771118164,106.8290023803711,1339.6600341796875,0.5,250.227,1066.0,1067.010009765625,37.71912166986975
2018-04-13,1069.97998046875,89.80000305175781,67.38999938964844,2455.070068359375,2.8289999961853027,2656.300048828125,17.40999984741211,107.22200012207031,1329.4000244140625,0.5,250.227,1067.6679931640624,1067.0715087890626,39.402079794164706
2018-04-16,1070.6600341796875,89.43000030517578,66.22000122070312,2457.489990234375,2.8320000171661377,2677.840087890625,16.559999465942383,107.49800109863281,1332.52001953125,0.5,250.227,1067.7080078125,1067.094012451172,46.47695292285662
2018-04-17,1069.52001953125,89.5199966430664,66.5199966430664,2453.77001953125,2.813999891281128,2706.389892578125,15.25,107.0459976196289,1357.719970703125,0.5,250.227,1067.8580078125,1066.96201171875,45.62906118131224
2018-04-18,1066.0899658203125,89.62000274658203,68.47000122070312,2479.97998046875,2.867000102996826,2708.639892578125,15.600000381469727,107.01599884033203,1343.780029296875,0.5,250.227,1068.4,1066.7390075683593,52.95536661407656
2018-04-19,1064.0699462890625,89.94000244140625,68.29000091552734,2486.10009765625,2.9140000343322754,2693.1298828125,15.960000038146973,107.34600067138672,1285.8800048828125,0.5,250.227,1068.0639892578124,1066.7445068359375,52.25238627820298
2018-04-20,1066.239990234375,90.31999969482422,68.37999725341797,2476.330078125,2.9509999752044678,2670.139892578125,16.8799991607666,107.43199920654297,1270.8299560546875,0.5,250.227,1067.3159912109375,1066.061505126953,55.57205267331043
2018-04-23,1071.4100341796875,90.94000244140625,68.63999938964844,2474.110107421875,2.9730000495910645,2670.2900390625,16.34000015258789,107.86900329589844,1253.97998046875,0.5,250.227,1067.4659912109375,1065.5055053710937,66.06948074667105
2018-04-24,1080.1800537109375,90.7699966430664,67.69999694824219,2464.139892578125,2.9830000400543213,2634.56005859375,18.020000457763672,108.76100158691406,1243.6700439453125,0.5,250.227,1069.597998046875,1065.7995056152345,74.58634877192505
2018-04-25,1076.75,91.16999816894531,68.05000305175781,2448.81005859375,3.0239999294281006,2639.39990234375,17.84000015258789,108.8030014038086,1242.18994140625,0.5,250.227,1071.7300048828124,1065.931005859375,68.04922942178695
2018-04-26,1081.1700439453125,91.55999755859375,68.19000244140625,2475.639892578125,2.990000009536743,2666.93994140625,16.239999771118164,109.36399841308594,1268.2099609375,0.5,250.227,1075.1500244140625,1066.8190063476563,68.17415564410962
2018-04-27,1076.7900390625,91.54000091552734,68.0999984741211,2492.39990234375,2.9570000171661377,2669.909912109375,15.40999984741211,109.30000305175781,1258.1099853515625,0.5,250.227,1077.2600341796874,1067.5585083007813,56.42122312313948
2018-04-30,1067.5999755859375,91.83999633789062,68.56999969482422,2515.3798828125,2.936000108718872,2648.050048828125,15.930000305175781,109.0979995727539,1244.4000244140625,0.5,250.227,1076.4980224609376,1067.8890075683594,48.96985772536848
2018-05-01,1069.449951171875,92.44999694824219,67.25,2515.3798828125,2.9760000705718994,2654.800048828125,15.489999771118164,109.322998046875,1265.93994140625,0.5,250.792,1074.352001953125,1068.5535034179688,55.69944088742788
2018-05-02,1072.52001953125,92.51000213623047,67.93000030517578,2505.610107421875,2.9639999866485596,2635.669921875,15.970000267028809,109.87200164794922,1259.4200439453125,0.5,250.792,1073.506005859375,1069.4930053710937,56.274295075142206
2018-05-03,1078.81005859375,92.41000366210938,68.43000030517578,2487.25,2.946000099182129,2629.72998046875,15.899999618530273,109.8270034790039,1267.43994140625,0.5,250.792,1073.0340087890625,1070.5620056152343,57.882520628195564
2018-05-04,1074.1199951171875,92.56999969482422,69.72000122070312,2461.3798828125,2.944000005722046,2663.419921875,14.770000457763672,109.09600067138672,1296.72998046875,0.5,250.792,1072.5,1071.1860046386719,52.882315614780104
2018-05-07,1073.3299560546875,92.75,70.7300033569336,2461.3798828125,2.950000047683716,2672.6298828125,14.75,109.14600372314453,1308.47998046875,0.5,250.792,1073.64599609375,1071.3295043945313,53.19247740993124
2018-05-08,1078.3900146484375,93.12000274658203,69.05999755859375,2449.81005859375,2.9690001010894775,2671.919921875,14.710000038146973,108.94300079345703,1318.02001953125,0.5,250.792,1075.4340087890625,1071.8105041503907,60.032578349337086
2018-05-09,1077.56005859375,93.04000091552734,71.13999938964844,2443.97998046875,3.003999948501587,2697.7900390625,13.420000076293945,109.02400207519531,1336.6800537109375,0.5,250.792,1076.4420166015625,1072.5195068359376,61.22109965984668
2018-05-10,1077.97998046875,92.6500015258789,71.36000061035156,2464.159912109375,2.9709999561309814,2723.070068359375,13.229999542236328,109.84700012207031,1360.719970703125,0.5,250.792,1076.2760009765625,1073.131005859375,60.05819012399391
2018-05-11,1064.3699951171875,92.54000091552734,70.69999694824219,2477.7099609375,2.9709999561309814,2727.719970703125,12.649999618530273,109.43599700927734,1350.4599609375,0.5,250.792,1074.3260009765625,1072.8505065917968,44.73053279437456
2018-05-14,1065.949951171875,92.58999633789062,70.95999908447266,2476.110107421875,2.994999885559082,2730.1298828125,12.930000305175781,109.33799743652344,1367.5,0.5,250.792,1072.85,1072.6150024414062,38.06404315141288
2018-05-15,1069.1600341796875,93.22000122070312,71.30999755859375,2458.5400390625,3.0799999237060547,2711.449951171875,14.630000114440918,109.73100280761719,1351.0999755859375,0.5,250.792,1071.00400390625,1072.5970031738282,43.61009197882945
2018-05-16,1078.8599853515625,93.38999938964844,71.48999786376953,2459.820068359375,3.0950000286102295,2722.4599609375,13.420000076293945,110.2969970703125,1370.0999755859375,0.5,250.792,1071.2639892578125,1073.2355041503906,48.2139688699795
2018-05-17,1076.489990234375,93.47000122070312,71.48999786376953,2448.449951171875,3.1089999675750732,2720.1298828125,13.430000305175781,110.35900115966797,1364.8699951171875,0.5,250.792,1070.9659912109375,1073.8565063476562,49.76057446543233
2018-05-18,1080.9100341796875,93.63999938964844,71.27999877929688,2460.64990234375,3.066999912261963,2712.969970703125,13.420000076293945,110.8280029296875,1345.199951171875,0.5,250.792,1074.2739990234375,1074.5900085449218,61.49596403478437
2018-05-21,1080.510009765625,93.68000030517578,72.23999786376953,2465.570068359375,3.065000057220459,2733.010009765625,13.079999923706055,110.87999725341797,1359.3399658203125,0.5,250.792,1077.1860107421876,1075.0450073242187,59.79803528867241
2018-05-22,1076.510009765625,93.61000061035156,72.12999725341797,2465.570068359375,3.065000057220459,2724.43994140625,13.220000267028809,110.97799682617188,1366.969970703125,0.5,250.792,1078.656005859375,1074.861505126953,53.47741161250788
2018-05-23,1074.199951171875,94.01000213623047,71.83999633789062,2471.909912109375,3.003000020980835,2733.2900390625,12.579999923706055,110.72599792480469,1373.949951171875,0.5,250.792,1077.7239990234375,1074.7340026855468,45.68262257300422
2018-05-24,1074.7900390625,93.77999877929688,70.70999908447266,2466.010009765625,2.9809999465942383,2727.760009765625,12.529999732971191,109.86900329589844,1378.719970703125,0.5,250.792,1077.3840087890626,1074.4150024414062,50.67969340119122
2018-05-25,1079.22998046875,94.19000244140625,67.87999725341797,2460.800048828125,2.930999994277954,2721.330078125,13.220000267028809,109.31199645996094,1390.8399658203125,0.5,250.792,1077.047998046875,1074.5369995117187,55.57236242895189
2018-05-28,1073.6500244140625,94.19000244140625,67.87999725341797,2478.9599609375,2.930999994277954,2721.330078125,13.220000267028809,109.62300109863281,1390.8399658203125,0.5,250.792,1075.6760009765626,1074.839501953125,45.566784794402935
2018-05-29,1073.1700439453125,94.83000183105469,66.7300033569336,2457.25,2.7679998874664307,2689.860107421875,17.020000457763672,109.38899993896484,1380.9200439453125,0.5,250.792,1075.0080078125,1075.0255065917968,45.86705341813058
2018-05-30,1083.9300537109375,94.1500015258789,68.20999908447266,2409.030029296875,2.8420000076293945,2724.010009765625,14.9399995803833,108.39399719238281,1389.9100341796875,0.5,250.792,1076.9540283203125,1075.5960083007812,54.68878358853599
2018-05-31,1075.030029296875,93.98999786376953,67.04000091552734,2423.010009765625,2.822000026702881,2705.27001953125,15.430000305175781,108.71199798583984,1379.0,0.5,250.792,1077.0020263671875,1075.4070068359374,59.07389666229564
2018-06-01,1079.949951171875,94.19000244140625,65.80999755859375,2438.9599609375,2.8949999809265137,2734.6201171875,13.460000038146973,108.7490005493164,1411.31005859375,0.5,251.018,1077.1460205078124,1075.698504638672,61.27575900582035
2018-06-04,1070.3599853515625,94.0199966430664,64.75,2447.760009765625,2.937000036239624,2746.8701171875,12.739999771118164,109.5979995727539,1422.6700439453125,0.5,251.018,1076.4880126953126,1075.5500061035157,50.876389027573715
2018-06-05,1070.530029296875,93.88999938964844,65.5199966430664,2453.760009765625,2.9189999103546143,2748.800048828125,12.399999618530273,109.96299743652344,1428.510009765625,0.5,251.018,1075.960009765625,1075.1570068359374,42.93233627823638
2018-06-06,1070.2900390625,93.66000366210938,64.7300033569336,2453.760009765625,2.9749999046325684,2772.35009765625,11.640000343322754,109.85900115966797,1437.93994140625,0.5,251.018,1073.2320068359375,1074.793505859375,44.54230119534242
2018-06-07,1065.1500244140625,93.4000015258789,65.94999694824219,2470.580078125,2.933000087738037,2770.3701171875,12.130000114440918,110.125,1424.3399658203125,0.5,251.018,1071.256005859375,1074.1520080566406,36.30041340905425
2018-06-08,1071.3299560546875,93.55000305175781,65.73999786376953,2451.580078125,2.937000036239624,2779.030029296875,12.180000305175781,109.69400024414062,1412.2900390625,0.5,251.018,1069.5320068359374,1074.5000061035157,42.74876435002787
2018-06-11,1072.6500244140625,93.58000183105469,66.0999984741211,2470.14990234375,2.9570000171661377,2782.0,12.350000381469727,109.44300079345703,1408.989990234375,0.5,251.018,1069.9900146484374,1074.835009765625,46.81624409231593
2018-06-12,1076.3800048828125,93.80000305175781,66.36000061035156,2468.830078125,2.9570000171661377,2786.85009765625,12.34000015258789,110.38600158691406,1416.3699951171875,0.5,251.018,1071.160009765625,1075.1960083007812,51.75697665038142
2018-06-13,1079.25,93.70999908447266,66.63999938964844,2468.830078125,2.9769999980926514,2775.6298828125,12.9399995803833,110.4520034790039,1414.47998046875,0.5,251.018,1072.952001953125,1075.215509033203,53.46701891032211
2018-06-14,1084.699951171875,94.7699966430664,66.88999938964844,2423.47998046875,2.946000099182129,2782.489990234375,12.119999885559082,110.24199676513672,1423.1199951171875,0.5,251.018,1076.8619873046875,1075.6260070800781,54.18642629983819
2018-06-15,1090.77001953125,94.79000091552734,65.05999755859375,2404.0400390625,2.9240000247955322,2779.659912109375,11.979999542236328,110.6449966430664,1422.0400390625,0.5,251.018,1080.75,1076.1190063476563,63.005172506523586
2018-06-18,1103.8199462890625,94.75,65.8499984741211,2376.239990234375,2.9260001182556152,2773.75,12.3100004196167,110.61699676513672,1407.9100341796875,0.5,251.018,1086.983984375,1077.2845031738282,69.54965196131866
2018-06-19,1104.1600341796875,95.08999633789062,65.06999969482422,2340.110107421875,2.8929998874664307,2762.590087890625,13.350000381469727,110.13800048828125,1391.5799560546875,0.5,251.018,1092.539990234375,1078.6670043945312,64.88155744329305
2018-06-20,1111.1199951171875,95.05999755859375,66.22000122070312,2363.909912109375,2.927999973297119,2767.320068359375,12.789999961853027,110.07099914550781,1398.5999755859375,0.5,251.018,1098.9139892578125,1080.513006591797,77.32849956647692
2018-06-21,1107.719970703125,94.87000274658203,65.54000091552734,2337.830078125,2.8970000743865967,2749.760009765625,14.640000343322754,110.35199737548828,1381.010009765625,0.5,251.018,1103.5179931640625,1082.1595031738282,71.52380664035151
2018-06-22,1109.6300048828125,94.5199966430664,68.58000183105469,2357.219970703125,2.9000000953674316,2754.8798828125,13.770000457763672,109.9520034790039,1371.0,0.5,251.018,1107.289990234375,1083.6795043945312,84.55038320101728
2018-06-25,1110.530029296875,94.27999877929688,68.08000183105469,2357.8798828125,2.875,2717.070068359375,17.329999923706055,109.93699645996094,1328.0400390625,0.5,251.018,1108.6320068359375,1085.523504638672,84.74631626273509
2018-06-26,1114.030029296875,94.68000030517578,70.52999877929688,2350.919921875,2.880000114440918,2723.06005859375,15.920000076293945,109.64299774169922,1333.4000244140625,0.5,251.018,1110.606005859375,1087.56650390625,85.95851781678635
2018-06-27,1117.5999755859375,95.29000091552734,72.76000213623047,2342.030029296875,2.8269999027252197,2699.6298828125,17.90999984741211,110.09700012207031,1300.510009765625,0.5,251.018,1111.902001953125,1089.25,94.26156217035864
2018-06-28,1122.780029296875,95.38999938964844,73.44999694824219,2314.239990234375,2.8469998836517334,2716.31005859375,16.850000381469727,110.21499633789062,1311.6400146484375,0.5,251.018,1114.914013671875,1091.6375,94.16306044825382
2018-06-29,1120.5400390625,94.62999725341797,74.1500015258789,2326.1298828125,2.8489999771118164,2718.3701171875,16.09000015258789,110.48600006103516,1313.699951171875,0.5,251.018,1117.0960205078125,1093.6670043945312,90.46812496260736
2018-07-02,1114.510009765625,94.87000274658203,73.94000244140625,2271.5400390625,2.865999937057495,2726.7099609375,15.600000381469727,110.70999908447266,1321.81005859375,0.5,251.214,1117.8920166015625,1095.8745056152343,81.01508649364628
2018-07-03,1118.1700439453125,94.58999633789062,74.13999938964844,2272.760009765625,2.8380000591278076,2713.219970703125,16.139999389648438,110.87100219726562,1297.7099609375,0.5,251.214,1118.72001953125,1098.2565063476563,81.25599223582695
2018-07-04,1113.3399658203125,94.58999633789062,74.13999938964844,2265.4599609375,2.8380000591278076,2713.219970703125,16.139999389648438,110.40799713134766,1297.7099609375,0.5,251.214,1117.868017578125,1100.409002685547,73.23158209510909
2018-07-05,1114.31005859375,94.47000122070312,72.94000244140625,2257.550048828125,2.8399999141693115,2736.610107421875,14.970000267028809,110.50199890136719,1332.9599609375,0.5,251.214,1116.1740234375,1102.8670043945312,70.81705089619973
2018-07-06,1117.760009765625,94.04000091552734,73.80000305175781,2272.8701171875,2.8310000896453857,2759.820068359375,13.369999885559082,110.5790023803711,1349.18994140625,0.5,251.214,1115.618017578125,1105.1885070800781,64.84871338109664
2018-07-09,1113.6500244140625,94.08000183105469,73.8499984741211,2285.800048828125,2.859999895095825,2784.169921875,12.6899995803833,110.4219970703125,1358.030029296875,0.5,251.214,1115.4460205078126,1107.238507080078,59.35708130124357
2018-07-10,1112.47998046875,94.11000061035156,74.11000061035156,2294.159912109375,2.872999906539917,2793.840087890625,12.640000343322754,110.9530029296875,1372.25,0.5,251.214,1114.3080078125,1109.043505859375,51.51377630188023
2018-07-11,1112.56005859375,94.72000122070312,70.37999725341797,2280.6201171875,2.8420000076293945,2774.02001953125,13.630000114440918,110.83100128173828,1336.7099609375,0.5,251.214,1114.1520263671875,1110.7090087890624,55.817365533026205
2018-07-12,1127.1700439453125,94.80999755859375,70.33000183105469,2285.06005859375,2.8529999256134033,2798.2900390625,12.579999923706055,111.95800018310547,1346.199951171875,0.5,251.214,1116.7240234375,1112.8325134277343,66.15096172003561
2018-07-13,1122.6500244140625,94.75,71.01000213623047,2310.89990234375,2.8310000896453857,2801.31005859375,12.180000305175781,112.66500091552734,1340.8299560546875,0.5,251.214,1117.7020263671875,1114.426513671875,60.46265092743049
2018-07-16,1129.8499755859375,94.51000213623047,68.05999755859375,2301.989990234375,2.8580000400543213,2798.429931640625,12.829999923706055,112.39900207519531,1339.239990234375,0.5,251.214,1120.9420166015625,1115.7280151367188,62.83664789329488
2018-07-17,1126.9000244140625,94.97000122070312,68.08000183105469,2297.919921875,2.864000082015991,2809.550048828125,12.0600004196167,112.3740005493164,1358.989990234375,0.5,251.214,1123.826025390625,1116.8650146484374,57.62296033331065
2018-07-18,1125.550048828125,95.08000183105469,68.76000213623047,2290.110107421875,2.875,2815.6201171875,12.100000381469727,113.01200103759766,1369.4599609375,0.5,251.214,1126.4240234375,1117.5865173339844,52.42260931207803
2018-07-19,1131.0899658203125,95.16999816894531,69.45999908447266,2282.2900390625,2.8469998836517334,2804.489990234375,12.869999885559082,112.79100036621094,1365.8199462890625,0.5,251.214,1127.2080078125,1118.7550170898437,58.723259940529424
2018-07-20,1134.47998046875,94.45999908447266,70.45999908447266,2289.18994140625,2.8949999809265137,2801.830078125,12.859999656677246,112.36299896240234,1359.18994140625,0.5,251.214,1129.5739990234374,1119.9975158691407,67.26607619304941
2018-07-23,1127.1600341796875,94.66999816894531,67.88999938964844,2269.31005859375,2.9649999141693115,2806.97998046875,12.619999885559082,111.0530014038086,1361.3800048828125,0.5,251.214,1129.0360107421875,1120.8290161132813,57.31012494888094
2018-07-24,1132.449951171875,94.61000061035156,68.5199966430664,2280.199951171875,2.9489998817443848,2820.39990234375,12.40999984741211,111.45999908447266,1346.5799560546875,0.5,251.214,1130.14599609375,1121.7500122070312,65.42375953954044
2018-07-25,1127.97998046875,94.36000061035156,69.30000305175781,2273.030029296875,2.936000108718872,2846.070068359375,12.289999961853027,111.24099731445312,1353.1500244140625,0.5,251.214,1130.631982421875,1122.2690124511719,60.44307338799323
2018-07-26,1115.75,94.75,69.61000061035156,2289.06005859375,2.9749999046325684,2837.43994140625,12.140000343322754,110.84500122070312,1378.4200439453125,0.5,251.214,1127.5639892578124,1121.9175109863281,48.646088572415266
2018-07-27,1123.1500244140625,94.68000030517578,68.69000244140625,2294.989990234375,2.9600000381469727,2818.820068359375,13.029999732971191,111.14600372314453,1372.239990234375,0.5,251.214,1125.297998046875,1122.0480102539063,56.127468734351424
2018-07-30,1114.5999755859375,94.36000061035156,70.12999725341797,2293.510009765625,2.9749999046325684,2802.60009765625,14.260000228881836,110.93399810791016,1358.56005859375,0.5,251.214,1122.785986328125,1122.052508544922,51.24852803526676
2018-07-31,1116.6700439453125,94.48999786376953,68.76000213623047,2295.260009765625,2.9639999866485596,2816.2900390625,12.829999923706055,110.99400329589844,1367.469970703125,0.5,251.214,1119.6300048828125,1121.9775085449219,52.365057087584866
2018-08-01,1112.199951171875,94.62000274658203,67.66000366210938,2307.070068359375,3.003000020980835,2813.360107421875,13.149999618530273,111.80799865722656,1365.1099853515625,0.5,251.663,1116.4739990234375,1121.9205078125,40.247481053225926
2018-08-02,1118.5999755859375,95.16999816894531,68.95999908447266,2270.199951171875,2.9860000610351562,2827.219970703125,12.1899995803833,111.62000274658203,1378.8299560546875,0.5,251.663,1117.043994140625,1122.1350036621093,47.42461219369822
2018-08-03,1128.1500244140625,95.13999938964844,68.48999786376953,2287.679931640625,2.953000068664551,2840.35009765625,11.640000343322754,111.69000244140625,1381.6400146484375,0.5,251.663,1118.043994140625,1122.6545043945312,48.95038800822445
2018-08-06,1122.9000244140625,95.36000061035156,69.01000213623047,2286.5,2.937999963760376,2850.39990234375,11.270000457763672,111.23400115966797,1389.219970703125,0.5,251.663,1119.70400390625,1123.1170043945312,47.59846386116119
2018-08-07,1125.4000244140625,95.22000122070312,69.16999816894531,2300.159912109375,2.9730000495910645,2858.449951171875,10.930000305175781,111.33999633789062,1400.0,0.5,251.663,1121.45,1123.763006591797,49.91115461410451
2018-08-08,1116.25,95.0999984741211,66.94000244140625,2301.449951171875,2.9709999561309814,2857.699951171875,10.850000381469727,111.34500122070312,1403.77001953125,0.5,251.663,1122.260009765625,1123.9475036621093,41.57204755797428
2018-08-09,1115.949951171875,95.5,66.80999755859375,2303.7099609375,2.934999942779541,2853.580078125,11.270000457763672,110.89199829101562,1389.06005859375,0.5,251.663,1121.7300048828124,1123.3864990234374,39.09359229327846
2018-08-10,1121.8900146484375,96.36000061035156,67.62999725341797,2282.7900390625,2.8570001125335693,2833.280029296875,13.15999984741211,111.09100341796875,1354.800048828125,0.5,251.663,1120.4780029296876,1123.3484985351563,46.84695475366925
2018-08-13,1130.9000244140625,96.38999938964844,67.19999694824219,2248.449951171875,2.877000093460083,2821.929931640625,14.779999732971191,110.62899780273438,1356.75,0.5,251.663,1122.0780029296875,1123.4010009765625,49.11220096128701
2018-08-14,1135.969970703125,96.7300033569336,67.04000091552734,2258.909912109375,2.8949999809265137,2839.9599609375,13.3100004196167,110.66100311279297,1354.18994140625,0.5,251.663,1124.1919921875,1123.8544982910157,54.545429292859154
2018-08-15,1126.75,96.69999694824219,65.01000213623047,2258.909912109375,2.8519999980926514,2818.3701171875,14.640000343322754,111.24600219726562,1334.8599853515625,0.5,251.663,1126.2919921875,1123.9144958496095,56.47970776886127
2018-08-16,1136.3800048828125,96.6500015258789,65.45999908447266,2240.800048828125,2.871000051498413,2840.68994140625,13.449999809265137,110.57599639892578,1333.0899658203125,0.5,251.663,1130.3780029296875,1124.1789978027343,57.59380500218607
2018-08-17,1126.239990234375,96.0999984741211,65.91000366210938,2247.050048828125,2.872999906539917,2850.1298828125,12.640000343322754,111.00399780273438,1323.4100341796875,0.5,251.663,1131.247998046875,1123.7669982910156,56.561427845969014
2018-08-20,1118.5,95.9000015258789,66.43000030517578,2247.8798828125,2.822999954223633,2857.050048828125,12.489999771118164,110.4749984741211,1322.0999755859375,0.5,251.663,1128.7679931640625,1123.3339965820312,50.9695620510658
2018-08-21,1116.8800048828125,95.26000213623047,67.3499984741211,2270.06005859375,2.8440001010894775,2862.9599609375,12.859999656677246,109.947998046875,1348.280029296875,0.5,251.663,1124.95,1122.5554992675782,52.55684356964412
2018-08-22,1116.0999755859375,95.1500015258789,67.86000061035156,2273.330078125,2.822999954223633,2861.820068359375,12.25,110.13400268554688,1354.530029296875,0.5,251.663,1122.8199951171875,1121.9614990234375,48.544822039124966
2018-08-23,1117.5,95.62000274658203,67.83000183105469,2282.60009765625,2.821000099182129,2856.97998046875,12.40999984741211,110.58799743652344,1356.1300048828125,0.5,251.663,1119.043994140625,1122.0489990234375,43.15112045455616
2018-08-24,1126.1500244140625,95.1500015258789,68.72000122070312,2293.2099609375,2.8259999752044678,2874.68994140625,11.989999771118164,111.36699676513672,1375.8800048828125,0.5,251.663,1119.0260009765625,1122.1989990234374,52.0024609571258
2018-08-27,1111.1700439453125,94.77999877929688,68.87000274658203,2299.300048828125,2.8480000495910645,2896.739990234375,12.15999984741211,111.28199768066406,1397.4599609375,0.5,251.663,1117.560009765625,1122.0275024414063,42.40096060327137
2018-08-28,1108.22998046875,94.72000122070312,68.52999877929688,2303.1201171875,2.884000062942505,2897.52001953125,12.5,111.13700103759766,1402.949951171875,0.5,251.663,1115.8300048828125,1121.6054992675781,45.4129465220779
2018-08-29,1106.8800048828125,94.5999984741211,69.51000213623047,2309.030029296875,2.884000062942505,2914.0400390625,12.25,111.16200256347656,1406.3800048828125,0.5,251.663,1113.9860107421875,1121.339501953125,44.87400430771014
2018-08-30,1108.449951171875,94.72000122070312,70.25,2307.35009765625,2.859999895095825,2901.1298828125,13.529999732971191,111.71199798583984,1393.1700439453125,0.5,251.663,1112.1760009765626,1120.8320007324219,42.00947242676142
2018-08-31,1115.449951171875,95.13999938964844,69.80000305175781,2322.8798828125,2.8529999256134033,2901.52001953125,12.859999656677246,110.9990005493164,1401.199951171875,0.5,251.663,1110.035986328125,1120.1969970703126,40.589548254894936
2018-09-03,1114.81005859375,95.13999938964844,69.80000305175781,2307.030029296875,2.8529999256134033,2901.52001953125,12.859999656677246,111.14399719238281,1401.199951171875,0.5,252.182,1110.7639892578125,1119.792498779297,36.37655417406749
2018-09-04,1113.5,95.41999816894531,69.87000274658203,2315.719970703125,2.9019999504089355,2896.719970703125,13.15999984741211,111.08799743652344,1410.9300537109375,0.5,252.182,1111.8179931640625,1119.1974975585938,40.50179211469534
2018-09-05,1121.300048828125,95.12999725341797,68.72000122070312,2291.77001953125,2.9019999504089355,2888.60009765625,13.90999984741211,111.46099853515625,1403.8199462890625,0.5,252.182,1114.702001953125,1119.45,38.89874389154585
2018-09-06,1118.0999755859375,95.0199966430664,67.7699966430664,2287.610107421875,2.878999948501587,2878.050048828125,14.649999618530273,111.4489974975586,1366.3499755859375,0.5,252.182,1116.6320068359375,1119.5575012207032,43.32567976314636
2018-09-07,1124.699951171875,95.37000274658203,67.75,2281.580078125,2.941999912261963,2871.679931640625,14.880000114440918,110.49500274658203,1360.77001953125,0.5,252.182,1118.4820068359375,1119.697998046875,55.18043287570633
2018-09-10,1126.8499755859375,95.1500015258789,67.54000091552734,2288.659912109375,2.937000036239624,2877.1298828125,14.15999984741211,110.91999816894531,1375.739990234375,0.5,252.182,1120.889990234375,1119.4954956054687,58.25737232889565
2018-09-11,1136.77001953125,95.05999755859375,69.25,2283.199951171875,2.9769999980926514,2887.889892578125,13.220000267028809,111.14800262451172,1361.8900146484375,0.5,252.182,1125.543994140625,1119.535498046875,64.86836767487316
2018-09-12,1125.300048828125,94.80000305175781,70.37000274658203,2282.919921875,2.9630000591278076,2888.919921875,13.140000343322754,111.60700225830078,1346.02001953125,0.5,252.182,1126.343994140625,1119.4630004882813,54.900754693827466
2018-09-13,1125.75,94.54000091552734,68.58999633789062,2286.22998046875,2.9630000591278076,2904.179931640625,12.369999885559082,111.22000122070312,1362.199951171875,0.5,252.182,1127.8739990234376,1118.9315002441406,49.719792388135005
2018-09-14,1120.550048828125,94.9800033569336,68.98999786376953,2318.25,2.99399995803833,2904.97998046875,12.069999694824219,112.01200103759766,1377.31005859375,0.5,252.182,1127.0440185546875,1118.6470031738281,57.613643344490086
2018-09-17,1120.9000244140625,94.51000213623047,68.91000366210938,2303.010009765625,3.000999927520752,2888.800048828125,13.680000305175781,111.9530029296875,1357.47998046875,0.5,252.182,1125.8540283203124,1118.7670043945313,60.73552623141067
2018-09-18,1125.6199951171875,94.62000274658203,69.8499984741211,2308.97998046875,3.0480000972747803,2904.31005859375,12.789999961853027,111.69000244140625,1368.8699951171875,0.5,252.182,1123.6240234375,1119.20400390625,65.02086040358815
2018-09-19,1120.800048828125,94.55000305175781,71.12000274658203,2308.4599609375,3.0829999446868896,2907.949951171875,11.75,112.2770004272461,1371.6800537109375,0.5,252.182,1122.7240234375,1119.4390075683593,59.40889814745927
2018-09-20,1122.25,93.91000366210938,70.80000305175781,2323.449951171875,3.078000068664551,2930.75,11.800000190734863,112.31700134277344,1387.6700439453125,0.5,252.182,1122.0240234375,1119.6765075683593,55.659177445375015
2018-09-21,1116.4000244140625,94.22000122070312,70.77999877929688,2339.169921875,3.068000078201294,2929.669921875,11.680000305175781,112.49500274658203,1383.0899658203125,0.5,252.182,1121.1940185546875,1119.1890075683593,51.21761972871152
2018-09-24,1114.0999755859375,94.26000213623047,72.08000183105469,2339.169921875,3.078000068664551,2919.3701171875,12.199999809265137,112.52400207519531,1388.4599609375,0.5,252.182,1119.8340087890624,1119.3355041503905,50.45260744246867
2018-09-25,1117.8499755859375,94.12999725341797,72.27999877929688,2339.169921875,3.1019999980926514,2915.56005859375,12.420000076293945,112.78600311279297,1364.8199462890625,0.5,252.182,1118.2800048828126,1119.81650390625,47.227959912669405
2018-09-26,1115.8299560546875,94.19000244140625,71.56999969482422,2339.169921875,3.061000108718872,2905.969970703125,12.890000343322754,112.96900177001953,1351.8499755859375,0.5,252.182,1117.285986328125,1120.2640014648437,48.14084619691274
2018-09-27,1114.1700439453125,95.0,72.12000274658203,2355.429931640625,3.055999994277954,2914.0,12.40999984741211,112.7040023803711,1357.8699951171875,0.5,252.182,1115.6699951171875,1120.5500061035157,40.61668526773575
2018-09-28,1112.31005859375,95.19000244140625,73.25,2343.070068359375,3.055999994277954,2913.97998046875,12.119999885559082,113.35700225830078,1366.739990234375,0.5,252.182,1114.852001953125,1120.3930114746095,36.97599912525285
2018-10-01,1109.010009765625,95.30000305175781,75.30000305175781,2338.8798828125,3.0799999237060547,2924.590087890625,12.0,113.7959976196289,1370.43994140625,0.5,252.772,1113.8340087890624,1120.103009033203,21.788439971814498
2018-10-02,1112.25,95.51000213623047,75.2300033569336,2309.570068359375,3.055999994277954,2923.429931640625,12.050000190734863,113.94599914550781,1370.8699951171875,0.5,252.772,1112.714013671875,1120.040509033203,34.0735465878483
2018-10-03,1117.5,95.76000213623047,76.41000366210938,2309.570068359375,3.1610000133514404,2925.510009765625,11.609999656677246,113.5770034790039,1372.4000244140625,0.5,252.772,1113.0480224609375,1119.8505065917968,40.98750220031685
2018-10-04,1125.4200439453125,95.75,74.33000183105469,2274.489990234375,3.197000026702881,2901.610107421875,14.220000267028809,114.48600006103516,1347.1600341796875,0.5,252.772,1115.2980224609375,1120.2165100097657,55.02166256743592
2018-10-05,1132.9000244140625,95.62000274658203,74.33999633789062,2267.52001953125,3.2249999046325684,2885.570068359375,14.819999694824219,113.89399719238281,1315.8399658203125,0.5,252.772,1119.416015625,1120.626513671875,60.787511138228155
2018-10-08,1131.0999755859375,95.7699966430664,74.29000091552734,2253.830078125,3.2330000400543213,2884.429931640625,15.6899995803833,113.71499633789062,1301.0,0.5,252.772,1123.8340087890624,1120.839013671875,55.199227273359
2018-10-09,1133.199951171875,95.68000030517578,74.95999908447266,2253.830078125,3.2079999446868896,2880.340087890625,15.949999809265137,113.09700012207031,1300.1500244140625,0.5,252.772,1128.0239990234375,1120.6605102539063,62.40486913705683
2018-10-10,1132.4000244140625,95.51000213623047,73.16999816894531,2228.610107421875,3.2249999046325684,2785.679931640625,22.959999084472656,112.99800109863281,1242.0999755859375,0.5,252.772,1131.00400390625,1121.0155090332032,60.287891198210396
2018-10-11,1142.8499755859375,95.0199966430664,70.97000122070312,2129.669921875,3.132999897003174,2728.3701171875,24.979999542236328,112.09200286865234,1229.3599853515625,0.5,252.772,1134.489990234375,1121.8705078125,74.52251501831171
2018-10-12,1134.300048828125,95.22000122070312,71.33999633789062,2161.85009765625,3.1410000324249268,2767.1298828125,21.309999465942383,112.08000183105469,1253.5799560546875,0.5,252.772,1134.7699951171876,1122.5580078125,66.78309834013871
2018-10-15,1131.18994140625,95.06999969482422,71.77999877929688,2145.1201171875,3.1630001068115234,2750.7900390625,21.299999237060547,112.19200134277344,1241.8199462890625,0.5,252.772,1134.78798828125,1123.0725036621093,61.20253982052318
2018-10-16,1135.1700439453125,95.05000305175781,71.91999816894531,2145.1201171875,3.1559998989105225,2809.919921875,17.6200008392334,111.84100341796875,1282.949951171875,0.5,252.772,1135.1820068359375,1123.5500061035157,65.72364869156505
2018-10-17,1122.1500244140625,95.58000183105469,69.75,2167.510009765625,3.178999900817871,2809.2099609375,17.399999618530273,112.34200286865234,1277.31005859375,0.5,252.772,1133.1320068359375,1123.6175048828125,55.47623435588989
2018-10-18,1127.0999755859375,95.9000015258789,68.6500015258789,2148.31005859375,3.174999952316284,2768.780029296875,20.059999465942383,112.62799835205078,1245.300048828125,0.5,252.772,1129.9820068359375,1123.8600036621094,59.736604825268444
2018-10-19,1136.5999755859375,95.70999908447266,69.12000274658203,2156.260009765625,3.197999954223633,2767.780029296875,19.889999389648438,112.18499755859375,1225.93994140625,0.5,252.772,1130.4419921875,1124.8700012207032,66.79242703644871
2018-10-22,1131.5999755859375,96.01000213623047,69.16999816894531,2161.7099609375,3.196000099182129,2755.8798828125,19.639999389648438,112.4800033569336,1234.199951171875,0.5,252.772,1130.5239990234375,1125.7450012207032,61.53019169584705
2018-10-23,1131.25,95.95999908447266,66.43000030517578,2106.10009765625,3.1659998893737793,2740.68994140625,20.709999084472656,112.75700378417969,1227.6099853515625,0.5,252.772,1129.739990234375,1126.4150024414062,58.7014291232136
2018-10-24,1136.6400146484375,96.43000030517578,66.81999969482422,2097.580078125,3.124000072479248,2656.10009765625,25.229999542236328,112.44400024414062,1146.4100341796875,0.5,252.772,1132.63798828125,1127.4555053710938,57.33523376598502
2018-10-25,1137.56005859375,96.68000030517578,67.33000183105469,2063.300048828125,3.135999917984009,2705.570068359375,24.219999313354492,112.01200103759766,1173.2099609375,0.5,252.772,1134.7300048828124,1128.6250061035157,53.33240221025341
2018-10-26,1135.22998046875,96.36000061035156,67.58999633789062,2027.1500244140625,3.0769999027252197,2658.68994140625,24.15999984741211,112.3499984741211,1153.0,0.5,252.772,1134.456005859375,1129.7710021972657,52.93115726694471
2018-10-29,1139.5,96.58000183105469,67.04000091552734,1996.050048828125,3.0869998931884766,2641.25,24.700000762939453,111.90799713134766,1140.1500244140625,0.5,252.772,1136.0360107421875,1131.2955017089844,54.33767465002757
2018-10-30,1142.0799560546875,97.01000213623047,66.18000030517578,2014.68994140625,3.109999895095825,2682.6298828125,23.350000381469727,112.3239974975586,1187.5699462890625,0.5,252.772,1138.202001953125,1132.7869995117187,56.50531759548209
2018-10-31,1137.699951171875,97.12999725341797,65.30999755859375,2029.68994140625,3.1589999198913574,2711.739990234375,21.229999542236328,113.052001953125,1202.300048828125,0.5,252.772,1138.4139892578125,1133.7969970703125,46.23151666514816
2018-11-01,1140.969970703125,96.27999877929688,63.689998626708984,2024.4599609375,3.1440000534057617,2740.3701171875,19.34000015258789,112.85099792480469,1258.0799560546875,0.5,252.594,1139.0959716796874,1134.5744934082031,55.28936628280685
2018-11-02,1129.050048828125,96.54000091552734,63.13999938964844,2096.0,3.2139999866485596,2723.06005859375,19.510000228881836,112.71499633789062,1239.1600341796875,0.5,252.594,1137.8599853515625,1134.3819946289063,48.51107056829031
2018-11-05,1116.0999755859375,96.3499984741211,63.099998474121094,2076.919921875,3.2009999752044678,2738.31005859375,19.959999084472656,113.13899993896484,1228.5999755859375,0.5,252.594,1133.17998046875,1133.6319946289063,38.20360637912287
2018-11-06,1121.56005859375,96.31999969482422,62.209999084472656,2089.6201171875,3.2139999866485596,2755.449951171875,19.90999984741211,113.24600219726562,1242.6300048828125,0.5,252.594,1129.0760009765625,1133.05,49.59740365760402
2018-11-07,1119.949951171875,96.0,61.66999816894531,2078.68994140625,3.2130000591278076,2813.889892578125,16.360000610351562,113.36299896240234,1257.469970703125,0.5,252.594,1125.5260009765625,1132.4274963378907,44.8877492061885
2018-11-08,1115.3699951171875,96.63999938964844,60.66999816894531,2092.6298828125,3.2339999675750732,2806.830078125,16.719999313354492,113.5469970703125,1252.22998046875,0.5,252.594,1120.406005859375,1131.0534973144531,33.671821602661836
2018-11-09,1119.5699462890625,96.91000366210938,60.189998626708984,2086.090087890625,3.188999891281128,2781.010009765625,17.360000610351562,113.9530029296875,1229.050048828125,0.5,252.594,1118.5099853515626,1130.3169921875,40.63230737058231
2018-11-12,1130.949951171875,97.54000091552734,59.93000030517578,2080.43994140625,3.186000108718872,2726.219970703125,20.450000762939453,113.84600067138672,1174.489990234375,0.5,252.594,1121.47998046875,1130.3049926757812,49.80060613140202
2018-11-13,1137.4599609375,97.30000305175781,55.689998626708984,2071.22998046875,3.1449999809265137,2722.179931640625,20.020000457763672,113.69599914550781,1190.3699951171875,0.5,252.594,1124.6599609375,1130.4194885253905,50.53689354688646
2018-11-14,1131.1300048828125,96.80000305175781,56.25,2068.050048828125,3.119999885559082,2701.580078125,21.25,113.78900146484375,1194.7099609375,0.5,252.594,1126.8959716796876,1130.8684875488282,46.06821415189121
2018-11-15,1131.199951171875,96.93000030517578,56.459999084472656,2088.06005859375,3.118000030517578,2730.199951171875,19.979999542236328,113.56400299072266,1234.6199951171875,0.5,252.594,1130.061962890625,1131.073486328125,47.46570946931431
2018-11-16,1127.0,96.47000122070312,56.459999084472656,2092.39990234375,3.0739998817443848,2736.27001953125,18.139999389648438,113.55500030517578,1220.1400146484375,0.5,252.594,1131.5479736328125,1130.593487548828,42.13242118591457
2018-11-19,1120.4000244140625,96.19000244140625,56.7599983215332,2100.56005859375,3.056999921798706,2690.72998046875,20.100000381469727,112.7300033569336,1173.010009765625,0.5,252.594,1129.43798828125,1130.0334899902343,37.01177702631548
2018-11-20,1126.18994140625,96.80999755859375,53.43000030517578,2082.580078125,3.0480000972747803,2641.889892578125,22.479999542236328,112.44300079345703,1174.8199462890625,0.5,252.594,1127.183984375,1129.7804870605469,43.21902498942832
2018-11-21,1128.4000244140625,96.70999908447266,54.630001068115234,2076.550048828125,3.061000108718872,2649.929931640625,20.799999237060547,112.7030029296875,1179.72998046875,0.5,252.594,1126.63798828125,1129.3684875488282,42.50092124485304
2018-11-22,1137.31005859375,96.70999908447266,54.630001068115234,2069.949951171875,3.061000108718872,2649.929931640625,20.799999237060547,113.02100372314453,1179.72998046875,0.5,252.594,1127.860009765625,1129.3559875488281,55.11138909284288
2018-11-23,1135.5,96.91999816894531,50.41999816894531,2057.47998046875,3.053999900817871,2632.56005859375,21.520000457763672,112.97799682617188,1179.239990234375,0.5,252.594,1129.560009765625,1129.3694885253906,63.924788182001386
2018-11-26,1133.5,97.06999969482422,51.630001068115234,2083.02001953125,3.072000026702881,2673.449951171875,18.899999618530273,112.91899871826172,1201.719970703125,0.5,252.594,1132.1800048828125,1129.0694885253906,59.01808928472645
2018-11-27,1129.030029296875,97.37000274658203,51.560001373291016,2099.419921875,3.055000066757202,2682.169921875,19.020000457763672,113.50399780273438,1204.0799560546875,0.5,252.594,1132.7480224609376,1128.4169921875,56.57406785473135
2018-11-28,1130.3699951171875,96.79000091552734,50.290000915527344,2108.219970703125,3.0439999103546143,2743.7900390625,18.489999771118164,113.76699829101562,1231.449951171875,0.5,252.594,1133.1420166015625,1128.0504943847657,61.39474328444573
2018-11-29,1121.1199951171875,96.77999877929688,51.45000076293945,2114.10009765625,3.0350000858306885,2737.800048828125,18.790000915527344,113.55500030517578,1221.4300537109375,0.5,252.594,1129.90400390625,1127.0579956054687,51.09358798138369
2018-11-30,1117.02001953125,97.2699966430664,50.93000030517578,2096.860107421875,3.013000011444092,2760.169921875,18.06999969482422,113.41100311279297,1239.5999755859375,0.5,252.594,1126.2080078125,1126.456494140625,39.04704680877204
2018-12-03,1117.1500244140625,97.04000091552734,52.95000076293945,2131.929931640625,2.992000102996826,2790.3701171875,16.440000534057617,113.76300048828125,1272.739990234375,0.5,252.767,1122.9380126953124,1126.5089965820312,32.24961219469
2018-12-04,1108.300048828125,96.97000122070312,53.25,2114.35009765625,2.9240000247955322,2700.06005859375,20.739999771118164,113.58699798583984,1209.3499755859375,0.5,252.767,1118.7920166015624,1125.84599609375,30.88899198253857
2018-12-05,1110.6300048828125,96.97000122070312,53.25,2101.31005859375,2.9240000247955322,2700.06005859375,20.739999771118164,112.6989974975586,1209.3499755859375,0.5,252.767,1114.8440185546874,1125.3799987792968,33.40862232952162
2018-12-06,1111.6600341796875,96.80999755859375,51.4900016784668,2068.68994140625,2.875999927520752,2695.949951171875,21.190000534057617,113.0510025024414,1202.8299560546875,0.5,252.767,1112.9520263671875,1125.1945007324218,36.96023476039373
2018-12-07,1119.5999755859375,96.51000213623047,52.61000061035156,2075.760009765625,2.8499999046325684,2633.080078125,23.229999542236328,112.68900299072266,1157.8599853515625,0.5,252.767,1113.468017578125,1125.1960021972657,49.335064829657284
2018-12-10,1122.699951171875,97.22000122070312,51.0,2053.7900390625,2.8559999465942383,2637.719970703125,22.639999389648438,112.50199890136719,1174.18994140625,0.5,252.767,1114.5780029296875,1124.7835021972655,46.963640148345135
2018-12-11,1131.5,97.38999938964844,51.650001525878906,2052.969970703125,2.878999948501587,2636.780029296875,21.760000228881836,113.18099975585938,1181.47998046875,0.5,252.767,1119.2179931640626,1124.4855041503906,52.41958996072632
2018-12-12,1127.6199951171875,97.04000091552734,51.150001525878906,2082.570068359375,2.9059998989105225,2651.070068359375,21.459999084472656,113.38400268554688,1198.9000244140625,0.5,252.767,1122.6159912109374,1124.3100036621095,41.79224232949316
2018-12-13,1123.8499755859375,97.05999755859375,52.58000183105469,2095.550048828125,2.9110000133514404,2650.5400390625,20.649999618530273,113.28500366210938,1194.5899658203125,0.5,252.767,1125.0539794921874,1123.9425048828125,40.449213316280684
2018-12-14,1127.02001953125,97.44000244140625,51.20000076293945,2069.3798828125,2.8910000324249268,2599.949951171875,21.6299991607666,113.55999755859375,1177.5699462890625,0.5,252.767,1126.53798828125,1123.943505859375,44.787653128154375
2018-12-17,1131.6500244140625,97.0999984741211,49.880001068115234,2071.090087890625,2.8570001125335693,2545.93994140625,24.520000457763672,113.38999938964844,1162.4599609375,0.5,252.767,1128.3280029296875,1124.506005859375,52.102051809411876
2018-12-18,1128.1500244140625,97.13999938964844,46.2400016784668,2062.110107421875,2.825000047683716,2546.159912109375,25.579999923706055,112.8290023803711,1177.3599853515625,0.5,252.767,1127.6580078125,1124.6040100097657,48.27855817651736
2018-12-19,1125.0699462890625,97.04000091552734,47.20000076293945,2078.840087890625,2.7780001163482666,2506.9599609375,25.579999923706055,112.52400207519531,1127.43994140625,0.5,252.767,1127.147998046875,1124.4375061035157,53.387023840427396
2018-12-20,1128.1300048828125,96.27999877929688,45.880001068115234,2060.1201171875,2.7890000343322754,2467.419921875,28.3799991607666,112.41000366210938,1117.739990234375,0.5,252.767,1128.00400390625,1123.9785034179688,59.69963146665189
2018-12-21,1120.030029296875,96.95999908447266,45.59000015258789,2061.489990234375,2.7920000553131104,2416.6201171875,30.110000610351562,111.1709976196289,1101.2900390625,0.5,252.767,1126.606005859375,1123.2050048828125,52.207234767900275
2018-12-24,1127.5,96.55000305175781,42.529998779296875,2055.010009765625,2.749000072479248,2351.10009765625,36.06999969482422,111.05400085449219,1069.3900146484375,0.5,252.767,1125.7760009765625,1122.9050048828126,65.03282091669183
2018-12-25,1123.22998046875,96.55000305175781,42.529998779296875,2055.010009765625,2.749000072479248,2351.10009765625,36.06999969482422,110.31099700927734,1069.3900146484375,0.5,252.767,1124.7919921875,1122.6150024414062,59.57442466630182
2018-12-26,1122.6300048828125,97.05000305175781,46.220001220703125,2028.010009765625,2.796999931335449,2467.699951171875,30.40999984741211,110.4020004272461,1131.0999755859375,0.5,252.767,1124.30400390625,1122.2280029296876,58.39066164717131
2018-12-27,1123.52001953125,96.4800033569336,44.61000061035156,2028.43994140625,2.743000030517578,2488.830078125,29.959999084472656,111.20600128173828,1139.489990234375,0.5,252.767,1123.3820068359375,1122.3480041503906,53.36079487775217
2018-12-28,1119.5999755859375,96.38999938964844,45.33000183105469,2041.0400390625,2.7360000610351562,2485.739990234375,28.34000015258789,110.8550033569336,1147.3699951171875,0.5,252.767,1123.29599609375,1122.477001953125,47.37913254911998
2018-12-31,1116.300048828125,96.16999816894531,45.40999984741211,2041.0400390625,2.686000108718872,2506.85009765625,25.420000076293945,110.33000183105469,1155.1700439453125,0.5,252.767,1121.056005859375,1122.434503173828,35.831550680442405
2019-01-01,1112.5,96.16999816894531,45.40999984741211,2041.0400390625,2.686000108718872,2506.85009765625,25.420000076293945,109.62999725341797,1155.1700439453125,0.5,252.561,1118.910009765625,1122.6445007324219,35.88504096726038
2019-01-02,1113.800048828125,96.81999969482422,46.540000915527344,2010.0,2.6610000133514404,2510.030029296875,23.219999313354492,109.66799926757812,1165.300048828125,0.5,252.561,1117.1440185546876,1122.8030029296874,40.1645278366477
2019-01-03,1122.1800537109375,96.30999755859375,47.09000015258789,1993.699951171875,2.553999900817871,2447.889892578125,25.450000762939453,107.44100189208984,1096.030029296875,0.5,252.561,1116.876025390625,1123.32900390625,45.70164198165265
2019-01-04,1124.1199951171875,96.19000244140625,47.959999084472656,2010.25,2.6589999198913574,2531.93994140625,21.3799991607666,107.80799865722656,1143.9599609375,0.5,252.561,1117.780029296875,1123.5550048828125,42.977043267588705
2019-01-07,1114.4000244140625,95.70999908447266,48.52000045776367,2037.0999755859375,2.681999921798706,2549.68994140625,21.399999618530273,108.52200317382812,1166.239990234375,0.5,252.561,1117.4000244140625,1123.1400085449218,38.509124147161565
2019-01-08,1116.4000244140625,95.9000015258789,49.779998779296875,2025.27001953125,2.7160000801086426,2574.409912109375,20.469999313354492,108.61599731445312,1160.550048828125,0.5,252.561,1118.180029296875,1122.385009765625,42.62134308510638
2019-01-09,1121.050048828125,95.22000122070312,52.36000061035156,2064.7099609375,2.7279999256134033,2584.9599609375,19.979999542236328,108.7760009765625,1189.8399658203125,0.5,252.561,1119.630029296875,1122.0565124511718,44.133278036839606
2019-01-10,1118.6700439453125,95.54000091552734,52.59000015258789,2063.280029296875,2.7309999465942383,2596.639892578125,19.5,108.18900299072266,1201.4000244140625,0.5,252.561,1118.92802734375,1121.7975158691406,48.75504808390715
2019-01-11,1116.550048828125,95.66999816894531,51.59000015258789,2075.570068359375,2.7009999752044678,2596.260009765625,18.190000534057617,108.2979965209961,1213.0400390625,0.5,252.561,1117.4140380859376,1121.2740173339844,38.887815271790295
2019-01-14,1118.5999755859375,95.58999633789062,50.5099983215332,2064.52001953125,2.7100000381469727,2582.610107421875,19.06999969482422,108.45800018310547,1194.280029296875,0.5,252.561,1118.2540283203125,1120.621514892578,45.079689595857126
2019-01-15,1122.0,95.97000122070312,52.11000061035156,2097.179931640625,2.7109999656677246,2610.300048828125,18.600000381469727,108.25,1197.030029296875,0.5,252.561,1119.3740234375,1120.314013671875,49.36809910596003
2019-01-16,1122.4000244140625,96.05999755859375,52.310001373291016,2106.10009765625,2.7309999465942383,2616.10009765625,19.040000915527344,108.64399719238281,1187.18994140625,0.5,252.561,1119.6440185546876,1120.180517578125,48.865482729370335
2019-01-17,1118.77001953125,96.06999969482422,52.06999969482422,2107.06005859375,2.749000072479248,2635.9599609375,18.059999465942383,109.03700256347656,1200.760009765625,0.5,252.561,1119.664013671875,1119.7125183105468,49.15431326356221
2019-01-18,1120.550048828125,96.33999633789062,53.79999923706055,2124.280029296875,2.7839999198913574,2670.7099609375,17.799999237060547,109.15299987792969,1228.3299560546875,0.5,252.561,1120.464013671875,1119.7385192871093,54.46897543193079
2019-01-21,1125.7900390625,96.33999633789062,53.79999923706055,2124.610107421875,2.7839999198913574,2670.7099609375,17.799999237060547,109.66100311279297,1228.3299560546875,0.5,252.561,1121.9020263671875,1119.6530212402345,63.564035223234974
2019-01-22,1132.3699951171875,96.30000305175781,52.56999969482422,2117.77001953125,2.7300000190734863,2632.89990234375,20.799999237060547,109.66999816894531,1193.3599853515625,0.5,252.561,1123.976025390625,1120.1100219726563,67.10888278573663
2019-01-23,1130.1500244140625,96.12000274658203,52.619998931884766,2127.780029296875,2.755000114440918,2638.699951171875,19.520000457763672,109.3550033569336,1185.949951171875,0.5,252.561,1125.526025390625,1120.4860229492188,58.28309431740909
2019-01-24,1125.3299560546875,96.5999984741211,53.130001068115234,2145.030029296875,2.7119998931884766,2642.330078125,18.889999389648438,109.49199676513672,1253.9100341796875,0.5,252.561,1126.8380126953125,1120.5765197753906,51.18646908142012
2019-01-25,1126.75,95.79000091552734,53.689998626708984,2177.72998046875,2.753000020980835,2664.760009765625,17.420000076293945,109.59700012207031,1281.1600341796875,0.5,252.561,1128.0780029296875,1120.9340209960938,64.4646957396981
2019-01-28,1118.010009765625,95.75,51.9900016784668,2177.300048828125,2.74399995803833,2643.85009765625,18.8700008392334,109.4000015258789,1254.4000244140625,0.5,252.561,1126.5219970703124,1121.0195190429688,51.628549061445035
2019-01-29,1119.699951171875,95.81999969482422,53.310001373291016,2183.360107421875,2.7119998931884766,2640.0,19.1299991607666,109.25399780273438,1236.25,0.5,252.561,1123.98798828125,1121.3795166015625,48.54734397738795
2019-01-30,1117.8699951171875,95.33999633789062,54.22999954223633,2206.199951171875,2.694999933242798,2681.050048828125,17.65999984741211,109.41699981689453,1271.760009765625,0.5,252.561,1121.531982421875,1121.5830139160157,49.12886521202841
2019-01-31,1109.0,95.58000183105469,53.790000915527344,2204.85009765625,2.634999990463257,2704.10009765625,16.56999969482422,108.98100280761719,1272.0899658203125,0.5,252.561,1118.2659912109375,1120.9240112304688,42.83267512144472
2019-02-01,1111.550048828125,95.58000183105469,55.2599983215332,2203.4599609375,2.690999984741211,2706.530029296875,16.139999389648438,108.84400177001953,1287.4000244140625,0.5,253.319,1115.2260009765625,1120.2955139160156,43.37039596481843
2019-02-04,1118.300048828125,95.8499984741211,54.560001373291016,2203.4599609375,2.7239999771118164,2724.8701171875,15.729999542236328,109.43800354003906,1293.8800048828125,0.5,253.319,1115.2840087890625,1120.4905151367188,46.72686669028016
2019-02-05,1121.0999755859375,96.0999984741211,53.65999984741211,2203.4599609375,2.7019999027252197,2737.699951171875,15.569999694824219,109.96099853515625,1300.1300048828125,0.5,253.319,1115.564013671875,1120.7255126953125,48.896766334073654
2019-02-06,1118.699951171875,96.41999816894531,54.0099983215332,2203.4599609375,2.7019999027252197,2731.610107421875,15.380000114440918,109.94100189208984,1333.760009765625,0.5,253.319,1115.7300048828124,1120.6080078125,49.93927159772829
2019-02-07,1121.6300048828125,96.51000213623047,52.63999938964844,2203.419921875,2.6519999504089355,2706.050048828125,16.3700008392334,109.9739990234375,1303.9200439453125,0.5,253.319,1118.256005859375,1120.756005859375,50.91770622197972
2019-02-08,1123.75,96.63999938964844,52.720001220703125,2177.050048828125,2.631999969482422,2707.8798828125,15.720000267028809,109.75599670410156,1302.4200439453125,0.5,253.319,1120.69599609375,1121.1160034179688,48.169382506167054
2019-02-11,1122.8800048828125,97.05999755859375,52.40999984741211,2180.72998046875,2.6610000133514404,2709.800048828125,15.970000267028809,109.80999755859375,1308.8800048828125,0.5,253.319,1121.6119873046875,1121.3300048828125,40.511909236920346
2019-02-12,1125.02001953125,96.70999908447266,53.099998474121094,2190.469970703125,2.684000015258789,2744.72998046875,15.430000305175781,110.4000015258789,1336.719970703125,0.5,253.319,1122.39599609375,1121.481005859375,44.86280856764957
2019-02-13,1120.300048828125,97.12999725341797,53.900001525878906,2201.47998046875,2.7079999446868896,2753.030029296875,15.649999618530273,110.51499938964844,1340.7099609375,0.5,253.319,1122.716015625,1121.3760070800781,44.95292829373333
2019-02-14,1123.719970703125,96.9800033569336,54.40999984741211,2225.85009765625,2.6570000648498535,2745.72998046875,16.219999313354492,110.9229965209961,1344.1099853515625,0.5,253.319,1123.1340087890626,1121.6235046386719,47.07694481735321
2019-02-15,1128.300048828125,96.91999816894531,55.59000015258789,2196.090087890625,2.6659998893737793,2775.60009765625,14.90999984741211,110.53800201416016,1351.1800537109375,0.5,253.319,1124.0440185546875,1122.011004638672,60.79301020199123
2019-02-18,1125.31005859375,96.91999816894531,55.59000015258789,2210.889892578125,2.6659998893737793,2775.60009765625,14.90999984741211,110.56400299072266,1351.1800537109375,0.5,253.319,1124.530029296875,1121.9870056152345,55.72810984091215
2019-02-19,1124.280029296875,96.5199966430664,56.09000015258789,2205.6298828125,2.6470000743865967,2779.760009765625,14.880000114440918,110.59100341796875,1348.489990234375,0.5,253.319,1124.38203125,1121.5825073242188,56.653548195809016
2019-02-20,1121.4200439453125,96.44999694824219,56.91999816894531,2229.760009765625,2.6540000438690186,2784.699951171875,14.020000457763672,110.5719985961914,1360.280029296875,0.5,253.319,1124.6060302734375,1121.1460083007812,64.72964169381108
2019-02-21,1121.719970703125,96.61000061035156,56.959999084472656,2228.659912109375,2.687999963760376,2774.8798828125,14.460000038146973,110.76499938964844,1350.25,0.5,253.319,1124.2060302734376,1120.965509033203,62.74109780939738
2019-02-22,1124.1500244140625,96.51000213623047,57.2599983215332,2230.5,2.6549999713897705,2792.669921875,13.510000228881836,110.70800018310547,1364.780029296875,0.5,253.319,1123.376025390625,1120.8355102539062,58.21857432439385
2019-02-25,1122.31005859375,96.41000366210938,55.47999954223633,2232.56005859375,2.6730000972747803,2796.110107421875,14.850000381469727,110.77200317382812,1375.949951171875,0.5,253.319,1122.776025390625,1121.0505126953126,51.74715974182996
2019-02-26,1117.199951171875,96.0,55.5,2226.60009765625,2.635999917984009,2793.89990234375,15.170000076293945,111.0459976196289,1366.5799560546875,0.5,253.319,1121.360009765625,1120.9255126953126,47.99143482951388
2019-02-27,1114.300048828125,96.1500015258789,56.939998626708984,2234.7900390625,2.693000078201294,2792.3798828125,14.699999809265137,110.55599975585938,1349.8699951171875,0.5,253.319,1119.9360107421876,1120.7470153808595,40.176938454340515
2019-02-28,1115.0999755859375,96.16000366210938,57.220001220703125,2195.43994140625,2.7109999656677246,2784.489990234375,14.779999732971191,110.86199951171875,1350.199951171875,0.5,253.319,1118.61201171875,1121.0520141601562,37.982695053743015
2019-03-01,1124.219970703125,96.52999877929688,55.79999923706055,2195.43994140625,2.755000114440918,2803.68994140625,13.569999694824219,111.35700225830078,1363.1300048828125,0.5,254.277,1118.6260009765624,1121.6855102539062,51.51443242930028
2019-03-04,1126.81005859375,96.68000030517578,56.59000015258789,2190.659912109375,2.7219998836517334,2792.81005859375,14.630000114440918,111.93800354003906,1363.25,0.5,254.277,1119.5260009765625,1122.1110107421875,52.00273149412729
2019-03-05,1128.1500244140625,96.8499984741211,56.560001373291016,2179.22998046875,2.7219998836517334,2789.64990234375,14.739999771118164,111.7770004272461,1356.9000244140625,0.5,254.277,1121.716015625,1122.4635131835937,59.50131644656941
2019-03-06,1126.199951171875,96.87000274658203,56.220001220703125,2175.60009765625,2.691999912261963,2771.449951171875,15.739999771118164,111.86599731445312,1333.8199462890625,0.5,254.277,1124.09599609375,1122.8385131835937,53.112418420810734
2019-03-07,1127.0,97.66999816894531,56.65999984741211,2165.7900390625,2.635999917984009,2748.929931640625,16.59000015258789,111.62300109863281,1319.0899658203125,0.5,254.277,1126.4760009765625,1123.1070129394532,48.19738392168014
2019-03-08,1133.0699462890625,97.37000274658203,56.06999969482422,2137.43994140625,2.625,2743.070068359375,16.049999237060547,111.63400268554688,1318.2099609375,0.5,254.277,1128.24599609375,1123.5730102539062,59.91298517005318
2019-03-11,1134.06005859375,97.22000122070312,56.790000915527344,2138.10009765625,2.6429998874664307,2783.300048828125,14.329999923706055,111.08000183105469,1349.8800048828125,0.5,254.277,1129.69599609375,1124.132012939453,62.506400089913456
2019-03-12,1130.77001953125,96.94000244140625,56.869998931884766,2157.179931640625,2.6050000190734863,2791.52001953125,13.770000457763672,111.34200286865234,1355.1199951171875,0.5,254.277,1130.2199951171874,1124.4195129394532,61.826384750070254
2019-03-13,1127.27001953125,96.55000305175781,58.2599983215332,2148.409912109375,2.6110000610351562,2810.919921875,13.40999984741211,111.30599975585938,1360.77001953125,0.5,254.277,1130.4340087890625,1124.7680114746095,56.49428932197482
2019-03-14,1129.5899658203125,96.79000091552734,58.61000061035156,2155.679931640625,2.630000114440918,2808.47998046875,13.5,111.19599914550781,1353.06005859375,0.5,254.277,1130.952001953125,1125.0615112304688,56.38189400362028
2019-03-15,1135.4200439453125,96.5999984741211,58.52000045776367,2176.110107421875,2.5929999351501465,2822.47998046875,12.880000114440918,111.75299835205078,1392.3599853515625,0.5,254.277,1131.422021484375,1125.4175109863281,64.06342072801843
2019-03-18,1132.72998046875,96.5199966430664,59.09000015258789,2179.489990234375,2.6019999980926514,2832.93994140625,13.100000381469727,111.56099700927734,1388.77001953125,0.5,254.277,1131.156005859375,1125.788507080078,67.57180820207401
2019-03-19,1131.199951171875,96.37999725341797,59.029998779296875,2177.6201171875,2.614000082015991,2832.570068359375,13.5600004196167,111.37300109863281,1407.3499755859375,0.5,254.277,1131.2419921875,1126.134503173828,69.7335112205802
2019-03-20,1129.719970703125,95.76000213623047,59.83000183105469,2177.10009765625,2.5350000858306885,2824.22998046875,13.90999984741211,111.4010009765625,1393.010009765625,0.5,254.277,1131.731982421875,1126.5494995117188,66.80445061806344
2019-03-21,1125.0,96.5,59.97999954223633,2184.8798828125,2.5369999408721924,2854.8798828125,13.630000114440918,110.66000366210938,1441.8299560546875,0.5,254.277,1130.8139892578124,1126.7135009765625,50.99747119977522
2019-03-22,1127.77001953125,96.6500015258789,59.040000915527344,2186.949951171875,2.4549999237060547,2800.7099609375,16.479999542236328,110.80599975585938,1400.3699951171875,0.5,254.277,1129.283984375,1126.8945007324219,51.221937697337346
2019-03-25,1135.1400146484375,96.56999969482422,58.81999969482422,2144.860107421875,2.4200000762939453,2798.360107421875,16.329999923706055,110.08100128173828,1382.75,0.5,254.277,1129.7659912109375,1127.5359985351563,57.71346670905378
2019-03-26,1133.8499755859375,96.73999786376953,59.939998626708984,2148.800048828125,2.4140000343322754,2818.4599609375,14.680000305175781,110.06800079345703,1396.75,0.5,254.277,1130.29599609375,1128.3684997558594,58.566605153441316
2019-03-27,1133.9300537109375,96.7699966430664,59.40999984741211,2145.6201171875,2.374000072479248,2805.3701171875,15.149999618530273,110.55400085449219,1376.47998046875,0.5,254.277,1131.1380126953125,1129.35,57.887556026086685
2019-03-28,1138.5,97.19999694824219,59.29999923706055,2128.10009765625,2.3889999389648438,2815.43994140625,14.430000305175781,110.48999786376953,1373.800048828125,0.5,254.277,1133.8380126953125,1130.520001220703,56.39879282716081
2019-03-29,1134.3199462890625,97.27999877929688,60.13999938964844,2140.669921875,2.4140000343322754,2834.39990234375,13.710000038146973,110.63700103759766,1395.510009765625,0.5,254.277,1135.147998046875,1131.025,50.284838154666176
2019-04-01,1136.699951171875,97.25,61.59000015258789,2168.280029296875,2.496999979019165,2867.18994140625,13.399999618530273,110.99500274658203,1430.239990234375,0.5,255.233,1135.4599853515624,1131.5194946289062,56.631519169128445
2019-04-02,1132.6700439453125,97.36000061035156,62.58000183105469,2177.179931640625,2.4809999465942383,2867.239990234375,13.359999656677246,111.45099639892578,1431.6300048828125,0.5,255.233,1135.2239990234375,1131.7454956054687,55.96818192856584
2019-04-03,1136.3900146484375,97.08999633789062,62.459999084472656,2203.27001953125,2.5169999599456787,2873.39990234375,13.739999771118164,111.30500030517578,1464.18994140625,0.5,255.233,1135.7159912109375,1132.2549987792968,57.289910907777504
2019-04-04,1133.530029296875,97.30999755859375,62.099998474121094,2206.530029296875,2.51200008392334,2879.389892578125,13.579999923706055,111.3949966430664,1465.8900146484375,0.5,255.233,1134.7219970703125,1132.5815002441407,47.83602845602314
2019-04-05,1134.300048828125,97.4000015258789,63.08000183105469,2209.610107421875,2.500999927520752,2892.739990234375,12.819999694824219,111.65799713134766,1477.6500244140625,0.5,255.233,1134.718017578125,1132.6430053710938,51.88032138847306
2019-04-08,1136.68994140625,97.05000305175781,64.4000015258789,2210.60009765625,2.5190000534057617,2895.77001953125,13.180000305175781,111.71099853515625,1481.3800048828125,0.5,255.233,1134.716015625,1132.7744995117187,56.44215894115625
2019-04-09,1141.1099853515625,97.01000213623047,63.97999954223633,2213.56005859375,2.499000072479248,2878.199951171875,14.279999732971191,111.45600128173828,1464.52001953125,0.5,255.233,1136.40400390625,1133.2914978027343,62.50278042047998
2019-04-10,1140.0999755859375,96.94999694824219,64.61000061035156,2224.389892578125,2.4769999980926514,2888.2099609375,13.300000190734863,111.1050033569336,1477.1600341796875,0.5,255.233,1137.14599609375,1133.9329956054687,68.04491864403812
2019-04-11,1135.9000244140625,97.18000030517578,63.58000183105469,2224.43994140625,2.503999948501587,2888.320068359375,13.020000457763672,110.98500061035156,1476.0699462890625,0.5,255.233,1137.6199951171875,1134.2484985351562,59.39452755827764
2019-04-12,1140.989990234375,96.97000122070312,63.88999938964844,2233.449951171875,2.559999942779541,2907.409912109375,12.010000228881836,111.62100219726562,1497.1199951171875,0.5,255.233,1138.9579833984376,1134.5269958496094,57.135879972244474
2019-04-15,1133.4300537109375,96.94000244140625,63.400001525878906,2242.8798828125,2.552999973297119,2905.580078125,12.319999694824219,112.02799987792969,1485.8199462890625,0.5,255.233,1138.306005859375,1134.5619995117188,49.55573004917965
2019-04-16,1133.199951171875,97.04000091552734,64.05000305175781,2248.6298828125,2.5920000076293945,2907.06005859375,12.180000305175781,111.94300079345703,1533.219970703125,0.5,255.233,1136.7239990234375,1134.6619995117187,49.230008677046506
2019-04-17,1135.699951171875,97.01000213623047,63.7599983215332,2245.889892578125,2.5920000076293945,2900.449951171875,12.600000381469727,111.99299621582031,1557.0799560546875,0.5,255.233,1135.843994140625,1134.9609985351562,46.91215430343758
2019-04-18,1130.199951171875,97.47000122070312,64.0,2213.77001953125,2.559999942779541,2905.030029296875,12.09000015258789,112.03600311279297,1558.1300048828125,0.5,255.233,1134.7039794921875,1135.22099609375,45.58506894936911
2019-04-19,1136.1099853515625,97.47000122070312,64.0,2216.14990234375,2.559999942779541,2905.030029296875,12.09000015258789,111.98899841308594,1558.1300048828125,0.5,255.233,1133.727978515625,1135.6379943847655,49.412265447337376
2019-04-22,1134.5,97.27999877929688,65.69999694824219,2216.64990234375,2.5899999141693115,2907.969970703125,12.420000076293945,111.91000366210938,1558.2900390625,0.5,255.233,1133.9419677734375,1135.6059936523438,51.915386207583865
2019-04-23,1140.0400390625,97.56999969482422,66.30000305175781,2220.510009765625,2.569999933242798,2933.679931640625,12.279999732971191,111.92900085449219,1574.050048828125,0.5,255.233,1135.3099853515625,1135.9154968261719,53.68020460760977
2019-04-24,1142.0,98.0999984741211,65.88999938964844,2201.030029296875,2.5220000743865967,2927.25,13.140000343322754,111.87699890136719,1589.02001953125,0.5,255.233,1136.5699951171875,1136.318994140625,58.69786495783066
2019-04-25,1155.260009765625,98.19999694824219,65.20999908447266,2190.5,2.5339999198913574,2926.169921875,13.25,112.12999725341797,1560.3199462890625,0.5,255.233,1141.5820068359376,1137.1569946289062,67.12976818985366
2019-04-26,1159.0,98.01000213623047,63.29999923706055,2179.31005859375,2.505000114440918,2939.8798828125,12.729999542236328,111.53900146484375,1547.4000244140625,0.5,255.233,1146.160009765625,1138.3909973144532,67.83947556447488
2019-04-29,1157.72998046875,97.86000061035156,63.5,2216.429931640625,2.5360000133514404,2943.030029296875,13.109999656677246,111.59300231933594,1544.43994140625,0.5,255.233,1150.806005859375,1139.4424987792968,63.99460571785684
2019-04-30,1158.7900390625,97.4800033569336,63.90999984741211,2203.590087890625,2.509000062942505,2945.830078125,13.119999885559082,111.677001953125,1556.1800537109375,0.5,255.233,1154.556005859375,1140.7484985351562,65.72442081868991
2019-05-01,1163.260009765625,97.69000244140625,63.599998474121094,2203.590087890625,2.510999917984009,2923.72998046875,14.800000190734863,111.3949966430664,1543.47998046875,0.5,255.296,1158.8080078125,1142.0919982910157,72.91453248354506
2019-05-02,1164.6700439453125,97.83000183105469,61.810001373291016,2212.75,2.552000045776367,2917.52001953125,14.420000076293945,111.4520034790039,1560.6099853515625,0.5,255.296,1160.6900146484375,1143.6489990234375,71.1353033337183
2019-05-03,1166.1099853515625,97.5199966430664,61.939998626708984,2196.320068359375,2.5309998989105225,2945.639892578125,12.869999885559082,111.49500274658203,1570.699951171875,0.5,255.296,1162.11201171875,1145.2394958496093,82.74532635977123
2019-05-06,1163.3299560546875,97.5199966430664,62.25,2196.320068359375,2.5,2932.469970703125,15.4399995803833,110.62300109863281,1543.72998046875,0.5,255.296,1163.2320068359375,1146.5714965820312,78.72255749166223
2019-05-07,1168.050048828125,97.62999725341797,61.400001525878906,2176.989990234375,2.447999954223633,2884.050048828125,19.31999969482422,110.80500030517578,1506.3199462890625,0.5,255.296,1165.0840087890624,1147.9184997558593,79.58661004157568
2019-05-08,1171.300048828125,97.62000274658203,62.119998931884766,2168.010009765625,2.4820001125335693,2879.419921875,19.399999618530273,110.25700378417969,1494.47998046875,0.5,255.296,1166.6920166015625,1149.4785034179688,89.20256342187012
2019-05-09,1172.18994140625,97.37000274658203,61.70000076293945,2102.010009765625,2.4570000171661377,2870.719970703125,19.100000381469727,110.02799987792969,1476.800048828125,0.5,255.296,1168.19599609375,1151.2929992675781,88.05900577129597
2019-05-10,1179.18994140625,97.33000183105469,61.65999984741211,2108.0400390625,2.4549999237060547,2881.39990234375,16.040000915527344,109.80699920654297,1478.8699951171875,0.5,255.296,1170.8119873046876,1153.2029968261718,92.32800562369351
2019-05-13,1174.4200439453125,97.31999969482422,61.040000915527344,2079.010009765625,2.4049999713897705,2811.8701171875,20.549999237060547,109.65399932861328,1408.949951171875,0.5,255.296,1173.0300048828126,1155.2524963378905,83.04505252882221
2019-05-14,1187.1800537109375,97.52999877929688,61.779998779296875,2081.840087890625,2.4189999103546143,2834.409912109375,18.059999465942383,109.15399932861328,1442.8299560546875,0.5,255.296,1176.856005859375,1157.9515014648437,85.95995888236197
2019-05-15,1186.9300537109375,97.56999969482422,62.02000045776367,2092.780029296875,2.378999948501587,2850.9599609375,16.440000534057617,109.6709976196289,1454.5,0.5,255.296,1179.9820068359375,1160.513006591797,81.79088968564588
2019-05-16,1186.0400390625,97.83999633789062,62.869998931884766,2067.68994140625,2.4049999713897705,2876.320068359375,15.289999961853027,109.4749984741211,1430.1099853515625,0.5,255.296,1182.7520263671875,1163.3050109863282,78.79052550585396
2019-05-17,1190.489990234375,98.0,62.7599983215332,2055.800048828125,2.3929998874664307,2859.530029296875,15.960000038146973,109.87100219726562,1402.010009765625,0.5,255.296,1185.0120361328125,1166.0240112304687,82.66860785010688
2019-05-20,1193.8299560546875,97.93000030517578,63.099998474121094,2055.7099609375,2.4159998893737793,2840.22998046875,16.309999465942383,110.16000366210938,1345.5799560546875,0.5,255.296,1188.8940185546876,1168.9905090332031,83.42240634525864
2019-05-21,1193.3299560546875,98.05999755859375,62.9900016784668,2061.25,2.4260001182556152,2864.360107421875,14.949999809265137,110.06999969482422,1374.2099609375,0.5,255.296,1190.1239990234376,1171.6550048828126,81.03204577463902
2019-05-23,1188.800048828125,97.8499984741211,57.90999984741211,2059.590087890625,2.2960000038146973,2822.239990234375,16.920000076293945,110.22100067138672,1322.8399658203125,0.5,255.296,1190.497998046875,1173.9950073242187,73.39552477281819
2019-05-24,1188.800048828125,97.61000061035156,58.630001068115234,2045.31005859375,2.3239998817443848,2826.06005859375,15.850000381469727,109.55799865722656,1311.969970703125,0.5,255.296,1191.05,1175.6720092773437,72.63133031220246
2019-05-27,1185.0,97.61000061035156,58.630001068115234,2044.2099609375,2.3239998817443848,2826.06005859375,15.850000381469727,109.4010009765625,1311.969970703125,0.5,255.296,1189.952001953125,1176.9720092773437,71.18292965235467
2019-05-28,1182.31005859375,97.95999908447266,59.13999938964844,2048.830078125,2.2679998874664307,2802.389892578125,17.5,109.50900268554688,1300.300048828125,0.5,255.296,1187.6480224609375,1178.2010131835937,64.51559191625992
2019-05-29,1187.5799560546875,98.13999938964844,58.810001373291016,2023.3199462890625,2.2360000610351562,2783.02001953125,17.899999618530273,109.34600067138672,1305.5699462890625,0.5,255.296,1186.4980224609376,1179.6405090332032,65.9171470514519
2019-05-30,1192.2099609375,98.13999938964844,56.59000015258789,2038.800048828125,2.2269999980926514,2788.860107421875,17.299999237060547,109.54199981689453,1315.2900390625,0.5,255.296,1187.1800048828125,1181.0880065917968,68.23993380400113
2019-05-31,1188.3800048828125,97.75,53.5,2041.739990234375,2.1419999599456787,2752.06005859375,18.709999084472656,109.35700225830078,1296.1800537109375,0.5,255.296,1187.09599609375,1182.273504638672,58.88622655539949
2019-06-03,1187.8699951171875,97.13999938964844,53.25,2067.85009765625,2.0810000896453857,2744.449951171875,18.860000610351562,108.21199798583984,1300.52001953125,0.5,255.213,1187.6699951171875,1183.361505126953,64.17284954258724
2019-06-04,1178.3499755859375,97.06999969482422,53.47999954223633,2066.969970703125,2.11899995803833,2803.27001953125,16.969999313354492,108.0270004272461,1355.260009765625,0.5,255.213,1186.877978515625,1184.1125061035157,40.01341926078097
2019-06-05,1176.050048828125,97.37000274658203,51.68000030517578,2069.110107421875,2.122999906539917,2826.14990234375,16.09000015258789,108.25399780273438,1345.0999755859375,0.5,255.213,1184.5719970703126,1184.5125061035155,38.240284569043084
2019-06-06,1178.739990234375,97.02999877929688,52.59000015258789,2069.110107421875,2.124000072479248,2843.489990234375,15.930000305175781,108.3280029296875,1363.1300048828125,0.5,255.213,1181.8780029296875,1184.884503173828,42.40520797350294
2019-06-07,1177.0,96.61000061035156,53.9900016784668,2072.330078125,2.0840001106262207,2873.340087890625,16.299999237060547,108.4540023803711,1378.81005859375,0.5,255.213,1179.602001953125,1185.1250061035157,35.12667427537792
2019-06-10,1180.760009765625,96.76000213623047,53.2599983215332,2099.489990234375,2.1429998874664307,2886.72998046875,15.9399995803833,108.4489974975586,1413.8900146484375,0.5,255.213,1178.1800048828125,1185.2035095214844,35.722039232420755
2019-06-11,1182.0999755859375,96.69000244140625,53.27000045776367,2111.81005859375,2.140000104904175,2885.719970703125,15.989999771118164,108.35900115966797,1418.02001953125,0.5,255.213,1178.9300048828125,1185.5875061035156,37.9531514354706
2019-06-12,1177.97998046875,97.0,51.13999938964844,2108.75,2.127000093460083,2879.840087890625,15.90999984741211,108.4739990234375,1384.949951171875,0.5,255.213,1179.3159912109375,1185.1275024414062,38.28989505057231
2019-06-13,1183.4300537109375,97.01000213623047,52.279998779296875,2103.14990234375,2.0910000801086426,2891.639892578125,15.819999694824219,108.48799896240234,1392.93994140625,0.5,255.213,1180.25400390625,1184.9525024414063,44.80153149852877
2019-06-14,1181.0799560546875,97.56999969482422,52.5099983215332,2095.409912109375,2.0929999351501465,2886.97998046875,15.279999732971191,108.32099914550781,1356.550048828125,0.5,255.213,1181.0699951171875,1184.7044982910156,46.09556046756493
2019-06-17,1185.8900146484375,97.55999755859375,51.93000030517578,2090.72998046875,2.0859999656677246,2889.669921875,15.350000381469727,108.57599639892578,1347.8599853515625,0.5,255.213,1182.09599609375,1184.4744995117187,53.42121533813185
2019-06-18,1185.3499755859375,97.63999938964844,53.900001525878906,2098.7099609375,2.059999942779541,2917.75,15.149999618530273,108.53900146484375,1406.1600341796875,0.5,255.213,1182.74599609375,1184.0505004882812,47.657095660471256
2019-06-19,1173.5799560546875,97.12000274658203,53.7599983215332,2124.780029296875,2.0290000438690186,2926.4599609375,14.329999923706055,108.572998046875,1407.300048828125,0.5,255.213,1181.8659912109374,1183.0630004882812,32.980111475658475
2019-06-20,1170.300048828125,96.62999725341797,56.650001525878906,2131.2900390625,2.000999927520752,2954.179931640625,14.75,108.11499786376953,1421.030029296875,0.5,255.213,1179.239990234375,1182.1380004882812,33.31493343366911
2019-06-21,1157.2099609375,96.22000122070312,57.43000030517578,2125.6201171875,2.068000078201294,2950.4599609375,15.399999618530273,107.2770004272461,1410.5,0.5,255.213,1174.4659912109375,1180.55849609375,27.037167740295743
2019-06-24,1158.31005859375,95.9800033569336,57.900001525878906,2126.330078125,2.0209999084472656,2945.35009765625,15.260000228881836,107.31199645996094,1412.0799560546875,0.5,255.213,1168.95,1179.2239990234375,32.82495297359617
2019-06-25,1152.469970703125,96.16000366210938,57.83000183105469,2121.639892578125,1.99399995803833,2917.3798828125,16.280000686645508,107.3270034790039,1391.1199951171875,0.5,255.213,1162.3739990234376,1177.7319946289062,30.947045316457704
2019-06-26,1155.7099609375,96.20999908447266,59.380001068115234,2121.85009765625,2.0490000247955322,2913.780029296875,16.209999084472656,107.16600036621094,1435.8299560546875,0.5,255.213,1158.8,1176.138494873047,31.55544258256262
2019-06-27,1152.5,96.19000244140625,59.43000030517578,2134.320068359375,2.005000114440918,2924.919921875,15.819999694824219,107.73799896240234,1456.9000244140625,0.5,255.213,1155.239990234375,1174.1529968261718,30.829538160589294
2019-06-28,1155.510009765625,96.12999725341797,58.470001220703125,2130.6201171875,2.0,2941.760009765625,15.079999923706055,107.74700164794922,1458.9599609375,0.5,255.213,1154.9,1172.5094970703126,30.008041320013604
2019-07-01,1155.5999755859375,96.83999633789062,59.09000015258789,2129.739990234375,2.0339999198913574,2964.330078125,14.0600004196167,108.38200378417969,1497.550048828125,0.5,255.802,1154.3579833984375,1170.89599609375,28.594642350045746
2019-07-02,1159.75,96.7300033569336,56.25,2122.02001953125,1.9759999513626099,2973.010009765625,12.930000305175781,108.36599731445312,1476.8299560546875,0.5,255.802,1155.8139892578124,1169.965997314453,35.2818853063268
2019-07-03,1165.5799560546875,96.7699966430664,57.34000015258789,2096.02001953125,1.9529999494552612,2995.820068359375,12.569999694824219,107.80500030517578,1470.489990234375,0.5,255.802,1157.78798828125,1169.4424926757813,35.676447655579636
2019-07-04,1168.8699951171875,96.7699966430664,57.34000015258789,2108.72998046875,1.9529999494552612,2995.820068359375,12.569999694824219,107.77899932861328,1470.489990234375,0.5,255.802,1161.0619873046876,1168.948992919922,40.34789422286382
2019-07-05,1167.1300048828125,97.25,57.5099983215332,2110.590087890625,2.0480000972747803,2990.409912109375,13.279999732971191,107.80799865722656,1461.699951171875,0.5,255.802,1163.385986328125,1168.4554931640625,34.413463800923324
2019-07-08,1174.02001953125,97.37999725341797,57.65999984741211,2064.169921875,2.0339999198913574,2975.949951171875,13.960000038146973,108.4739990234375,1450.4100341796875,0.5,255.802,1167.0699951171875,1168.1184936523437,41.48509674045668
2019-07-09,1179.8499755859375,97.48999786376953,57.83000183105469,2052.030029296875,2.053999900817871,2979.6298828125,14.09000015258789,108.72100067138672,1461.2099609375,0.5,255.802,1171.089990234375,1168.0059936523437,55.17412975416739
2019-07-10,1181.47998046875,97.0999984741211,60.43000030517578,2058.780029296875,2.061000108718872,2993.070068359375,13.029999732971191,108.92400360107422,1471.510009765625,0.5,255.802,1174.2699951171876,1168.1809936523437,59.48413339463754
2019-07-11,1175.530029296875,97.05000305175781,60.20000076293945,2080.580078125,2.119999885559082,2999.909912109375,12.930000305175781,108.33399963378906,1476.280029296875,0.5,255.802,1175.602001953125,1167.7859924316406,67.68344699843996
2019-07-12,1174.0799560546875,96.80999755859375,60.209999084472656,2086.659912109375,2.1059999465942383,3013.77001953125,12.390000343322754,108.58799743652344,1504.280029296875,0.5,255.802,1176.9919921875,1167.4359924316407,65.11974120637714
2019-07-15,1176.4100341796875,96.93000030517578,59.58000183105469,2082.47998046875,2.0920000076293945,3014.300048828125,12.680000305175781,107.83200073242188,1515.9200439453125,0.5,255.802,1177.4699951171874,1166.9619934082032,74.60943284001615
2019-07-16,1178.4300537109375,97.4000015258789,57.619998931884766,2091.8701171875,2.121999979019165,3004.0400390625,12.859999656677246,107.88899993896484,1499.6400146484375,0.5,255.802,1177.1860107421876,1166.6159973144531,73.9562122713758
2019-07-17,1177.8800048828125,97.22000122070312,56.779998779296875,2072.919921875,2.061000108718872,2984.419921875,13.970000267028809,108.20099639892578,1503.8699951171875,0.5,255.802,1176.466015625,1166.8309997558595,78.35112838344583
2019-07-18,1178.68994140625,96.79000091552734,55.29999923706055,2066.550048828125,2.0380001068115234,2995.110107421875,13.529999732971191,107.93699645996094,1526.969970703125,0.5,255.802,1177.097998046875,1167.2504943847657,77.23202505650333
2019-07-19,1170.77001953125,97.1500015258789,55.630001068115234,2094.360107421875,2.0480000972747803,2976.610107421875,14.449999809265137,107.4010009765625,1523.9100341796875,0.5,255.802,1176.4360107421876,1167.9284973144531,65.05262902893688
2019-07-22,1175.1099853515625,97.26000213623047,56.220001220703125,2093.340087890625,2.0429999828338623,2985.030029296875,13.529999732971191,107.80999755859375,1554.0899658203125,0.5,255.802,1176.1760009765626,1168.7684936523438,65.18386585286387
2019-07-23,1174.760009765625,97.70999908447266,56.77000045776367,2101.449951171875,2.0739998817443848,3005.469970703125,12.609999656677246,107.90399932861328,1573.27001953125,0.5,255.802,1175.4419921875,1169.8829956054688,60.177448647887864
2019-07-24,1176.800048828125,97.7300033569336,55.880001068115234,2082.300048828125,2.049999952316284,3019.56005859375,12.069999694824219,108.23200225830078,1622.02001953125,0.5,255.802,1175.2260009765625,1170.9375,59.042255559978734
2019-07-25,1176.550048828125,97.81999969482422,56.02000045776367,2074.47998046875,2.0739998817443848,3003.669921875,12.739999771118164,108.18900299072266,1594.1199951171875,0.5,255.802,1174.7980224609375,1172.1400024414063,61.11903588626363
2019-07-26,1182.3900146484375,98.01000213623047,56.20000076293945,2066.260009765625,2.0810000896453857,3025.860107421875,12.15999984741211,108.66600036621094,1593.8599853515625,0.5,255.802,1177.122021484375,1173.4840026855468,60.13072861106761
2019-07-29,1183.3499755859375,98.04000091552734,56.869998931884766,2029.47998046875,2.055000066757202,3020.969970703125,12.829999923706055,108.63300323486328,1598.02001953125,0.5,255.802,1178.77001953125,1174.8715026855468,54.802422650712195
2019-07-30,1181.8499755859375,98.05000305175781,58.04999923706055,2038.6800537109375,2.061000108718872,3013.179931640625,13.9399995803833,108.86599731445312,1593.8199462890625,0.5,255.802,1180.1880126953124,1175.9765014648438,50.50949568164168
2019-07-31,1180.6500244140625,98.5199966430664,58.58000183105469,2024.550048828125,2.0209999084472656,2980.3798828125,16.1200008392334,108.56199645996094,1542.43994140625,0.5,255.802,1180.9580078125,1176.7300048828124,58.11154216578543
2019-08-01,1186.31005859375,98.38999938964844,53.95000076293945,2017.3399658203125,1.8940000534057617,2953.56005859375,17.8700008392334,108.81999969482422,1511.97998046875,0.5,256.036,1182.910009765625,1177.6020080566407,67.09552362069024
2019-08-02,1194.75,98.0999984741211,55.65999984741211,1998.1300048828125,1.8550000190734863,2932.050048828125,17.610000610351562,107.43099975585938,1488.4300537109375,0.5,256.036,1185.3820068359375,1178.9830078125,71.8959773113481
2019-08-05,1203.93994140625,97.5,54.689998626708984,1946.97998046875,1.7350000143051147,2844.739990234375,24.59000015258789,106.5770034790039,1423.52001953125,0.5,256.036,1189.5,1180.47900390625,76.004131254433
2019-08-06,1216.6500244140625,97.62999725341797,53.630001068115234,1917.5,1.7389999628067017,2881.77001953125,20.170000076293945,105.59300231933594,1441.77001953125,0.5,256.036,1196.460009765625,1182.3190063476563,81.66982430249487
2019-08-07,1212.530029296875,97.54000091552734,51.09000015258789,1909.7099609375,1.684000015258789,2883.97998046875,19.489999771118164,106.33699798583984,1452.1199951171875,0.5,256.036,1202.8360107421875,1183.8715087890625,76.22458593953979
2019-08-08,1212.22998046875,97.62000274658203,52.540000915527344,1920.6099853515625,1.715999960899353,2938.090087890625,16.90999984741211,106.12100219726562,1491.260009765625,0.5,256.036,1208.0199951171876,1185.7065063476562,86.43236563661172
2019-08-09,1207.030029296875,97.48999786376953,54.5,1937.75,1.7339999675750732,2918.64990234375,17.969999313354492,105.8740005493164,1464.3399658203125,0.5,256.036,1210.4760009765625,1187.3540100097657,77.63167071384643
2019-08-12,1213.199951171875,97.37999725341797,54.93000030517578,1942.2900390625,1.6390000581741333,2882.699951171875,21.09000015258789,105.38200378417969,1446.97998046875,0.5,256.036,1212.3280029296875,1189.193505859375,80.22966481455171
2019-08-13,1217.6300048828125,97.80999755859375,57.099998474121094,1925.8299560546875,1.6799999475479126,2926.320068359375,17.520000457763672,105.35800170898438,1489.6600341796875,0.5,256.036,1212.5239990234375,1191.1535034179688,80.9459221908683
2019-08-14,1204.72998046875,97.98999786376953,55.22999954223633,1938.3699951171875,1.5809999704360962,2840.60009765625,22.100000381469727,106.58999633789062,1442.5400390625,0.5,256.036,1210.9639892578125,1192.4960021972656,67.92163390026303
2019-08-15,1215.6400146484375,98.13999938964844,54.470001220703125,1938.3699951171875,1.5290000438690186,2847.60009765625,21.18000030517578,105.91600036621094,1439.2900390625,0.5,256.036,1211.64599609375,1194.343505859375,69.86499180265699
2019-08-16,1211.5,98.13999938964844,54.869998931884766,1927.1700439453125,1.5390000343322754,2888.679931640625,18.469999313354492,106.08300018310547,1479.25,0.5,256.036,1212.539990234375,1196.3800048828125,66.20238632227857
2019-08-19,1207.489990234375,98.3499984741211,56.209999084472656,1939.9000244140625,1.5980000495910645,2923.64990234375,16.8799991607666,106.43000030517578,1506.989990234375,0.5,256.036,1211.397998046875,1197.999005126953,64.34326093518037
2019-08-20,1210.530029296875,98.19000244140625,56.34000015258789,1960.25,1.5609999895095825,2900.510009765625,17.5,106.5739974975586,1498.9000244140625,0.5,256.036,1209.9780029296876,1199.7875061035156,66.37797330300091
2019-08-21,1205.280029296875,98.30000305175781,55.68000030517578,1964.6500244140625,1.5770000219345093,2924.429931640625,15.800000190734863,106.27400207519531,1512.719970703125,0.5,256.036,1210.0880126953125,1201.2115051269532,60.44486205431796
2019-08-22,1201.3199462890625,98.16999816894531,55.349998474121094,1951.010009765625,1.6100000143051147,2922.949951171875,16.68000030517578,106.59700012207031,1512.25,0.5,256.036,1207.2239990234375,1202.45,53.80512629079901
2019-08-23,1208.56005859375,97.63999938964844,54.16999816894531,1948.300048828125,1.527999997138977,2847.110107421875,19.8700008392334,106.46800231933594,1446.3800048828125,0.5,256.036,1206.6360107421874,1203.7585021972657,52.73767294905995
2019-08-26,1212.6500244140625,98.08000183105469,53.63999938964844,1916.31005859375,1.5449999570846558,2878.3798828125,19.31999969482422,104.85199737548828,1458.8800048828125,0.5,256.036,1207.668017578125,1205.2235046386718,47.360093324825826
2019-08-27,1210.72998046875,98.0,54.93000030517578,1924.5999755859375,1.4900000095367432,2869.159912109375,20.309999465942383,105.97799682617188,1454.1199951171875,0.5,256.036,1207.7080078125,1206.6675048828124,48.776480818312464
2019-08-28,1210.760009765625,98.20999908447266,55.779998779296875,1941.0899658203125,1.465999960899353,2887.93994140625,19.350000381469727,105.73799896240234,1462.8499755859375,0.5,256.036,1208.80400390625,1208.1730041503906,48.99715853256362
2019-08-29,1211.3699951171875,98.51000213623047,56.709999084472656,1933.4100341796875,1.5160000324249268,2924.580078125,17.8799991607666,106.06999969482422,1495.8199462890625,0.5,256.036,1210.814013671875,1209.4260009765626,53.15862137588776
2019-08-30,1207.1600341796875,98.91999816894531,55.099998474121094,1967.7900390625,1.50600004196167,2926.4599609375,18.979999542236328,106.43800354003906,1504.9200439453125,0.5,256.036,1210.5340087890625,1210.0465026855468,45.47506387897655
2019-09-02,1209.1500244140625,98.91999816894531,55.099998474121094,1969.18994140625,1.50600004196167,2926.4599609375,18.979999542236328,106.12799835205078,1504.9200439453125,0.5,256.43,1209.8340087890624,1210.3070068359375,43.40595502972958
2019-09-03,1212.77001953125,98.94999694824219,53.939998626708984,1965.68994140625,1.465999960899353,2906.27001953125,19.65999984741211,106.19300079345703,1478.3199462890625,0.5,256.43,1210.2420166015625,1210.1130065917969,57.30643450788284
2019-09-04,1210.47998046875,98.44999694824219,56.2599983215332,1988.530029296875,1.4589999914169312,2937.780029296875,17.329999923706055,105.86100006103516,1519.550048828125,0.5,256.43,1210.1860107421876,1210.0105041503907,44.43965052313666
2019-09-05,1202.68994140625,98.41000366210938,56.29999923706055,2004.75,1.565000057220459,2976.0,16.270000457763672,106.32499694824219,1566.2099609375,0.5,256.43,1208.45,1209.5335021972655,41.19879418163371
2019-09-06,1196.0,98.38999938964844,56.52000045776367,2009.1300048828125,1.5499999523162842,2978.7099609375,15.0,107.0719985961914,1568.3399658203125,0.5,256.43,1206.2179931640626,1208.982000732422,39.104929554640876
2019-09-09,1191.6199951171875,98.27999877929688,57.849998474121094,2019.550048828125,1.621999979019165,2978.429931640625,15.270000457763672,106.94499969482422,1576.3900146484375,0.5,256.43,1202.7119873046875,1207.9030029296875,32.51343852369267
2019-09-10,1190.8599853515625,98.33000183105469,57.400001525878906,2032.0799560546875,1.7020000219345093,2979.389892578125,15.199999809265137,107.33699798583984,1583.1500244140625,0.5,256.43,1198.32998046875,1206.564501953125,35.45786030662718
2019-09-11,1189.5,98.6500015258789,55.75,2049.199951171875,1.7330000400543213,3000.929931640625,14.609999656677246,107.5999984741211,1606.18994140625,0.5,256.43,1194.133984375,1205.8030029296874,37.420263419780134
2019-09-12,1189.800048828125,98.30999755859375,55.09000015258789,2049.199951171875,1.7910000085830688,3009.570068359375,14.220000267028809,108.02100372314453,1610.7900390625,0.5,256.43,1191.556005859375,1204.511004638672,26.573437233238224
2019-09-13,1180.75,98.26000213623047,54.849998474121094,2049.199951171875,1.902999997138977,3007.389892578125,13.739999771118164,108.1760025024414,1605.6500244140625,0.5,256.43,1188.506005859375,1202.9735046386718,14.555624577841314
2019-09-16,1178.719970703125,98.6500015258789,62.900001525878906,2062.219970703125,1.840999960899353,2997.9599609375,14.670000076293945,107.76499938964844,1594.489990234375,0.5,256.43,1185.9260009765626,1201.5350036621094,14.520135735586209
2019-09-17,1183.2900390625,98.26000213623047,59.34000015258789,2062.330078125,1.812000036239624,3005.699951171875,14.4399995803833,108.16100311279297,1599.739990234375,0.5,256.43,1184.41201171875,1200.1730041503906,22.336465601597112
2019-09-18,1185.6500244140625,98.5999984741211,58.11000061035156,2070.72998046875,1.7860000133514404,3006.72998046875,13.949999809265137,108.08699798583984,1600.949951171875,0.5,256.43,1183.6420166015625,1199.19150390625,24.98064454841237
2019-09-19,1189.550048828125,98.2699966430664,58.130001068115234,2080.35009765625,1.7740000486373901,3006.7900390625,14.050000190734863,108.42500305175781,1592.0699462890625,0.5,256.43,1183.5920166015626,1198.603009033203,32.76579273697767
2019-09-20,1193.8599853515625,98.51000213623047,58.09000015258789,2091.52001953125,1.7549999952316284,2992.070068359375,15.319999694824219,108.04100036621094,1563.0,0.5,256.43,1186.214013671875,1197.8680053710937,35.68620639215973
2019-09-23,1193.1300048828125,98.5999984741211,58.63999938964844,2091.699951171875,1.7079999446868896,2991.780029296875,14.90999984741211,107.6520004272461,1578.0899658203125,0.5,256.43,1189.0960205078125,1196.8920043945313,30.562193586735646
2019-09-24,1193.010009765625,98.33999633789062,57.290000915527344,2101.0400390625,1.6349999904632568,2966.60009765625,17.049999237060547,107.61399841308594,1551.989990234375,0.5,256.43,1191.0400146484376,1196.006005859375,31.933882711748012
2019-09-25,1193.93994140625,99.04000091552734,56.4900016784668,2073.389892578125,1.7319999933242798,2984.8701171875,15.960000038146973,107.16300201416016,1579.56005859375,0.5,256.43,1192.697998046875,1195.1650024414062,39.45528794948895
2019-09-26,1197.8900146484375,99.20999908447266,56.40999984741211,2074.52001953125,1.684999942779541,2977.6201171875,16.06999969482422,107.69200134277344,1580.0999755859375,0.5,256.43,1194.3659912109374,1194.4910034179688,52.43872089616653
2019-09-27,1198.6300048828125,99.11000061035156,55.90999984741211,2049.929931640625,1.6749999523162842,2961.7900390625,17.219999313354492,107.75599670410156,1542.8699951171875,0.5,256.43,1195.3199951171875,1194.064501953125,59.98289421532428
2019-09-30,1201.9100341796875,99.37999725341797,54.06999969482422,2063.050048828125,1.6749999523162842,2976.739990234375,16.239999771118164,107.94400024414062,1558.75,0.5,256.43,1197.0760009765625,1193.7025024414063,64.68244957277156
2019-10-01,1198.0,99.12999725341797,53.619998931884766,2072.419921875,1.6440000534057617,2940.25,18.559999465942383,108.06900024414062,1544.199951171875,0.5,257.155,1198.0739990234374,1192.9640014648437,60.57735541809963
2019-10-02,1201.68994140625,99.04000091552734,52.63999938964844,2031.9100341796875,1.5959999561309814,2887.610107421875,20.559999465942383,107.73699951171875,1519.77001953125,0.5,257.155,1199.6239990234376,1192.5244995117187,63.644564979855765
2019-10-03,1203.5699462890625,98.86000061035156,52.45000076293945,2031.9100341796875,1.5360000133514404,2910.6298828125,19.1200008392334,107.16300201416016,1545.760009765625,0.5,257.155,1200.7599853515626,1192.5684997558594,81.34605904309012
2019-10-04,1200.0799560546875,98.80999755859375,52.810001373291016,2020.68994140625,1.5149999856948853,2952.010009765625,17.040000915527344,106.82599639892578,1574.3900146484375,0.5,257.155,1201.0499755859375,1192.7724975585938,78.20918332801331
2019-10-07,1191.3299560546875,98.98999786376953,52.75,2021.72998046875,1.5529999732971191,2938.7900390625,17.860000610351562,106.76399993896484,1563.1700439453125,0.5,257.155,1198.9339599609375,1192.7579956054688,59.562241754285104
2019-10-08,1195.760009765625,99.13999938964844,52.630001068115234,2046.25,1.5369999408721924,2893.06005859375,20.280000686645508,107.2509994506836,1514.449951171875,0.5,257.155,1198.4859619140625,1193.002996826172,61.459973598930674
2019-10-09,1198.3699951171875,99.12000274658203,52.59000015258789,2046.25,1.5889999866485596,2919.39990234375,18.639999389648438,106.96099853515625,1540.8499755859375,0.5,257.155,1197.82197265625,1193.4464965820312,60.29887593683809
2019-10-10,1196.780029296875,98.70999908447266,53.54999923706055,2028.1500244140625,1.6579999923706055,2938.1298828125,17.56999969482422,107.1780014038086,1555.7900390625,0.5,257.155,1196.4639892578125,1193.7954956054687,53.640954766985594
2019-10-11,1188.81005859375,98.30000305175781,54.70000076293945,2044.6099853515625,1.7519999742507935,2970.27001953125,15.579999923706055,107.87999725341797,1591.1300048828125,0.5,257.155,1194.210009765625,1194.1984985351562,45.437315792052274
2019-10-14,1182.489990234375,98.44999694824219,53.59000015258789,2067.39990234375,1.7330000400543213,2966.14990234375,14.569999694824219,108.45899963378906,1590.4000244140625,0.5,257.155,1192.4420166015625,1194.3869995117188,40.175558595531236
2019-10-15,1182.300048828125,98.29000091552734,52.810001373291016,2068.169921875,1.7710000276565552,2995.679931640625,13.539999961853027,108.38800048828125,1625.68994140625,0.5,257.155,1189.7500244140624,1194.3375,38.9773846459733
2019-10-16,1183.9300537109375,98.01000213623047,53.36000061035156,2082.830078125,1.7480000257492065,2989.68994140625,13.680000305175781,108.81700134277344,1601.7900390625,0.5,257.155,1186.8620361328126,1194.2515014648438,36.17277502103828
2019-10-17,1184.8299560546875,97.61000061035156,53.93000030517578,2077.93994140625,1.7569999694824219,2997.949951171875,13.789999961853027,108.677001953125,1607.1600341796875,0.5,257.155,1184.472021484375,1194.0154968261718,36.3743304679854
2019-10-18,1177.27001953125,97.27999877929688,53.779998779296875,2060.68994140625,1.746999979019165,2986.199951171875,14.25,108.58100128173828,1590.0899658203125,0.5,257.155,1182.164013671875,1193.1859985351562,27.567275612743188
2019-10-21,1178.0799560546875,97.33000183105469,53.310001373291016,2064.840087890625,1.7920000553131104,3006.719970703125,14.0,108.40799713134766,1620.0400390625,0.5,257.155,1181.2820068359374,1192.43349609375,30.779468889794515
2019-10-22,1171.4000244140625,97.52999877929688,54.15999984741211,2088.860107421875,1.7680000066757202,2995.989990234375,14.460000038146973,108.60099792480469,1607.5999755859375,0.5,257.155,1179.102001953125,1191.3529968261719,22.36810163006318
2019-10-23,1171.260009765625,97.47000122070312,55.970001220703125,2080.6201171875,1.7589999437332153,3004.52001953125,14.010000228881836,108.48300170898438,1576.5799560546875,0.5,257.155,1176.5679931640625,1190.2190002441407,19.558961878977883
2019-10-24,1169.699951171875,97.62999725341797,56.22999954223633,2085.659912109375,1.7660000324249268,3010.2900390625,13.710000038146973,108.64199829101562,1615.510009765625,0.5,257.155,1173.5419921875,1188.8094970703125,20.297085241933758
2019-10-25,1174.25,97.83000183105469,56.65999984741211,2087.889892578125,1.8009999990463257,3022.550048828125,12.649999618530273,108.60600280761719,1648.6700439453125,0.5,257.155,1172.93798828125,1187.5904968261718,31.806538354514984
2019-10-28,1170.8199462890625,97.76000213623047,55.810001373291016,2093.60009765625,1.8530000448226929,3039.419921875,13.109999656677246,108.73400115966797,1677.5699462890625,0.5,257.155,1171.485986328125,1186.0359924316406,22.855723164487344
2019-10-29,1166.760009765625,97.69000244140625,55.540000915527344,2092.68994140625,1.8350000381469727,3036.889892578125,13.199999809265137,108.96399688720703,1662.4599609375,0.5,257.155,1170.5579833984375,1184.4739929199218,16.64893603319794
2019-10-30,1165.75,97.6500015258789,55.060001373291016,2080.27001953125,1.7979999780654907,3046.77001953125,12.329999923706055,108.8740005493164,1661.4599609375,0.5,257.155,1169.4559814453125,1182.6769958496093,16.855210109892397
2019-10-31,1163.699951171875,97.3499984741211,54.18000030517578,2083.47998046875,1.690999984741211,3037.56005859375,13.220000267028809,108.78900146484375,1651.219970703125,0.5,257.155,1168.2559814453125,1180.68349609375,19.295459294862226
2019-11-01,1168.550048828125,97.23999786376953,56.20000076293945,2100.199951171875,1.7280000448226929,3066.909912109375,12.300000190734863,107.99600219726562,1689.9300537109375,0.5,257.879,1167.1159912109374,1179.107000732422,32.31865926770054
2019-11-04,1163.800048828125,97.51000213623047,56.540000915527344,2130.239990234375,1.7860000133514404,3078.27001953125,12.829999923706055,108.22000122070312,1726.9200439453125,0.5,257.879,1165.71201171875,1177.7305053710938,28.96770325632002
2019-11-05,1161.81005859375,97.9800033569336,57.22999954223633,2142.639892578125,1.8660000562667847,3074.6201171875,13.100000381469727,108.69400024414062,1730.1500244140625,0.5,257.879,1164.722021484375,1176.0330078125,25.056368777065956
2019-11-06,1155.199951171875,97.94999694824219,56.349998474121094,2144.14990234375,1.8140000104904175,3076.780029296875,12.619999885559082,109.14600372314453,1715.6700439453125,0.5,257.879,1162.61201171875,1173.8745056152343,20.399696593506036
2019-11-07,1160.0799560546875,98.13999938964844,57.150001525878906,2144.2900390625,1.9259999990463257,3085.179931640625,12.729999542236328,108.91300201416016,1727.6800537109375,0.5,257.879,1161.8880126953125,1172.039501953125,31.85562945649737
2019-11-08,1158.5999755859375,98.3499984741211,57.2400016784668,2137.22998046875,1.9329999685287476,3093.080078125,12.069999694824219,109.27400207519531,1736.780029296875,0.5,257.879,1159.897998046875,1170.5289978027345,29.72536882600764
2019-11-11,1158.5999755859375,98.19999694824219,56.86000061035156,2124.090087890625,1.9429999589920044,3087.010009765625,12.6899995803833,109.22599792480469,1727.5899658203125,0.5,257.879,1158.8579833984375,1169.3344970703124,34.5261846858546
2019-11-12,1163.9000244140625,98.30999755859375,56.79999923706055,2140.919921875,1.909000039100647,3091.840087890625,12.680000305175781,109.04199981689453,1732.4200439453125,0.5,257.879,1159.2759765625,1168.4144958496095,42.089505241475216
2019-11-13,1164.949951171875,98.37000274658203,57.119998931884766,2122.449951171875,1.8700000047683716,3094.0400390625,13.0,108.99299621582031,1732.8599853515625,0.5,257.879,1161.2259765625,1167.4654907226563,44.83810716446105
2019-11-14,1169.8599853515625,98.16000366210938,56.77000045776367,2139.22998046875,1.815000057220459,3096.6298828125,13.050000190734863,108.7979965209961,1727.5899658203125,0.5,257.879,1163.181982421875,1166.7169921875,45.26634462243165
2019-11-15,1167.52001953125,98.0,57.720001220703125,2162.179931640625,1.8339999914169312,3120.4599609375,12.050000190734863,108.49199676513672,1742.9300537109375,0.5,257.879,1164.9659912109375,1166.2294921875,46.35610012535889
2019-11-18,1162.3299560546875,97.79000091552734,57.04999923706055,2160.68994140625,1.8079999685287476,3122.030029296875,12.460000038146973,108.6989974975586,1738.780029296875,0.5,257.879,1165.7119873046875,1165.4419921875,45.22729245409568
2019-11-19,1165.68994140625,97.86000061035156,55.209999084472656,2153.239990234375,1.7860000133514404,3120.179931640625,12.859999656677246,108.66200256347656,1730.5,0.5,257.879,1166.069970703125,1165.1564880371093,49.93841439601046
2019-11-20,1165.8199462890625,97.93000030517578,57.11000061035156,2125.320068359375,1.7380000352859497,3108.4599609375,12.779999732971191,108.44499969482422,1710.1400146484375,0.5,257.879,1166.2439697265625,1164.8844848632812,52.263007701028116
2019-11-21,1168.260009765625,97.98999786376953,58.58000183105469,2096.60009765625,1.7719999551773071,3103.5400390625,13.130000114440918,108.47799682617188,1690.8299560546875,0.5,257.879,1165.923974609375,1164.8124877929688,49.673601266031454
2019-11-22,1175.22998046875,98.2699966430664,57.77000045776367,2101.9599609375,1.7740000486373901,3110.2900390625,12.34000015258789,108.58499908447266,1690.7900390625,0.5,257.879,1167.465966796875,1164.8614868164063,62.250692122106564
2019-11-25,1179.489990234375,98.31999969482422,58.0099983215332,2123.5,1.7640000581741333,3133.639892578125,11.869999885559082,108.7300033569336,1731.949951171875,0.5,257.879,1170.8979736328124,1165.294989013672,68.07018769619268
2019-11-26,1172.4100341796875,98.25,58.40999984741211,2121.35009765625,1.7400000095367432,3140.52001953125,11.539999961853027,108.99199676513672,1723.260009765625,0.5,257.879,1172.2419921875,1165.577490234375,67.42263403879852
2019-11-27,1172.5999755859375,98.41000366210938,58.11000061035156,2127.85009765625,1.7669999599456787,3153.6298828125,11.75,109.09700012207031,1735.9100341796875,0.5,257.879,1173.597998046875,1165.919989013672,64.00451141781956
2019-11-28,1175.3599853515625,98.41000366210938,58.11000061035156,2118.60009765625,1.7669999599456787,3153.6298828125,11.75,109.36699676513672,1735.9100341796875,0.5,257.879,1175.0179931640625,1166.5029907226562,68.22533371563287
2019-11-29,1177.010009765625,98.2699966430664,55.16999816894531,2087.9599609375,1.7760000228881836,3140.97998046875,12.619999885559082,109.51200103759766,1716.8399658203125,0.5,257.879,1175.3739990234376,1166.9259887695312,69.32608890654433
2019-12-02,1181.469970703125,97.86000061035156,55.959999084472656,2091.919921875,1.8359999656677246,3113.8701171875,14.90999984741211,109.53500366210938,1691.75,0.5,258.63,1175.7699951171876,1167.8094848632813,68.77535526724289
2019-12-03,1183.7900390625,97.73999786376953,56.099998474121094,2084.070068359375,1.7089999914169312,3093.199951171875,15.960000038146973,109.02200317382812,1665.7099609375,0.5,258.63,1178.04599609375,1168.9084838867188,69.60056691761407
2019-12-04,1187.6300048828125,97.6500015258789,58.43000030517578,2068.889892578125,1.781000018119812,3112.760009765625,14.800000190734863,108.65299987792969,1691.449951171875,0.5,258.63,1181.052001953125,1170.5299865722657,68.90830306903378
2019-12-05,1189.4599609375,97.41000366210938,58.43000030517578,2060.739990234375,1.7970000505447388,3117.429931640625,14.520000457763672,108.83200073242188,1697.6600341796875,0.5,258.63,1183.8719970703125,1171.9989868164062,73.60149593974221
2019-12-06,1187.97998046875,97.69999694824219,59.20000076293945,2081.85009765625,1.8420000076293945,3145.909912109375,13.619999885559082,108.73799896240234,1724.2099609375,0.5,258.63,1186.0659912109375,1173.4679870605469,79.98607190663611
2019-12-09,1186.1099853515625,97.63999938964844,59.02000045776367,2088.64990234375,1.8289999961853027,3135.9599609375,15.859999656677246,108.62699890136719,1714.97998046875,0.5,258.63,1186.993994140625,1174.843487548828,74.73363594694898
2019-12-10,1188.6800537109375,97.41000366210938,59.2400016784668,2098.0,1.8329999446868896,3132.52001953125,15.680000305175781,108.58200073242188,1720.9000244140625,0.5,258.63,1187.9719970703125,1176.0824890136719,76.14378172517968
2019-12-11,1189.0699462890625,97.16000366210938,58.7599983215332,2105.6201171875,1.7899999618530273,3141.6298828125,14.989999771118164,108.76399993896484,1759.199951171875,0.5,258.63,1188.2599853515626,1177.2884887695313,74.97004619769803
2019-12-12,1187.9300537109375,97.4000015258789,59.18000030517578,2137.35009765625,1.8969999551773071,3168.570068359375,13.9399995803833,108.54900360107422,1806.8699951171875,0.5,258.63,1187.95400390625,1178.1919921875,67.7178736984799
2019-12-13,1169.5899658203125,97.16999816894531,60.06999969482422,2170.25,1.819000005722046,3168.800048828125,12.630000114440918,109.41300201416016,1796.0400390625,0.5,258.63,1184.2760009765625,1178.2954895019532,40.084070396118776
2019-12-16,1172.530029296875,97.06999969482422,60.209999084472656,2168.14990234375,1.8919999599456787,3191.449951171875,12.140000343322754,109.4000015258789,1813.31005859375,0.5,258.63,1181.560009765625,1178.8054931640625,50.131056531628225
2019-12-17,1167.4599609375,97.20999908447266,60.939998626708984,2195.679931640625,1.8890000581741333,3192.52001953125,12.289999961853027,109.57599639892578,1821.9200439453125,0.5,258.63,1177.3159912109375,1178.893994140625,44.92695303934632
2019-12-18,1162.780029296875,97.41000366210938,60.93000030517578,2194.760009765625,1.9240000247955322,3191.139892578125,12.579999923706055,109.51599884033203,1820.2900390625,0.5,258.63,1172.0580078125,1178.7419982910155,38.037308321822
2019-12-19,1164.3599853515625,97.41999816894531,61.220001220703125,2196.56005859375,1.9079999923706055,3205.3701171875,12.5,109.5510025024414,1834.969970703125,0.5,258.63,1167.343994140625,1178.5469970703125,37.95462629108636
2019-12-20,1161.06005859375,97.70999908447266,60.439998626708984,2204.179931640625,1.9170000553131104,3221.219970703125,12.510000228881836,109.38300323486328,1853.8699951171875,0.5,258.63,1165.6380126953125,1177.8385009765625,30.126611166315627
2019-12-23,1159.300048828125,97.66000366210938,60.52000045776367,2203.7099609375,1.934999942779541,3224.010009765625,12.609999656677246,109.4990005493164,1857.1199951171875,0.5,258.63,1162.9920166015625,1176.82900390625,25.890835676689022
2019-12-24,1161.5699462890625,97.6500015258789,61.11000061035156,2190.080078125,1.909999966621399,3223.3798828125,12.670000076293945,109.38200378417969,1862.199951171875,0.5,258.63,1161.814013671875,1176.2869995117187,23.52681494414793
2019-12-25,1162.22998046875,97.6500015258789,61.11000061035156,2190.080078125,1.909999966621399,3223.3798828125,12.670000076293945,109.38300323486328,1862.199951171875,0.5,258.63,1161.70400390625,1175.7684997558595,21.66483750990794
2019-12-26,1159.75,97.58999633789062,61.68000030517578,2197.929931640625,1.9049999713897705,3239.909912109375,12.649999618530273,109.36900329589844,1864.489990234375,0.5,258.63,1160.7820068359374,1174.9880004882812,21.223146913014915
2019-12-27,1161.199951171875,96.91999816894531,61.720001220703125,2204.2099609375,1.8739999532699585,3240.02001953125,13.430000305175781,109.54199981689453,1858.5899658203125,0.5,258.63,1160.8099853515625,1174.1974975585938,24.388076561029166
2019-12-30,1160.6800537109375,96.73999786376953,61.68000030517578,2197.669921875,1.8949999809265137,3221.2900390625,14.819999694824219,109.4280014038086,1844.3900146484375,0.5,258.63,1161.085986328125,1173.1580017089843,19.943917396089958
2019-12-31,1156.3499755859375,96.38999938964844,61.060001373291016,2197.669921875,1.9190000295639038,3230.780029296875,13.779999732971191,108.87300109863281,1849.6199951171875,0.5,258.63,1160.0419921875,1171.7859985351563,17.61667045218408
2020-01-01,1153.75,96.38999938964844,61.060001373291016,2197.669921875,1.9190000295639038,3230.780029296875,13.779999732971191,108.68099975585938,1849.6199951171875,0.5,259.127,1158.34599609375,1170.0919982910157,17.12182875822826
2020-01-02,1153.969970703125,96.8499984741211,61.18000030517578,2175.169921875,1.8819999694824219,3257.85009765625,12.470000267028809,108.71299743652344,1887.9100341796875,0.5,259.127,1157.189990234375,1168.3174987792968,26.934266833466125
2020-01-03,1157.1500244140625,96.83999633789062,63.04999923706055,2176.4599609375,1.7879999876022339,3234.85009765625,14.020000457763672,108.54299926757812,1853.97998046875,0.5,259.127,1156.3800048828125,1166.7760009765625,27.448495587893106
2020-01-06,1165.8499755859375,96.66999816894531,63.27000045776367,2155.070068359375,1.8109999895095825,3246.280029296875,13.850000381469727,107.96399688720703,1834.6800537109375,0.5,259.127,1157.4139892578125,1165.7630004882812,47.866416893953364
2020-01-07,1167.4200439453125,96.9800033569336,62.70000076293945,2175.5400390625,1.8270000219345093,3237.179931640625,13.789999961853027,108.40599822998047,1867.280029296875,0.5,259.127,1159.6280029296875,1164.7,56.70139807126108
2020-01-08,1166.4599609375,97.30000305175781,59.61000061035156,2151.31005859375,1.8739999532699585,3253.050048828125,13.449999809265137,108.01599884033203,1867.5899658203125,0.5,259.127,1162.1699951171875,1163.5695007324218,53.08821047869685
2020-01-09,1161.260009765625,97.44999694824219,59.560001373291016,2186.449951171875,1.8580000400543213,3274.699951171875,12.539999961853027,109.03099822998047,1878.72998046875,0.5,259.127,1163.6280029296875,1162.2359985351563,50.27848428382955
2020-01-10,1157.81005859375,97.36000061035156,59.040000915527344,2206.389892578125,1.8250000476837158,3265.35009765625,12.5600004196167,109.50700378417969,1866.3499755859375,0.5,259.127,1163.760009765625,1161.6470031738281,48.01809466902213
2020-01-13,1156.9300537109375,97.3499984741211,58.08000183105469,2229.260009765625,1.8480000495910645,3288.1298828125,12.319999694824219,109.56600189208984,1890.7900390625,0.5,259.127,1161.976025390625,1160.8670043945312,43.591299949418314
2020-01-14,1153.93994140625,97.37000274658203,58.22999954223633,2238.8798828125,1.8179999589920044,3283.14990234375,12.390000343322754,109.99199676513672,1894.6400146484375,0.5,259.127,1159.2800048828126,1160.1910034179687,39.24210646373377
2020-01-15,1157.050048828125,97.2300033569336,57.810001373291016,2230.97998046875,1.7879999876022339,3289.2900390625,12.420000076293945,109.85399627685547,1872.1600341796875,0.5,259.127,1157.3980224609375,1159.9045043945312,46.55268079800499
2020-01-16,1156.780029296875,97.31999969482422,58.52000045776367,2248.050048828125,1.809000015258789,3316.81005859375,12.319999694824219,109.88300323486328,1903.9300537109375,0.5,259.127,1156.5020263671875,1159.5255065917968,44.18128523401492
2020-01-17,1158.77001953125,97.61000061035156,58.540000915527344,2250.570068359375,1.8359999656677246,3329.6201171875,12.100000381469727,110.17500305175781,1916.6199951171875,0.5,259.127,1156.6940185546875,1159.4110046386718,47.579190350798484
2020-01-20,1160.3599853515625,97.61000061035156,58.540000915527344,2262.639892578125,1.8359999656677246,3329.6201171875,12.100000381469727,110.18000030517578,1916.6199951171875,0.5,259.127,1157.3800048828125,1159.4640014648437,55.461709839390814
2020-01-21,1157.5699462890625,97.52999877929688,58.34000015258789,2239.68994140625,1.7690000534057617,3320.7900390625,12.850000381469727,110.1729965209961,1915.0,0.5,259.127,1158.106005859375,1159.2640014648437,55.176041311733556
2020-01-22,1168.739990234375,97.52999877929688,56.7400016784668,2267.25,1.7690000534057617,3321.75,12.90999984741211,109.90799713134766,1930.22998046875,0.5,259.127,1160.443994140625,1159.589501953125,65.43355697849435
2020-01-23,1163.72998046875,97.69000244140625,55.59000015258789,2246.1298828125,1.7400000095367432,3325.5400390625,12.979999542236328,109.72799682617188,1945.3699951171875,0.5,259.127,1161.833984375,1159.7885009765625,56.62229932109853
2020-01-24,1167.5999755859375,97.8499984741211,54.189998626708984,2246.1298828125,1.680999994277954,3295.469970703125,14.5600004196167,109.552001953125,1924.030029296875,0.5,259.127,1163.5999755859375,1160.1085021972656,51.95093273527955
2020-01-27,1169.1500244140625,97.95999908447266,53.13999938964844,2246.1298828125,1.6050000190734863,3243.6298828125,18.229999542236328,108.802001953125,1848.8599853515625,0.5,259.127,1165.3579833984375,1160.532000732422,51.92947583390062
2020-01-28,1176.72998046875,98.0199966430664,53.47999954223633,2176.719970703125,1.6410000324249268,3276.239990234375,16.280000686645508,108.91999816894531,1893.27001953125,0.5,259.127,1169.189990234375,1161.5510009765626,59.98054474708171
2020-01-29,1174.280029296875,97.98999786376953,53.33000183105469,2185.280029296875,1.593999981880188,3273.39990234375,16.389999389648438,109.13200378417969,1858.699951171875,0.5,259.127,1170.297998046875,1162.5775024414063,63.36752291002426
2020-01-30,1178.0799560546875,97.87000274658203,52.13999938964844,2148.0,1.5579999685287476,3283.659912109375,15.489999771118164,108.98699951171875,1855.800048828125,0.5,259.127,1173.1679931640624,1163.7830017089843,70.66241267834522
2020-01-31,1187.1199951171875,97.38999938964844,51.560001373291016,2119.010009765625,1.5199999809265137,3225.52001953125,18.84000015258789,108.87699890136719,1789.9300537109375,0.5,259.127,1177.0719970703126,1165.2815002441407,76.38510154352994
2020-02-03,1194.8699951171875,97.80000305175781,50.11000061035156,2118.8798828125,1.5199999809265137,3248.919921875,17.969999313354492,108.37200164794922,1812.1800537109375,0.5,259.25,1182.2159912109375,1166.7325012207032,83.02403778914586
2020-02-04,1189.3599853515625,97.95999908447266,49.61000061035156,2157.89990234375,1.6030000448226929,3297.590087890625,16.049999237060547,108.61199951171875,1868.6500244140625,0.5,259.25,1184.7419921875,1167.8294982910156,75.09704751772645
2020-02-05,1182.47998046875,98.2699966430664,50.75,2165.6298828125,1.6490000486373901,3334.68994140625,15.149999618530273,109.4469985961914,1909.52001953125,0.5,259.25,1186.381982421875,1168.6304992675782,68.10366176642566
2020-02-06,1183.4599609375,98.5,50.95000076293945,2227.93994140625,1.6440000534057617,3345.780029296875,14.960000038146973,109.81400299072266,1909.6400146484375,0.5,259.25,1187.4579833984376,1169.740496826172,67.64324120629317
2020-02-07,1184.25,98.68000030517578,50.31999969482422,2211.949951171875,1.5779999494552612,3327.7099609375,15.470000267028809,109.96800231933594,1864.3599853515625,0.5,259.25,1186.883984375,1171.0624938964843,67.26904689212394
2020-02-10,1191.0899658203125,98.83000183105469,49.56999969482422,2201.070068359375,1.5470000505447388,3352.090087890625,15.039999961853027,109.6449966430664,1892.800048828125,0.5,259.25,1186.127978515625,1172.770489501953,72.88994328279578
2020-02-11,1185.6300048828125,98.72000122070312,49.939998626708984,2223.1201171875,1.590000033378601,3357.75,15.180000305175781,109.76599884033203,1931.0799560546875,0.5,259.25,1185.381982421875,1174.3549926757812,62.50928954634467
2020-02-12,1180.719970703125,99.05000305175781,51.16999816894531,2238.3798828125,1.6299999952316284,3379.449951171875,13.739999771118164,109.84300231933594,1958.8199462890625,0.5,259.25,1185.02998046875,1175.5384887695313,62.60199702293643
2020-02-13,1177.9599609375,99.06999969482422,51.41999816894531,2232.9599609375,1.6169999837875366,3373.93994140625,14.149999618530273,109.84600067138672,1960.3399658203125,0.5,259.25,1183.92998046875,1176.5974853515625,57.81296892635083
2020-02-14,1183.469970703125,99.12000274658203,52.04999923706055,2243.590087890625,1.5880000591278076,3380.159912109375,13.680000305175781,109.75800323486328,1956.56005859375,0.5,259.25,1183.773974609375,1177.8324829101562,60.19069824816834
2020-02-17,1182.1800537109375,99.12000274658203,52.04999923706055,2242.169921875,1.5880000591278076,3380.159912109375,13.680000305175781,109.79100036621094,1956.56005859375,0.5,259.25,1181.9919921875,1178.923486328125,54.259876612707785
2020-02-18,1183.81005859375,99.45999908447266,52.04999923706055,2208.8798828125,1.555999994277954,3370.2900390625,14.829999923706055,109.83000183105469,1929.1199951171875,0.5,259.25,1181.6280029296875,1180.2354919433594,57.54556138899414
2020-02-19,1189.9300537109375,99.5999984741211,53.290000915527344,2210.340087890625,1.5700000524520874,3386.14990234375,14.380000114440918,109.91899871826172,1979.5,0.5,259.25,1183.47001953125,1181.2949951171875,59.05002517107005
2020-02-20,1191.3699951171875,99.87000274658203,53.779998779296875,2195.5,1.524999976158142,3373.22998046875,15.5600004196167,111.20999908447266,1949.25,0.5,259.25,1186.1520263671875,1182.6769958496093,53.67203155652119
2020-02-21,1204.4000244140625,99.26000213623047,53.380001068115234,2162.840087890625,1.4709999561309814,3337.75,17.079999923706055,111.9540023803711,1891.050048828125,0.5,259.25,1190.338037109375,1184.5169982910156,57.54556138899414
2020-02-24,1205.77001953125,99.29000091552734,51.43000030517578,2079.0400390625,1.3769999742507935,3225.889892578125,25.030000686645508,111.55699920654297,1801.22998046875,0.5,259.25,1195.0560302734375,1186.347998046875,63.90447840234667
2020-02-25,1217.6500244140625,98.97000122070312,49.900001525878906,2103.610107421875,1.3300000429153442,3128.2099609375,27.850000381469727,110.85700225830078,1746.1099853515625,0.5,259.25,1201.8240234375,1188.3940002441407,77.4723524846053
2020-02-26,1214.550048828125,99.0,48.72999954223633,2076.77001953125,1.309999942779541,3116.389892578125,27.559999465942383,110.28600311279297,1749.949951171875,0.5,259.25,1206.7480224609376,1190.4075012207031,73.50683727867448
2020-02-27,1211.3599853515625,98.44000244140625,47.09000015258789,2054.889892578125,1.2990000247955322,2978.760009765625,39.15999984741211,110.36299896240234,1668.6500244140625,0.5,259.25,1210.7460205078125,1192.0715026855469,69.77967463310279
2020-02-28,1211.31005859375,98.12999725341797,44.7599983215332,1987.010009765625,1.1269999742507935,2954.219970703125,40.11000061035156,109.66000366210938,1705.5400390625,0.5,259.25,1212.12802734375,1193.281005859375,66.37523157622095
2020-03-02,1200.0999755859375,97.36000061035156,46.75,2002.510009765625,1.0880000591278076,3090.22998046875,33.41999816894531,107.6969985961914,1765.3800048828125,0.25,258.076,1210.9940185546875,1193.5425048828124,60.72008652903534
2020-03-03,1188.280029296875,97.1500015258789,47.18000030517578,2014.1500244140625,1.0099999904632568,3003.3701171875,36.81999969482422,108.48699951171875,1705.260009765625,0.25,258.076,1205.12001953125,1193.488507080078,55.08069120764449
2020-03-04,1186.3399658203125,97.33999633789062,46.779998779296875,2059.330078125,0.9919999837875366,3130.1201171875,31.989999771118164,107.03700256347656,1789.5699462890625,0.25,258.076,1199.4780029296876,1193.6815063476563,55.694488915285675
2020-03-05,1183.6800537109375,96.81999969482422,45.900001525878906,2085.260009765625,0.9259999990463257,3023.93994140625,39.619998931884766,107.677001953125,1734.030029296875,0.25,258.076,1193.9420166015625,1193.6925109863282,50.14851083585454
2020-03-06,1187.469970703125,95.94999694824219,41.279998779296875,2040.219970703125,0.7059999704360962,2972.3701171875,41.939998626708984,106.24800109863281,1699.8900146484375,0.25,258.076,1189.1739990234375,1193.8535095214843,53.611857996096006
2020-03-09,1187.699951171875,94.9000015258789,31.1299991607666,1954.77001953125,0.49900001287460327,2746.56005859375,54.459999084472656,103.93800354003906,1558.1600341796875,0.25,258.076,1186.693994140625,1193.6840087890625,52.707713746749825
2020-03-10,1199.9599609375,96.41000366210938,34.36000061035156,1962.9300537109375,0.7480000257492065,2882.22998046875,47.29999923706055,103.11199951171875,1656.5,0.25,258.076,1189.02998046875,1194.4005065917968,56.431914004217745
2020-03-11,1184.699951171875,96.51000213623047,32.97999954223633,1908.27001953125,0.8199999928474426,2741.3798828125,53.900001525878906,105.0260009765625,1562.5400390625,0.25,258.076,1188.7019775390625,1194.5995056152344,46.366679389262224
2020-03-12,1189.3900146484375,97.47000122070312,31.5,1834.3299560546875,0.8489999771118164,2480.639892578125,75.47000122070312,104.55000305175781,1392.1099853515625,0.25,258.076,1189.8439697265626,1195.1710083007813,41.00657965951944
2020-03-13,1209.969970703125,98.75,31.729999542236328,1771.43994140625,0.9509999752044678,2711.02001953125,57.83000183105469,104.61000061035156,1544.260009765625,0.25,258.076,1194.3439697265626,1196.4960083007813,52.04556534560459
2020-03-16,1210.800048828125,98.08999633789062,28.700000762939453,1714.8599853515625,0.7279999852180481,2386.1298828125,82.69000244140625,106.68800354003906,1298.780029296875,0.25,258.076,1198.9639892578125,1197.9270080566407,46.261337910026924
2020-03-17,1232.0400390625,99.58000183105469,26.950000762939453,1672.43994140625,0.996999979019165,2529.18994140625,75.91000366210938,106.17500305175781,1426.52001953125,0.25,258.076,1205.3800048828125,1200.3385070800782,57.968104890375855
2020-03-18,1237.989990234375,101.16000366210938,20.3700008392334,1591.199951171875,1.2660000324249268,2398.10009765625,76.44999694824219,107.37699890136719,1286.8399658203125,0.25,258.076,1216.0380126953125,1202.74150390625,61.83451758254754
2020-03-19,1255.3499755859375,102.76000213623047,25.219999313354492,1457.6400146484375,1.11899995803833,2409.389892578125,72.0,108.36000061035156,1341.219970703125,0.25,258.076,1229.2300048828124,1205.9405029296875,66.96192235903656
2020-03-20,1256.8800048828125,102.81999969482422,22.43000030517578,1566.1500244140625,0.9380000233650208,2304.919921875,66.04000091552734,111.29100036621094,1298.5400390625,0.25,258.076,1238.61201171875,1208.564501953125,73.63079743056699
2020-03-23,1253.949951171875,102.48999786376953,23.360000610351562,1482.4599609375,0.7639999985694885,2237.39990234375,61.59000015258789,110.46199798583984,1342.1199951171875,0.25,258.076,1247.2419921875,1210.9734985351563,79.51457162921348
2020-03-24,1262.9300537109375,101.73999786376953,24.010000228881836,1609.969970703125,0.8159999847412109,2447.330078125,61.66999816894531,110.8270034790039,1491.8299560546875,0.25,258.076,1253.4199951171875,1213.2375,82.37385349503421
2020-03-25,1228.5999755859375,101.05000305175781,24.489999771118164,1704.760009765625,0.8579999804496765,2475.56005859375,63.95000076293945,111.12000274658203,1472.5699462890625,0.25,258.076,1251.5419921875,1213.9399963378905,64.97728075645068
2020-03-26,1231.0799560546875,99.41999816894531,22.600000381469727,1686.239990234375,0.8109999895095825,2630.070068359375,61.0,110.8759994506836,1572.6099853515625,0.25,258.076,1246.68798828125,1214.9259948730469,64.66865340223677
2020-03-27,1212.18994140625,98.37000274658203,21.510000228881836,1717.72998046875,0.7490000128746033,2541.469970703125,65.54000091552734,109.10900115966797,1488.75,0.25,258.076,1237.7499755859376,1214.969989013672,57.31873346534307
2020-03-30,1211.6300048828125,99.18000030517578,20.09000015258789,1717.1199951171875,0.6700000166893005,2626.64990234375,57.08000183105469,107.41300201416016,1545.31005859375,0.25,258.076,1229.285986328125,1215.5464904785156,53.749767603131254
2020-03-31,1222.699951171875,99.05000305175781,20.479999542236328,1754.6400146484375,0.6980000138282776,2584.590087890625,53.540000915527344,108.03500366210938,1510.5899658203125,0.25,258.076,1221.2399658203126,1217.2674865722656,62.547866311307175
2020-04-01,1216.6600341796875,99.66999816894531,20.309999465942383,1685.4599609375,0.6349999904632568,2470.5,57.060001373291016,107.50800323486328,1427.72998046875,0.25,256.032,1218.8519775390625,1218.7834899902343,58.92518689691984
2020-04-02,1234.72998046875,100.18000030517578,25.31999969482422,1724.8599853515625,0.6269999742507935,2526.89990234375,50.90999984741211,107.25700378417969,1474.6099853515625,0.25,256.032,1219.581982421875,1221.335986328125,58.239055023437565
2020-04-03,1226.8499755859375,100.58000183105469,28.34000015258789,1725.43994140625,0.5870000123977661,2488.64990234375,46.79999923706055,108.0009994506836,1443.0400390625,0.25,256.032,1222.5139892578125,1223.3049865722655,55.10137093451222
2020-04-06,1235.800048828125,100.69000244140625,26.079999923706055,1791.8800048828125,0.6759999990463257,2663.679931640625,45.2400016784668,108.69300079345703,1592.8800048828125,0.25,256.032,1227.347998046875,1225.7099914550781,51.296376106477766
2020-04-07,1223.0999755859375,99.9800033569336,23.6299991607666,1823.5999755859375,0.7360000014305115,2659.409912109375,46.70000076293945,109.11499786376953,1585.3800048828125,0.25,256.032,1227.4280029296874,1226.8669921875,45.09455071619825
2020-04-08,1215.31005859375,100.12000274658203,25.09000015258789,1807.1400146484375,0.7639999985694885,2749.97998046875,43.349998474121094,108.6510009765625,1639.8900146484375,0.25,256.032,1227.1580078125,1228.3974975585938,35.92127413183759
2020-04-09,1214.75,99.5199966430664,22.760000228881836,1836.2099609375,0.7289999723434448,2789.820068359375,41.66999816894531,108.9219970703125,1601.72998046875,0.25,256.032,1223.16201171875,1229.6654968261719,35.084622851151764
2020-04-10,1209.510009765625,99.5199966430664,22.760000228881836,1860.699951171875,0.7289999723434448,2789.820068359375,41.66999816894531,108.56099700927734,1601.72998046875,0.25,256.032,1219.6940185546875,1229.6424987792968,34.52001904956289
2020-04-13,1211.0400390625,99.3499984741211,22.40999984741211,1825.760009765625,0.7490000128746033,2761.6298828125,41.16999816894531,108.33599853515625,1623.6800537109375,0.25,256.032,1214.7420166015625,1229.6544982910157,30.93540022011949
2020-04-14,1213.9000244140625,98.88999938964844,20.110000610351562,1857.0799560546875,0.7519999742507935,2846.06005859375,37.7599983215332,107.62300109863281,1695.760009765625,0.25,256.032,1212.9020263671875,1228.7474975585938,42.974589461942536
2020-04-15,1212.3800048828125,99.45999908447266,19.8700008392334,1857.0799560546875,0.6380000114440918,2783.360107421875,40.84000015258789,107.10399627685547,1647.9100341796875,0.25,256.032,1212.316015625,1227.4669982910157,40.98014324373338
2020-04-16,1222.550048828125,100.02999877929688,19.8700008392334,1857.0699462890625,0.609000027179718,2799.550048828125,40.11000061035156,107.60900115966797,1690.8699951171875,0.25,256.032,1213.876025390625,1225.827001953125,55.45613746354859
2020-04-17,1226.6400146484375,99.77999877929688,18.270000457763672,1914.530029296875,0.6539999842643738,2874.56005859375,38.150001525878906,107.94499969482422,1705.6400146484375,0.25,256.032,1217.3020263671874,1224.3150024414062,57.62161786910568
2020-04-20,1215.260009765625,99.95999908447266,-37.630001068115234,1898.3599853515625,0.6259999871253967,2823.159912109375,43.83000183105469,107.66999816894531,1667.5699462890625,0.25,256.032,1218.1460205078124,1222.3805053710937,46.234086252449934
2020-04-21,1218.0999755859375,100.26000213623047,10.010000228881836,1879.3800048828125,0.5709999799728394,2736.56005859375,45.40999984741211,107.66899871826172,1588.699951171875,0.25,256.032,1218.9860107421875,1220.1390014648437,50.75326440116885
2020-04-22,1230.8499755859375,100.38999938964844,13.779999732971191,1896.1500244140625,0.6190000176429749,2799.31005859375,41.97999954223633,107.72100067138672,1682.1199951171875,0.25,256.032,1222.6800048828125,1220.2515014648438,47.85065410171068
2020-04-23,1231.3800048828125,100.43000030517578,16.5,1914.72998046875,0.6129999756813049,2797.800048828125,41.380001068115234,107.81300354003906,1664.6700439453125,0.25,256.032,1224.44599609375,1220.26650390625,52.73189045936396
2020-04-24,1232.449951171875,100.37999725341797,16.940000534057617,1889.010009765625,0.5960000157356262,2836.739990234375,35.93000030517578,107.66699981689453,1702.56005859375,0.25,256.032,1225.6079833984375,1221.2795043945312,47.76749543639754
2020-04-27,1229.5,100.04000091552734,12.779999732971191,1922.77001953125,0.656000018119812,2878.47998046875,33.290000915527344,107.49500274658203,1725.0400390625,0.25,256.032,1228.4559814453125,1222.1730041503906,54.90198645032566
2020-04-28,1220.8699951171875,99.87000274658203,12.34000015258789,1934.0899658203125,0.6100000143051147,2863.389892578125,33.56999969482422,107.28299713134766,1713.2099609375,0.25,256.032,1229.0099853515626,1222.0815063476562,54.20442901847117
2020-04-29,1220.4000244140625,99.56999969482422,15.0600004196167,1947.56005859375,0.6269999742507935,2939.510009765625,31.229999542236328,106.74099731445312,1797.760009765625,0.25,256.032,1226.9199951171875,1222.268505859375,54.278382820284804
2020-04-30,1210.7900390625,99.0199966430664,18.84000015258789,1947.56005859375,0.621999979019165,2912.429931640625,34.150001525878906,106.61000061035156,1731.239990234375,0.25,256.032,1222.802001953125,1221.0715087890626,50.9091129776181
2020-05-01,1212.9599609375,98.80000305175781,19.780000686645508,1947.56005859375,0.6420000195503235,2830.7099609375,37.189998626708984,107.28500366210938,1644.4000244140625,0.25,255.802,1218.90400390625,1220.3770080566405,51.35130026565491
2020-05-04,1223.780029296875,99.4800033569336,20.389999389648438,1895.3699951171875,0.6370000243186951,2842.739990234375,35.970001220703125,106.73799896240234,1661.300048828125,0.25,255.802,1217.760009765625,1219.7760070800782,56.25317730972068
2020-05-05,1222.449951171875,99.70999908447266,24.559999465942383,1895.3699951171875,0.6570000052452087,2868.43994140625,33.61000061035156,106.6969985961914,1689.5,0.25,255.802,1218.0760009765625,1219.743505859375,56.38875421887174
2020-05-06,1221.25,100.08999633789062,23.989999771118164,1928.760009765625,0.7110000252723694,2848.419921875,34.119998931884766,106.4520034790039,1707.75,0.25,255.802,1218.24599609375,1220.0405029296876,49.06926422059399
2020-05-07,1228.530029296875,99.88999938964844,23.549999237060547,1928.6099853515625,0.6309999823570251,2881.18994140625,31.440000534057617,106.19100189208984,1724.9300537109375,0.25,255.802,1221.793994140625,1220.7295043945312,51.294000444622
2020-05-08,1218.6300048828125,99.7300033569336,24.739999771118164,1945.8199462890625,0.6819999814033508,2929.800048828125,27.979999542236328,106.35900115966797,1775.6099853515625,0.25,255.802,1222.9280029296874,1221.1855041503907,52.35499550446397
2020-05-11,1218.699951171875,100.23999786376953,24.139999389648438,1935.4000244140625,0.7260000109672546,2930.18994140625,27.56999969482422,106.91899871826172,1774.31005859375,0.25,255.802,1221.9119873046875,1221.5684997558594,50.43615614656266
2020-05-12,1222.4000244140625,99.93000030517578,25.780000686645508,1922.1700439453125,0.6779999732971191,2870.1201171875,33.040000915527344,107.56600189208984,1725.239990234375,0.25,255.802,1221.902001953125,1221.9934997558594,42.92654115608165
2020-05-13,1225.6500244140625,100.23999786376953,25.290000915527344,1940.4200439453125,0.6489999890327454,2820.0,35.279998779296875,107.13800048828125,1691.5699462890625,0.25,255.802,1222.7820068359374,1222.657000732422,45.41234191442366
2020-05-14,1226.550048828125,100.47000122070312,27.559999465942383,1924.9599609375,0.6190000176429749,2852.5,32.61000061035156,106.93299865722656,1739.050048828125,0.25,255.802,1222.3860107421874,1222.857000732422,45.26340753981788
2020-05-15,1225.4599609375,100.4000015258789,29.43000030517578,1927.280029296875,0.6399999856948853,2863.699951171875,31.889999389648438,107.36499786376953,1700.8900146484375,0.25,255.802,1223.752001953125,1222.797998046875,46.65671304059706
2020-05-18,1232.0899658203125,99.66999816894531,31.81999969482422,1937.1099853515625,0.7440000176429749,2953.909912109375,29.299999237060547,107.20800018310547,1782.5400390625,0.25,255.802,1226.4300048828125,1223.6394958496094,59.60282336421649
2020-05-19,1224.199951171875,99.37000274658203,32.5,1980.6099853515625,0.7110000252723694,2922.93994140625,30.530000686645508,107.38099670410156,1775.6099853515625,0.25,255.802,1226.789990234375,1223.9444946289063,52.88571889432535
2020-05-20,1224.3199462890625,99.12000274658203,33.4900016784668,1989.6400146484375,0.6800000071525574,2971.610107421875,27.989999771118164,107.80999755859375,1840.7900390625,0.25,255.802,1226.523974609375,1223.6179931640625,62.005194737674415
2020-05-21,1226.550048828125,99.37000274658203,33.91999816894531,1998.31005859375,0.6769999861717224,2948.510009765625,29.530000686645508,107.59100341796875,1790.9599609375,0.25,255.802,1226.523974609375,1223.3764953613281,62.04572897596697
2020-05-22,1233.3900146484375,99.86000061035156,33.25,1970.1300048828125,0.6570000052452087,2955.449951171875,28.15999984741211,107.63099670410156,1802.31005859375,0.25,255.802,1228.1099853515625,1223.4234985351563,59.16453438693951
2020-05-25,1239.550048828125,99.86000061035156,33.25,1994.5999755859375,0.6570000052452087,2955.449951171875,28.15999984741211,107.73500061035156,1802.31005859375,0.25,255.802,1229.602001953125,1223.9260009765626,64.93190868857073
2020-05-26,1240.02001953125,98.91000366210938,34.349998474121094,2029.780029296875,0.6980000138282776,2991.77001953125,28.010000228881836,107.68699645996094,1820.510009765625,0.25,255.802,1232.766015625,1224.8835021972657,66.60174132361325
2020-05-27,1230.8699951171875,99.05999755859375,32.810001373291016,2031.199951171875,0.6800000071525574,3036.1298828125,27.6200008392334,107.49099731445312,1847.31005859375,0.25,255.802,1234.076025390625,1225.407000732422,52.00338618145334
2020-05-28,1238.300048828125,98.37999725341797,33.709999084472656,2028.5400390625,0.7049999833106995,3029.72998046875,28.59000015258789,107.7979965209961,1804.6600341796875,0.25,255.802,1236.426025390625,1226.7825012207031,67.58442624203099
2020-05-29,1237.97998046875,98.33999633789062,35.4900016784668,2029.5999755859375,0.6480000019073486,3044.31005859375,27.510000228881836,107.64299774169922,1852.489990234375,0.25,255.802,1237.3440185546874,1228.0335021972655,67.15902918106164
2020-06-01,1230.469970703125,97.83000183105469,35.439998626708984,2065.080078125,0.6620000004768372,3055.72998046875,28.229999542236328,107.70800018310547,1843.239990234375,0.25,257.042,1235.5280029296875,1228.3679992675782,56.726036289198504
2020-06-02,1222.989990234375,97.66999816894531,36.810001373291016,2087.18994140625,0.6800000071525574,3080.820068359375,26.84000015258789,107.5479965209961,1883.4100341796875,0.25,257.042,1232.1219970703125,1228.395001220703,47.92897833652985
2020-06-03,1219.1400146484375,97.27999877929688,37.290000915527344,2147.0,0.7609999775886536,3122.8701171875,25.65999984741211,108.80899810791016,1937.469970703125,0.25,257.042,1229.7760009765625,1228.289501953125,44.48414292178774
2020-06-04,1215.8199462890625,96.68000030517578,37.40999984741211,2151.179931640625,0.8199999928474426,3112.35009765625,25.809999465942383,108.9990005493164,1953.469970703125,0.25,257.042,1225.27998046875,1227.6539978027345,43.05477136530016
2020-06-05,1215.3800048828125,96.94000244140625,39.54999923706055,2181.8701171875,0.9039999842643738,3193.929931640625,24.520000457763672,109.1500015258789,2003.760009765625,0.25,257.042,1220.7599853515626,1227.4914978027343,36.78222850499596
2020-06-08,1201.1099853515625,96.62000274658203,38.189998626708984,2184.2900390625,0.8840000033378601,3232.389892578125,25.809999465942383,109.63400268554688,1998.6199951171875,0.25,257.042,1214.88798828125,1226.6119995117188,33.41004730890063
2020-06-09,1195.72998046875,96.31999969482422,38.939998626708984,2188.919921875,0.8289999961853027,3207.179931640625,27.56999969482422,108.40899658203125,1998.0899658203125,0.25,257.042,1209.435986328125,1225.278497314453,30.9018825029804
2020-06-10,1197.300048828125,95.95999908447266,39.599998474121094,2195.68994140625,0.7480000257492065,3190.139892578125,27.56999969482422,107.7969970703125,2004.6600341796875,0.25,257.042,1205.0679931640625,1223.8609985351563,30.287149988646945
2020-06-11,1189.739990234375,96.7300033569336,36.34000015258789,2176.780029296875,0.652999997138977,3002.10009765625,40.790000915527344,106.98100280761719,1876.6600341796875,0.25,257.042,1199.852001953125,1222.0204956054688,20.86512999763714
2020-06-12,1204.760009765625,97.31999969482422,36.2599983215332,2132.300048828125,0.6990000009536743,3041.31005859375,36.09000015258789,106.8030014038086,1903.8499755859375,0.25,257.042,1197.7280029296876,1220.985498046875,29.234851642122507
2020-06-15,1202.6099853515625,96.68000030517578,37.119998931884766,2030.8199462890625,0.7020000219345093,3066.590087890625,34.400001525878906,107.31099700927734,1931.010009765625,0.25,257.042,1198.0280029296875,1219.5114990234374,28.110067156279428
2020-06-16,1206.9000244140625,96.95999908447266,38.380001068115234,2138.050048828125,0.7559999823570251,3124.739990234375,33.66999816894531,107.46399688720703,1965.68994140625,0.25,257.042,1200.26201171875,1218.646502685547,35.12850729177396
2020-06-17,1211.1500244140625,97.16000366210938,37.959999084472656,2141.050048828125,0.7329999804496765,3113.489990234375,33.470001220703125,107.41000366210938,1984.0799560546875,0.25,257.042,1203.0320068359374,1217.9880065917969,32.46355328828581
2020-06-18,1214.3499755859375,97.41999816894531,38.84000015258789,2133.47998046875,0.6940000057220459,3115.340087890625,32.939998626708984,106.89399719238281,1980.1400146484375,0.25,257.042,1207.95400390625,1217.3780029296875,35.28461984045295
2020-06-19,1211.3599853515625,97.62000274658203,39.75,2141.320068359375,0.6970000267028809,3097.739990234375,35.119998931884766,107.00599670410156,1966.7900390625,0.25,257.042,1209.2739990234375,1216.2765014648437,37.389501360540926
2020-06-22,1210.8900146484375,97.04000091552734,40.459999084472656,2126.72998046875,0.7039999961853027,3117.860107421875,31.770000457763672,106.83100128173828,1983.3599853515625,0.25,257.042,1210.9300048828125,1214.8434997558593,41.20131443697041
2020-06-23,1208.0,96.69000244140625,40.369998931884766,2131.239990234375,0.7089999914169312,3131.2900390625,31.3700008392334,106.90299987792969,1987.72998046875,0.25,257.042,1211.15,1213.242498779297,41.78467067205119
2020-06-24,1207.949951171875,97.1500015258789,38.0099983215332,2161.510009765625,0.6840000152587891,3050.330078125,33.84000015258789,106.43199920654297,1944.300048828125,0.25,257.042,1210.5099853515626,1212.0964965820312,43.902079144053225
2020-06-25,1205.25,97.43000030517578,38.720001220703125,2112.3701171875,0.6740000247955322,3083.760009765625,32.220001220703125,107.04399871826172,1961.050048828125,0.25,257.042,1208.689990234375,1210.443994140625,42.4165440605324
2020-06-26,1201.52001953125,97.5,38.4900016784668,2134.64990234375,0.6359999775886536,3009.050048828125,34.72999954223633,107.15499877929688,1921.9200439453125,0.25,257.042,1206.7219970703125,1208.62099609375,50.36447403542961
2020-06-29,1202.6300048828125,97.54000091552734,39.70000076293945,2093.47998046875,0.6359999775886536,3053.239990234375,31.780000686645508,107.21800231933594,1943.9000244140625,0.25,257.042,1205.0699951171875,1207.2289978027343,56.63717853276378
2020-06-30,1198.489990234375,97.38999938964844,39.27000045776367,2108.330078125,0.652999997138977,3100.2900390625,30.43000030517578,107.58999633789062,1996.43994140625,0.25,257.042,1203.1679931640624,1206.0039978027344,51.09068775538518
2020-07-01,1198.3900146484375,97.19999694824219,39.81999969482422,2106.699951171875,0.6819999814033508,3115.860107421875,28.6200008392334,107.98899841308594,1966.97998046875,0.25,258.352,1201.256005859375,1204.9664978027345,59.1845728313645
2020-07-02,1200.699951171875,97.31999969482422,40.650001525878906,2135.3701171875,0.6690000295639038,3130.010009765625,27.68000030517578,107.36599731445312,1993.6099853515625,0.25,258.352,1200.34599609375,1204.210498046875,44.095298963215456
2020-07-03,1198.1700439453125,97.31999969482422,40.650001525878906,2152.409912109375,0.6690000295639038,3130.010009765625,27.68000030517578,107.49700164794922,1993.6099853515625,0.25,258.352,1199.6760009765626,1203.35,43.61338989717368
2020-07-06,1198.5,96.79000091552734,40.630001068115234,2187.929931640625,0.6840000152587891,3179.719970703125,27.940000534057617,107.5790023803711,2046.81005859375,0.25,258.352,1198.85,1203.219500732422,36.363456210787476
2020-07-07,1190.9300537109375,96.87999725341797,40.619998931884766,2164.169921875,0.6499999761581421,3145.320068359375,29.43000030517578,107.35900115966797,2019.77001953125,0.25,258.352,1197.3380126953125,1202.9795043945312,20.369005538303014
2020-07-08,1195.699951171875,96.43000030517578,40.900001525878906,2158.8798828125,0.652999997138977,3169.93994140625,28.079999923706055,107.5780029296875,2049.760009765625,0.25,258.352,1196.8,1202.8994995117187,23.871887922454164
2020-07-09,1192.02001953125,96.69999694824219,39.619998931884766,2167.89990234375,0.6050000190734863,3152.050048828125,29.260000228881836,107.28299713134766,2076.719970703125,0.25,258.352,1195.064013671875,1203.0135009765625,23.419155025988104
2020-07-10,1195.77001953125,96.6500015258789,40.54999923706055,2150.25,0.6330000162124634,3185.0400390625,27.290000915527344,107.23600006103516,2069.7900390625,0.25,258.352,1194.5840087890624,1202.5640014648438,30.937760664345888
2020-07-13,1199.52001953125,96.45999908447266,40.099998474121094,2186.06005859375,0.6399999856948853,3155.219970703125,32.189998626708984,106.91000366210938,2034.1400146484375,0.25,258.352,1194.7880126953125,1202.4095031738282,39.53593463800251
2020-07-14,1203.780029296875,96.26000213623047,40.290000915527344,2183.610107421875,0.6150000095367432,3197.52001953125,29.520000457763672,107.2760009765625,2069.7900390625,0.25,258.352,1197.3580078125,1202.2535034179687,45.33873327074646
2020-07-15,1203.97998046875,96.08000183105469,41.20000076293945,2201.8798828125,0.6299999952316284,3226.56005859375,27.760000228881836,107.24500274658203,2064.169921875,0.25,258.352,1199.014013671875,1201.895001220703,48.49628841662235
2020-07-16,1200.469970703125,96.3499984741211,40.75,2183.760009765625,0.6119999885559082,3215.570068359375,28.0,106.91699981689453,2055.919921875,0.25,258.352,1200.70400390625,1201.2010009765625,48.750225197738146
2020-07-17,1204.22998046875,95.94000244140625,40.59000015258789,2201.18994140625,0.628000020980835,3224.72998046875,25.68000030517578,107.27799987792969,2068.989990234375,0.25,258.352,1202.39599609375,1200.844500732422,51.79130301680193
2020-07-20,1202.530029296875,95.83000183105469,40.810001373291016,2198.199951171875,0.6200000047683716,3251.840087890625,24.459999084472656,107.08999633789062,2110.469970703125,0.25,258.352,1202.997998046875,1200.4265014648438,54.784567255148
2020-07-21,1200.030029296875,95.12000274658203,41.959999084472656,2228.830078125,0.6069999933242798,3257.300048828125,24.84000015258789,107.19599914550781,2096.590087890625,0.25,258.352,1202.247998046875,1200.0280029296875,51.83777765010684
2020-07-22,1192.739990234375,94.97000122070312,41.900001525878906,2228.659912109375,0.5950000286102295,3276.02001953125,24.31999969482422,106.83200073242188,2105.429931640625,0.25,258.352,1200.0,1199.2675048828125,41.97578263437684
2020-07-23,1197.22998046875,94.69000244140625,41.06999969482422,2216.18994140625,0.5820000171661377,3235.659912109375,26.079999923706055,107.17500305175781,2070.969970703125,0.25,258.352,1199.352001953125,1198.86650390625,49.088373656709535
2020-07-24,1200.93994140625,94.44000244140625,41.290000915527344,2200.43994140625,0.5889999866485596,3215.6298828125,25.84000015258789,106.83799743652344,2038.7099609375,0.25,258.352,1198.693994140625,1198.8375,52.220563206285306
2020-07-27,1200.489990234375,93.66999816894531,41.599998474121094,2217.860107421875,0.609000027179718,3239.409912109375,24.739999771118164,105.99299621582031,2104.6201171875,0.25,258.352,1198.285986328125,1198.7304992675781,59.995813539116604
2020-07-28,1195.9200439453125,93.76000213623047,41.040000915527344,2256.989990234375,0.5809999704360962,3218.43994140625,25.440000534057617,105.26100158691406,2060.39990234375,0.25,258.352,1197.4639892578125,1198.602001953125,50.23109399873367
2020-07-29,1199.3699951171875,93.26000213623047,41.27000045776367,2263.159912109375,0.5789999961853027,3258.43994140625,24.100000381469727,105.10700225830078,2106.300048828125,0.25,258.352,1198.789990234375,1198.6510009765625,57.75481238585636
2020-07-30,1190.72998046875,93.0199966430664,39.91999816894531,2267.010009765625,0.5410000085830688,3246.219970703125,24.760000228881836,105.03199768066406,2147.550048828125,0.25,258.352,1197.489990234375,1198.1525024414063,45.17974390346412
2020-07-31,1189.56005859375,93.48999786376953,40.27000045776367,2249.3701171875,0.5360000133514404,3271.1201171875,24.459999084472656,104.68299865722656,2136.409912109375,0.25,258.352,1195.214013671875,1197.7220031738282,39.97985950778602
2020-08-03,1193.3900146484375,93.5,41.0099983215332,2251.0400390625,0.5630000233650208,3294.610107421875,24.280000686645508,105.86599731445312,2177.27001953125,0.25,259.316,1193.7940185546875,1197.46650390625,39.45596939673007
2020-08-04,1191.760009765625,93.37999725341797,41.70000076293945,2279.969970703125,0.5149999856948853,3306.510009765625,23.760000228881836,106.02999877929688,2209.81005859375,0.25,259.316,1192.96201171875,1197.5080017089845,37.948677202816064
2020-08-05,1192.25,92.83000183105469,42.189998626708984,2311.860107421875,0.5429999828338623,3327.77001953125,22.989999771118164,105.61399841308594,2207.56005859375,0.25,259.316,1191.5380126953125,1197.3355041503905,41.380007783057515
2020-08-06,1185.1800537109375,92.79000091552734,41.95000076293945,2342.610107421875,0.5360000133514404,3349.159912109375,22.649999618530273,105.5530014038086,2204.93994140625,0.25,259.316,1190.42802734375,1196.993505859375,31.31980072155841
2020-08-07,1183.1700439453125,93.44000244140625,41.220001220703125,2351.669921875,0.5619999766349792,3351.280029296875,22.209999084472656,105.58100128173828,2178.860107421875,0.25,259.316,1189.1500244140625,1196.363507080078,31.13050182392736
2020-08-10,1188.1500244140625,93.58000183105469,41.939998626708984,2386.3798828125,0.5740000009536743,3360.469970703125,22.1299991607666,105.8499984741211,2179.60009765625,0.25,259.316,1188.1020263671876,1195.7950073242187,38.954928126056885
2020-08-11,1185.18994140625,93.62999725341797,41.61000061035156,2418.669921875,0.6579999923706055,3333.68994140625,24.030000686645508,105.99199676513672,2154.7900390625,0.25,259.316,1186.7880126953125,1194.8655029296874,42.3659316895915
2020-08-12,1184.97998046875,93.44000244140625,42.66999816894531,2432.35009765625,0.6700000166893005,3380.35009765625,22.280000686645508,106.52100372314453,2227.219970703125,0.25,259.316,1185.3340087890624,1193.9155029296876,36.44001837688836
2020-08-13,1182.75,93.33999633789062,42.2400016784668,2437.530029296875,0.7160000205039978,3373.429931640625,22.1299991607666,106.8219985961914,2202.409912109375,0.25,259.316,1184.847998046875,1193.0295043945312,29.18280218828407
2020-08-14,1184.1199951171875,93.0999984741211,42.0099983215332,2407.489990234375,0.7089999914169312,3372.85009765625,22.049999237060547,106.98600006103516,2200.81005859375,0.25,259.316,1185.03798828125,1192.0240051269532,31.651994975960676
2020-08-17,1186.0400390625,92.8499984741211,42.88999938964844,2407.489990234375,0.6830000281333923,3381.989990234375,21.350000381469727,106.55400085449219,2227.610107421875,0.25,259.316,1184.6159912109374,1191.1995056152343,38.22683171629307
2020-08-18,1183.0999755859375,92.2699966430664,42.88999938964844,2348.239990234375,0.6690000295639038,3389.780029296875,21.510000228881836,105.99500274658203,2214.659912109375,0.25,259.316,1184.197998046875,1190.3530029296876,30.373897831887334
2020-08-19,1183.6400146484375,92.88999938964844,42.93000030517578,2360.5400390625,0.675000011920929,3374.85009765625,22.540000915527344,105.2239990234375,2200.77001953125,0.25,259.316,1183.9300048828125,1189.8980041503905,39.37035830499666
2020-08-20,1181.2099609375,92.79000091552734,42.58000183105469,2274.219970703125,0.6439999938011169,3385.510009765625,22.719999313354492,106.0790023803711,2181.0400390625,0.25,259.316,1183.6219970703125,1189.0970031738282,37.93690878437957
2020-08-21,1184.2900390625,93.25,42.34000015258789,2304.590087890625,0.6399999856948853,3397.159912109375,22.540000915527344,105.66500091552734,2198.330078125,0.25,259.316,1183.656005859375,1188.2645080566406,36.562442543342605
2020-08-24,1191.199951171875,93.30000305175781,42.619998931884766,2329.830078125,0.6460000276565552,3431.280029296875,22.3700008392334,105.87699890136719,2219.3701171875,0.25,259.316,1184.68798828125,1187.8000061035157,49.28454696291121
2020-08-25,1188.25,93.0199966430664,43.349998474121094,2366.72998046875,0.6819999814033508,3443.6201171875,22.030000686645508,105.99299621582031,2243.06005859375,0.25,259.316,1185.7179931640626,1187.41650390625,45.19231897836778
2020-08-26,1186.4599609375,93.01000213623047,43.38999938964844,2369.320068359375,0.6869999766349792,3478.72998046875,23.270000457763672,106.40499877929688,2250.22998046875,0.25,259.316,1186.281982421875,1186.7710021972657,51.76197758246929
2020-08-27,1183.8499755859375,93.01000213623047,43.040000915527344,2344.449951171875,0.7459999918937683,3484.550048828125,24.469999313354492,105.85600280761719,2220.14990234375,0.25,259.316,1186.8099853515625,1186.427001953125,50.92081335757976
2020-08-28,1186.5799560546875,92.37000274658203,42.970001220703125,2353.800048828125,0.7289999723434448,3508.010009765625,22.959999084472656,106.63700103759766,2264.139892578125,0.25,259.316,1187.26796875,1186.2779968261718,47.73570689181671
2020-08-31,1179.5899658203125,92.13999938964844,42.61000061035156,2326.169921875,0.6930000185966492,3500.31005859375,26.40999984741211,105.53500366210938,2260.429931640625,0.25,259.316,1184.9459716796875,1185.5879943847656,42.76490311672991
2020-09-01,1187.0400390625,92.33999633789062,42.7599983215332,2349.550048828125,0.671999990940094,3526.64990234375,26.1200008392334,106.00399780273438,2304.679931640625,0.25,259.997,1184.7039794921875,1185.3519958496095,52.24210957055019
2020-09-02,1184.9200439453125,92.8499984741211,41.5099983215332,2364.3701171875,0.6510000228881836,3580.840087890625,26.56999969482422,105.89600372314453,2370.179931640625,0.25,259.997,1184.39599609375,1184.985498046875,52.36748250723815
2020-09-03,1188.6500244140625,92.73999786376953,41.369998931884766,2395.89990234375,0.621999979019165,3455.06005859375,33.599998474121094,106.20800018310547,2234.22998046875,0.25,259.997,1185.356005859375,1185.1589965820312,54.70015755850182
2020-09-04,1190.780029296875,92.72000122070312,39.77000045776367,2368.25,0.7210000157356262,3426.9599609375,30.75,106.08599853515625,2212.72998046875,0.25,259.997,1186.1960205078126,1185.5394958496095,54.89666930647122
2020-09-07,1186.4200439453125,92.72000122070312,39.77000045776367,2384.219970703125,0.7210000157356262,3426.9599609375,30.75,106.31099700927734,2212.72998046875,0.25,259.997,1187.5620361328124,1185.4529968261718,53.33205921700651
2020-09-08,1186.81005859375,93.4800033569336,36.7599983215332,2401.909912109375,0.6840000152587891,3331.840087890625,31.459999084472656,106.30500030517578,2108.610107421875,0.25,259.997,1187.5160400390625,1185.534002685547,53.19110241658208
2020-09-09,1189.239990234375,93.26000213623047,38.04999923706055,2375.81005859375,0.703000009059906,3398.9599609375,28.809999465942383,105.96800231933594,2169.610107421875,0.25,259.997,1188.380029296875,1185.747003173828,58.083392316464156
2020-09-10,1184.3800048828125,93.33999633789062,37.29999923706055,2396.47998046875,0.6850000023841858,3339.18994140625,29.709999084472656,106.23100280761719,2137.780029296875,0.25,259.997,1187.526025390625,1185.8285034179687,50.087430630852936
2020-09-11,1187.22998046875,93.33000183105469,37.33000183105469,2396.68994140625,0.6690000295639038,3340.969970703125,26.8700008392334,106.14299774169922,2136.3701171875,0.25,259.997,1186.816015625,1185.9840026855468,45.81137402181248
2020-09-14,1186.969970703125,93.06999969482422,37.2599983215332,2427.909912109375,0.6710000038146973,3383.5400390625,25.850000381469727,106.1449966430664,2181.75,0.25,259.997,1186.9260009765626,1186.030499267578,48.56819832760758
2020-09-15,1180.8399658203125,93.05000305175781,38.279998779296875,2443.580078125,0.6790000200271606,3401.199951171875,25.59000015258789,105.71499633789062,2219.18994140625,0.25,259.997,1185.731982421875,1185.917498779297,44.269978966233964
2020-09-16,1179.25,93.20999908447266,40.15999984741211,2435.919921875,0.6869999766349792,3385.489990234375,26.040000915527344,105.38099670410156,2195.5400390625,0.25,259.997,1183.733984375,1185.697998046875,45.21034422274702
2020-09-17,1172.0699462890625,92.97000122070312,40.970001220703125,2406.169921875,0.6840000152587891,3357.010009765625,26.459999084472656,105.06199645996094,2194.14990234375,0.25,259.997,1181.27197265625,1185.2409973144531,36.17303424112564
2020-09-18,1168.6500244140625,92.93000030517578,41.11000061035156,2412.39990234375,0.6940000057220459,3319.469970703125,25.829999923706055,104.697998046875,2160.969970703125,0.25,259.997,1177.5559814453125,1184.4589965820312,38.81394350305051
2020-09-21,1163.989990234375,93.54000091552734,39.310001373291016,2389.389892578125,0.6710000038146973,3281.06005859375,27.780000686645508,104.53700256347656,2154.280029296875,0.25,259.997,1172.9599853515624,1183.0984985351563,25.005294759247292
2020-09-22,1163.8499755859375,93.98999786376953,39.599998474121094,2332.590087890625,0.6639999747276306,3315.570068359375,26.860000610351562,104.69000244140625,2180.260009765625,0.25,259.997,1169.5619873046876,1181.8784973144532,26.12721016176502
2020-09-23,1162.5,94.38999938964844,39.93000030517578,2333.239990234375,0.6759999990463257,3236.919921875,28.579999923706055,105.03399658203125,2126.68994140625,0.25,259.997,1166.2119873046875,1180.6804992675782,18.68251392482786
2020-09-24,1169.72998046875,94.3499984741211,40.310001373291016,2272.699951171875,0.6660000085830688,3246.590087890625,28.510000228881836,105.30400085449219,2147.419921875,0.25,259.997,1165.743994140625,1179.9744995117187,27.534562812342045
2020-09-25,1168.5,94.58000183105469,40.25,2278.7900390625,0.6589999794960022,3298.4599609375,26.3799991607666,105.43499755859375,2177.840087890625,0.25,259.997,1165.7139892578125,1179.0705017089845,29.50582572252641
2020-09-28,1173.43994140625,94.26000213623047,40.599998474121094,2308.080078125,0.6629999876022339,3351.60009765625,26.190000534057617,105.5739974975586,2237.639892578125,0.25,259.997,1167.6039794921876,1178.7630004882812,36.15063248243666
2020-09-29,1166.4100341796875,93.88999938964844,39.290000915527344,2327.889892578125,0.6449999809265137,3335.469970703125,26.270000457763672,105.43299865722656,2242.52001953125,0.25,259.997,1168.1159912109374,1177.7315002441405,28.40924570950962
2020-09-30,1167.8599853515625,93.88999938964844,40.220001220703125,2327.889892578125,0.6769999861717224,3363.0,26.3700008392334,105.66400146484375,2244.1201171875,0.25,259.997,1169.18798828125,1176.8784973144532,33.299520699748754
2020-10-01,1163.780029296875,93.70999908447266,38.720001220703125,2327.889892578125,0.6769999861717224,3380.800048828125,26.700000762939453,105.45099639892578,2291.77001953125,0.25,260.319,1167.997998046875,1175.6349975585938,26.869114990969294
2020-10-02,1161.97998046875,93.83999633789062,37.04999923706055,2327.889892578125,0.6959999799728394,3348.419921875,27.6299991607666,105.54299926757812,2221.1201171875,0.25,260.319,1166.693994140625,1174.1949951171875,26.07685583804276
2020-10-05,1165.3599853515625,93.51000213623047,39.220001220703125,2358.0,0.7620000243186951,3408.60009765625,27.959999084472656,105.51000213623047,2295.56005859375,0.25,260.319,1165.0780029296875,1173.1419921875,34.35725246584333
2020-10-06,1156.0899658203125,93.83000183105469,40.66999816894531,2365.89990234375,0.7419999837875366,3360.969970703125,29.479999542236328,105.70700073242188,2281.090087890625,0.25,260.319,1163.0139892578125,1171.6059875488281,29.74097336269068
2020-10-07,1163.8900146484375,93.62999725341797,39.95000076293945,2386.93994140625,0.7850000262260437,3419.43994140625,28.059999465942383,105.63999938964844,2328.840087890625,0.25,260.319,1162.2199951171874,1170.3384887695313,42.92145893368714
2020-10-08,1156.5,93.61000061035156,41.189998626708984,2391.9599609375,0.7649999856948853,3446.830078125,26.360000610351562,105.96499633789062,2356.159912109375,0.25,260.319,1160.7639892578125,1168.9444885253906,40.1619041029544
2020-10-09,1150.3599853515625,93.05999755859375,40.599998474121094,2391.9599609375,0.7749999761581421,3477.139892578125,25.0,106.01799774169922,2398.0400390625,0.25,260.319,1158.439990234375,1167.1009887695313,39.221860345689684
2020-10-12,1142.6500244140625,93.06999969482422,39.43000030517578,2403.72998046875,0.7770000100135803,3534.219970703125,25.06999969482422,105.63200378417969,2433.47998046875,0.25,260.319,1153.897998046875,1164.884991455078,35.028241768851984
2020-10-13,1146.4000244140625,93.52999877929688,40.20000076293945,2403.14990234375,0.7269999980926514,3511.929931640625,26.06999969482422,105.33899688720703,2430.1298828125,0.25,260.319,1151.960009765625,1163.1629943847656,39.00272324160807
2020-10-14,1147.8900146484375,93.37999725341797,41.040000915527344,2380.47998046875,0.722000002861023,3488.669921875,26.399999618530273,105.47000122070312,2417.199951171875,0.25,260.319,1148.760009765625,1161.5949951171874,33.81261637512192
2020-10-15,1146.31005859375,93.86000061035156,40.959999084472656,2361.2099609375,0.7310000061988831,3483.340087890625,26.969999313354492,105.13899993896484,2411.1298828125,0.25,260.319,1146.722021484375,1160.3070007324218,33.638104907668435
2020-10-16,1144.1300048828125,93.68000030517578,40.880001068115234,2341.530029296875,0.7440000176429749,3483.81005859375,27.40999984741211,105.36000061035156,2399.760009765625,0.25,260.319,1145.476025390625,1159.0809997558595,27.471199443035985
2020-10-19,1141.1800537109375,93.43000030517578,40.83000183105469,2346.739990234375,0.7609999775886536,3426.919921875,29.18000030517578,105.427001953125,2385.85009765625,0.25,260.319,1145.18203125,1157.9405029296875,29.309502548722037
2020-10-20,1137.0,93.06999969482422,41.459999084472656,2358.409912109375,0.796999990940094,3443.1201171875,29.350000381469727,105.47000122070312,2385.820068359375,0.25,260.319,1143.3020263671874,1156.5980041503906,25.7771194122235
2020-10-21,1136.0,92.61000061035156,40.029998779296875,2370.860107421875,0.8159999847412109,3435.56005859375,28.649999618530273,105.47699737548828,2367.260009765625,0.25,260.319,1140.9240234375,1155.2730041503905,27.08679017317762
2020-10-22,1132.030029296875,92.94999694824219,40.63999938964844,2355.050048828125,0.8479999899864197,3453.489990234375,28.110000610351562,104.6760025024414,2370.449951171875,0.25,260.319,1138.068017578125,1153.388006591797,26.150714652316594
2020-10-23,1134.1500244140625,92.7699966430664,39.849998474121094,2360.81005859375,0.8410000205039978,3465.389892578125,27.549999237060547,104.9209976196289,2360.22998046875,0.25,260.319,1136.072021484375,1151.6705078125,24.63843159661465
2020-10-26,1127.760009765625,93.05000305175781,38.560001373291016,2343.909912109375,0.8009999990463257,3400.969970703125,32.459999084472656,104.68299865722656,2308.449951171875,0.25,260.319,1133.3880126953125,1149.3865112304688,25.848299862007536
2020-10-27,1131.6400146484375,92.94000244140625,39.56999969482422,2330.840087890625,0.777999997138977,3390.679931640625,33.349998474121094,104.83200073242188,2300.909912109375,0.25,260.319,1132.316015625,1147.6480102539062,20.537172018164455
2020-10-28,1128.22998046875,93.41000366210938,37.38999938964844,2345.260009765625,0.781000018119812,3271.030029296875,40.279998779296875,104.54499816894531,2222.97998046875,0.25,260.319,1130.76201171875,1145.6665100097657,22.147764008620683
2020-10-29,1134.1800537109375,93.95999908447266,36.16999816894531,2326.669921875,0.8349999785423279,3310.110107421875,37.59000015258789,104.31500244140625,2283.64990234375,0.25,260.319,1131.1920166015625,1144.1865112304688,33.99929500613247
2020-10-30,1129.52001953125,94.04000091552734,35.790000915527344,2267.14990234375,0.8600000143051147,3269.9599609375,38.02000045776367,104.55400085449219,2246.14990234375,0.25,260.319,1130.266015625,1142.5635131835938,36.181889656554546
2020-11-02,1135.6099853515625,94.05000305175781,36.810001373291016,2300.159912109375,0.8489999771118164,3310.239990234375,37.130001068115234,104.58000183105469,2260.070068359375,0.25,260.911,1131.8360107421875,1141.0760131835937,39.17751461902383
2020-11-03,1132.1400146484375,93.55000305175781,37.65999984741211,2343.31005859375,0.8820000290870667,3369.159912109375,35.54999923706055,104.7249984741211,2302.72998046875,0.25,260.911,1131.9360107421876,1139.878515625,34.806119757319976
2020-11-04,1130.3299560546875,93.41000366210938,39.150001525878906,2357.320068359375,0.7680000066757202,3443.43994140625,29.56999969482422,104.5459976196289,2384.219970703125,0.25,260.911,1132.356005859375,1138.2005126953125,34.65227902090851
2020-11-05,1129.739990234375,92.52999877929688,38.790000915527344,2413.7900390625,0.7760000228881836,3510.449951171875,27.579999923706055,104.43800354003906,2489.159912109375,0.25,260.911,1131.4679931640626,1136.8625122070312,35.74401803357593
2020-11-06,1122.6300048828125,92.2300033569336,37.13999938964844,2416.5,0.8199999928474426,3509.43994140625,24.860000610351562,103.60299682617188,2529.27001953125,0.25,260.911,1130.089990234375,1135.4760131835938,33.02214376689831
2020-11-09,1121.1500244140625,92.7300033569336,40.290000915527344,2447.199951171875,0.9580000042915344,3550.5,25.75,103.25299835205078,2497.590087890625,0.25,260.911,1127.197998046875,1134.4010131835937,34.739111118424304
2020-11-10,1118.68994140625,92.75,41.36000061035156,2452.830078125,0.972000002861023,3545.530029296875,24.799999237060547,105.13700103759766,2422.330078125,0.25,260.911,1124.5079833984375,1133.0155090332032,33.789085721079545
2020-11-11,1116.0799560546875,93.04000091552734,41.45000076293945,2485.8701171875,0.9580000042915344,3572.659912109375,23.450000762939453,105.26000213623047,2511.239990234375,0.25,260.911,1121.6579833984374,1131.4250061035157,34.672278647024726
2020-11-12,1111.449951171875,92.95999908447266,41.119998931884766,2475.6201171875,0.8849999904632568,3537.010009765625,25.350000381469727,105.41500091552734,2478.429931640625,0.25,260.911,1117.9999755859376,1129.6820007324218,29.18957996208536
2020-11-13,1114.9100341796875,92.76000213623047,40.130001068115234,2493.8701171875,0.8930000066757202,3585.14990234375,23.100000381469727,105.08999633789062,2508.820068359375,0.25,260.911,1116.4559814453125,1128.2210021972655,37.550941245201535
2020-11-16,1107.760009765625,92.56999969482422,41.34000015258789,2543.030029296875,0.906000018119812,3626.909912109375,22.450000762939453,104.6760025024414,2570.97998046875,0.25,260.911,1113.777978515625,1126.55,28.2435345067274
2020-11-17,1106.0899658203125,92.41999816894531,41.43000030517578,2539.14990234375,0.871999979019165,3609.530029296875,22.709999084472656,104.54100036621094,2548.9599609375,0.25,260.911,1111.2579833984375,1125.0044982910156,29.16832251765922
2020-11-18,1104.949951171875,92.31999969482422,41.81999969482422,2545.639892578125,0.8820000290870667,3567.7900390625,23.84000015258789,104.18099975585938,2530.590087890625,0.25,260.911,1109.031982421875,1123.4519958496094,19.760002626786658
2020-11-19,1105.9000244140625,92.29000091552734,41.7400016784668,2547.419921875,0.8539999723434448,3581.8701171875,23.110000610351562,103.89399719238281,2570.219970703125,0.25,260.911,1107.9219970703125,1122.1454956054688,23.532195803889707
2020-11-20,1114.1400146484375,92.38999938964844,42.150001525878906,2553.5,0.8289999961853027,3557.5400390625,23.700000762939453,103.82499694824219,2555.5,0.25,260.911,1107.7679931640625,1121.1449951171876,27.047413230603794
2020-11-23,1113.8299560546875,92.51000213623047,43.060001373291016,2602.590087890625,0.8569999933242798,3577.590087890625,22.65999984741211,103.81700134277344,2595.25,0.25,260.911,1108.981982421875,1120.4484924316407,29.00721051570862
2020-11-24,1113.0799560546875,92.2300033569336,44.90999984741211,2617.760009765625,0.8820000290870667,3635.409912109375,21.639999389648438,104.5250015258789,2609.010009765625,0.25,260.911,1110.37998046875,1119.520489501953,29.72986929529624
2020-11-25,1109.7099609375,91.98999786376953,45.709999084472656,2601.5400390625,0.878000020980835,3629.64990234375,21.25,104.51300048828125,2600.239990234375,0.25,260.911,1111.331982421875,1118.5944885253907,27.906588464666385
2020-11-26,1104.489990234375,91.98999786376953,45.709999084472656,2625.909912109375,0.878000020980835,3629.64990234375,21.25,104.4000015258789,2600.239990234375,0.25,260.911,1111.0499755859375,1117.1099853515625,29.120757145305916
2020-11-27,1105.56005859375,91.79000091552734,45.529998779296875,2633.449951171875,0.8420000076293945,3638.35009765625,20.84000015258789,104.24199676513672,2631.56005859375,0.25,260.911,1109.333984375,1115.9119873046875,31.88493780230067
2020-11-30,1104.3299560546875,91.87000274658203,45.34000015258789,2591.340087890625,0.843999981880188,3621.6298828125,20.56999969482422,104.08200073242188,2663.489990234375,0.25,260.911,1107.433984375,1114.3479858398437,32.82315458094962
2020-12-01,1108.510009765625,91.30999755859375,44.54999923706055,2634.25,0.9340000152587891,3662.449951171875,20.770000457763672,104.29900360107422,2709.72998046875,0.25,262.045,1106.5199951171876,1113.166485595703,41.272928388278906
2020-12-02,1106.280029296875,91.12000274658203,45.279998779296875,2675.89990234375,0.9480000138282776,3669.010009765625,21.170000076293945,104.30899810791016,2716.35009765625,0.25,262.045,1105.8340087890624,1111.9639892578125,43.69067127491583
2020-12-03,1099.3800048828125,90.70999908447266,45.63999938964844,2696.219970703125,0.9200000166893005,3666.719970703125,21.280000686645508,104.45800018310547,2716.14990234375,0.25,262.045,1104.81201171875,1110.4459899902345,32.515323932822085
2020-12-04,1091.3199462890625,90.69999694824219,46.2599983215332,2731.449951171875,0.968999981880188,3699.1201171875,20.790000915527344,103.822998046875,2793.030029296875,0.25,262.045,1101.9639892578125,1108.8804870605468,31.8624163333468
2020-12-07,1083.780029296875,90.79000091552734,45.7599983215332,2745.43994140625,0.9279999732971191,3691.9599609375,21.299999237060547,104.197998046875,2806.610107421875,0.25,262.045,1097.85400390625,1107.0119873046874,28.208827450035898
2020-12-08,1083.6800537109375,90.97000122070312,45.599998474121094,2700.929931640625,0.9129999876022339,3702.25,20.68000030517578,103.99800109863281,2816.27001953125,0.25,262.045,1092.8880126953125,1105.261492919922,28.793834934559456
2020-12-09,1084.8599853515625,91.08999633789062,45.52000045776367,2755.469970703125,0.9409999847412109,3672.820068359375,22.270000457763672,104.13500213623047,2734.77001953125,0.25,262.045,1088.60400390625,1103.7004943847655,29.118711747117857
2020-12-10,1086.3599853515625,90.79000091552734,46.779998779296875,2746.4599609375,0.9079999923706055,3668.10009765625,22.520000457763672,104.27200317382812,2733.669921875,0.25,262.045,1086.0,1102.44599609375,18.171468531468534
2020-12-11,1086.3699951171875,90.9800033569336,46.56999969482422,2770.06005859375,0.8930000066757202,3663.4599609375,23.309999465942383,104.18199920654297,2704.080078125,0.25,262.045,1085.010009765625,1101.018994140625,18.32036773114166
2020-12-14,1091.5799560546875,90.70999908447266,46.9900016784668,2762.199951171875,0.8920000195503235,3647.489990234375,24.719999313354492,103.93900299072266,2736.25,0.25,262.045,1086.5699951171875,1100.2099914550781,27.51048322428737
2020-12-15,1092.06005859375,90.47000122070312,47.619998931884766,2756.820068359375,0.9229999780654907,3694.6201171875,22.889999389648438,104.01000213623047,2774.7900390625,0.25,262.045,1088.24599609375,1099.50849609375,30.349765156127688
2020-12-16,1088.2099609375,90.44999694824219,47.81999969482422,2771.7900390625,0.9200000166893005,3701.169921875,22.5,103.63400268554688,2773.419921875,0.25,262.045,1088.9159912109376,1098.6714965820313,31.304635501651333
2020-12-17,1091.6500244140625,89.81999969482422,48.36000061035156,2770.429931640625,0.9300000071525574,3722.47998046875,21.93000030517578,103.4749984741211,2778.139892578125,0.25,262.045,1089.9739990234375,1097.9589965820312,34.850849647830216
2020-12-18,1092.1600341796875,90.0199966430664,49.099998474121094,2772.179931640625,0.9480000138282776,3709.409912109375,21.56999969482422,103.13099670410156,2764.739990234375,0.25,262.045,1091.1320068359375,1096.8599975585937,36.53477328348614
2020-12-21,1098.97998046875,90.04000091552734,47.7400016784668,2778.64990234375,0.9409999847412109,3694.919921875,25.15999984741211,103.45700073242188,2747.2900390625,0.25,262.045,1092.61201171875,1096.117498779297,40.03761893094859
2020-12-22,1101.8599853515625,90.6500015258789,47.02000045776367,2733.679931640625,0.9179999828338623,3687.260009765625,24.229999542236328,103.33999633789062,2743.969970703125,0.25,262.045,1094.5719970703126,1095.5565002441406,45.44138346061554
2020-12-23,1107.97998046875,90.41000366210938,48.119998931884766,2759.820068359375,0.9549999833106995,3690.010009765625,23.309999465942383,103.53399658203125,2723.530029296875,0.25,262.045,1098.5260009765625,1095.4700012207031,59.01463561939712
2020-12-24,1104.800048828125,90.33000183105469,48.22999954223633,2806.860107421875,0.9279999732971191,3703.06005859375,21.530000686645508,103.552001953125,2750.239990234375,0.25,262.045,1101.156005859375,1095.4855041503906,65.74044774374894
2020-12-25,1099.9100341796875,90.33000183105469,48.22999954223633,2806.860107421875,0.9279999732971191,3703.06005859375,21.530000686645508,103.65299987792969,2750.239990234375,0.25,262.045,1102.706005859375,1095.2030029296875,70.07715613252986
2020-12-28,1099.0899658203125,90.33999633789062,47.619998931884766,2808.60009765625,0.9330000281333923,3735.360107421875,21.700000762939453,103.53299713134766,2744.300048828125,0.25,262.045,1102.7280029296876,1094.9410034179687,68.843067480267
2020-12-29,1095.0,90.01000213623047,48.0,2820.510009765625,0.9350000023841858,3727.0400390625,23.079999923706055,103.68900299072266,2738.050048828125,0.25,262.045,1101.356005859375,1094.2655029296875,61.575314023260155
2020-12-30,1092.6199951171875,89.62999725341797,48.400001525878906,2873.469970703125,0.9259999990463257,3732.0400390625,22.770000457763672,103.55899810791016,2783.77001953125,0.25,262.045,1098.2840087890625,1093.582501220703,57.005354898639425
2020-12-31,1086.4200439453125,89.94000244140625,48.52000045776367,2873.469970703125,0.9169999957084656,3756.070068359375,22.75,103.12100219726562,2795.5,0.25,262.045,1094.6080078125,1092.934503173828,50.049192758825896
2021-01-01,1084.6500244140625,89.94000244140625,48.52000045776367,2873.469970703125,0.9169999957084656,3756.070068359375,22.75,103.22599792480469,2795.5,0.25,262.687,1091.556005859375,1092.601007080078,42.694596291835246
2021-01-04,1084.72998046875,89.87999725341797,47.619998931884766,2944.449951171875,0.9169999957084656,3700.64990234375,26.969999313354492,103.23899841308594,2783.2099609375,0.25,262.687,1088.6840087890625,1092.648504638672,42.20702364575492
2021-01-05,1086.6199951171875,89.44000244140625,49.93000030517578,2990.570068359375,0.9549999833106995,3726.860107421875,25.34000015258789,103.125,2837.169921875,0.25,262.687,1087.0080078125,1092.7955017089844,48.236113029606216
2021-01-06,1086.449951171875,89.52999877929688,50.630001068115234,2968.2099609375,1.0420000553131104,3748.139892578125,25.06999969482422,102.6780014038086,2827.9599609375,0.25,262.687,1085.7739990234375,1092.875,43.77980579688983
2021-01-07,1086.949951171875,89.83000183105469,50.83000183105469,3031.679931640625,1.0709999799728394,3803.7900390625,22.3700008392334,103.02400207519531,2937.0,0.25,262.687,1085.87998046875,1092.9044982910157,43.766339606768646
2021-01-08,1093.0699462890625,90.0999984741211,52.2400016784668,3152.179931640625,1.1050000190734863,3824.679931640625,21.559999465942383,103.79000091552734,2936.469970703125,0.25,262.687,1087.56396484375,1093.2394958496093,42.80842164053843
2021-01-11,1092.8199462890625,90.54000091552734,52.25,3148.449951171875,1.1319999694824219,3799.610107421875,24.079999923706055,104.09100341796875,2969.919921875,0.25,262.687,1089.1819580078125,1093.301495361328,38.2474671812711
2021-01-12,1096.449951171875,90.05000305175781,53.209999084472656,3125.949951171875,1.1380000114440918,3801.18994140625,23.329999923706055,104.12799835205078,2988.02001953125,0.25,262.687,1091.14794921875,1093.5209899902343,33.97270129570428
2021-01-13,1093.5400390625,90.31999969482422,52.90999984741211,3148.2900390625,1.0880000591278076,3809.840087890625,22.209999084472656,103.75199890136719,2991.949951171875,0.25,262.687,1092.565966796875,1093.7874938964844,34.22965662976057
2021-01-14,1097.1099853515625,90.23999786376953,53.56999969482422,3149.929931640625,1.128999948501587,3795.5400390625,23.25,103.83699798583984,3055.639892578125,0.25,262.687,1094.5979736328125,1094.0604919433595,45.927780144865785
2021-01-15,1094.9000244140625,90.77999877929688,52.36000061035156,3085.89990234375,1.097000002861023,3768.25,24.34000015258789,103.8280029296875,2992.77001953125,0.25,262.687,1094.9639892578125,1094.197491455078,44.14318183369394
2021-01-18,1102.9599609375,90.77999877929688,52.36000061035156,3013.929931640625,1.097000002861023,3768.25,24.34000015258789,103.90799713134766,2992.77001953125,0.25,262.687,1096.9919921875,1094.3964904785157,60.015112978731246
2021-01-19,1103.0999755859375,90.5,52.97999954223633,3092.659912109375,1.0920000076293945,3798.909912109375,23.239999771118164,103.7030029296875,3093.320068359375,0.25,262.687,1098.3219970703126,1094.4584899902343,63.97339826431162
2021-01-20,1100.989990234375,90.47000122070312,53.2400016784668,3114.550048828125,1.090000033378601,3851.85009765625,21.579999923706055,103.89700317382812,3085.0400390625,0.25,262.687,1099.8119873046876,1094.1089904785156,71.80490549630426
2021-01-21,1096.25,90.12999725341797,53.130001068115234,3160.840087890625,1.1089999675750732,3853.070068359375,21.31999969482422,103.55500030517578,3132.169921875,0.25,262.687,1099.639990234375,1093.6814880371094,65.94289702472628
2021-01-22,1099.9000244140625,90.23999786376953,52.27000045776367,3140.6298828125,1.090999960899353,3841.469970703125,21.90999984741211,103.50599670410156,3074.39990234375,0.25,262.687,1100.639990234375,1093.6809875488282,68.98636901142486
2021-01-25,1104.6400146484375,90.38999938964844,52.77000045776367,3208.989990234375,1.0399999618530273,3855.360107421875,23.190000534057617,103.7770004272461,3079.2099609375,0.25,262.687,1100.9760009765625,1093.9584899902343,71.05152075204782
2021-01-26,1101.72998046875,90.16999816894531,52.61000061035156,3140.31005859375,1.0399999618530273,3849.6201171875,23.020000457763672,103.76000213623047,3031.77001953125,0.25,262.687,1100.702001953125,1094.294989013672,66.77656796993529
2021-01-27,1101.0,90.6500015258789,52.849998474121094,3122.56005859375,1.0140000581741333,3750.77001953125,37.209999084472656,103.60299682617188,2875.1298828125,0.25,262.687,1100.70400390625,1094.7139892578125,65.34861019986877
2021-01-28,1107.5,90.45999908447266,52.34000015258789,3069.050048828125,1.0570000410079956,3787.3798828125,30.209999084472656,104.14299774169922,2935.1201171875,0.25,262.687,1102.95400390625,1095.7679870605468,65.63393544393864
2021-01-29,1112.2900390625,90.58000183105469,52.20000076293945,2976.2099609375,1.093000054359436,3714.239990234375,33.09000015258789,104.29100036621094,2887.080078125,0.25,262.687,1105.4320068359375,1097.1499877929687,69.20513135428934
2021-02-01,1117.4300537109375,91.0199966430664,53.54999923706055,3056.530029296875,1.0770000219345093,3773.860107421875,30.239999771118164,104.68599700927734,2999.989990234375,0.25,263.579,1107.9900146484374,1098.7849914550782,70.09594945056487
2021-02-02,1116.8800048828125,91.19999694824219,54.7599983215332,3096.81005859375,1.1050000190734863,3826.31005859375,25.559999465942383,104.88099670410156,3047.330078125,0.25,263.579,1111.02001953125,1100.2979919433594,73.4149095371171
2021-02-03,1113.6099853515625,91.12000274658203,55.689998626708984,3129.679931640625,1.13100004196167,3830.169921875,22.90999984741211,105.02799987792969,2982.8701171875,0.25,263.579,1113.5420166015624,1101.6559936523438,66.65319639653848
2021-02-04,1113.1500244140625,91.52999877929688,56.22999954223633,3087.550048828125,1.1390000581741333,3871.739990234375,21.770000457763672,104.99500274658203,3008.419921875,0.25,263.579,1114.672021484375,1102.965997314453,69.09393710280565
2021-02-05,1119.1300048828125,91.04000091552734,56.849998474121094,3120.6298828125,1.1699999570846558,3886.830078125,20.8700008392334,105.5719985961914,2985.010009765625,0.25,263.579,1116.0400146484376,1104.2690002441407,67.6876116616861
2021-02-08,1116.8499755859375,90.93000030517578,57.970001220703125,3091.239990234375,1.159999966621399,3915.590087890625,21.239999771118164,105.4000015258789,3078.47998046875,0.25,263.579,1115.9239990234375,1105.4705017089843,64.36778676898273
2021-02-09,1116.3299560546875,90.44000244140625,58.36000061035156,3084.669921875,1.156999945640564,3911.22998046875,21.6299991607666,105.20999908447266,3064.949951171875,0.25,263.579,1115.8139892578124,1106.464501953125,66.58011468138051
2021-02-10,1110.0,90.37000274658203,58.68000030517578,3100.580078125,1.1330000162124634,3909.8798828125,21.989999771118164,104.57499694824219,3074.860107421875,0.25,263.579,1115.0919921875,1107.2875,64.36778676898273
2021-02-11,1103.97998046875,90.41999816894531,58.2400016784668,3100.580078125,1.1579999923706055,3916.3798828125,21.25,104.61499786376953,3180.840087890625,0.25,263.579,1113.2579833984375,1107.6309997558594,54.062075385935444
2021-02-12,1102.219970703125,90.4800033569336,59.470001220703125,3100.580078125,1.2000000476837158,3934.830078125,19.969999313354492,104.74099731445312,3219.8701171875,0.25,263.579,1109.8759765625,1107.9969970703125,47.438570922838004
2021-02-15,1103.3699951171875,90.4800033569336,59.470001220703125,3147.0,1.2000000476837158,3934.830078125,19.969999313354492,105.05899810791016,3219.8701171875,0.25,263.579,1107.17998046875,1108.0174987792968,51.803002364637265
2021-02-16,1102.239990234375,90.51000213623047,60.04999923706055,3163.25,1.2990000247955322,3932.590087890625,21.459999084472656,105.38700103759766,3238.919921875,0.25,263.579,1104.3619873046875,1107.9744995117187,51.35133696953572
2021-02-17,1106.4599609375,90.94999694824219,61.13999938964844,3133.72998046875,1.3009999990463257,3931.330078125,21.5,106.10299682617188,3178.239990234375,0.25,263.579,1103.6539794921875,1108.247998046875,48.80729732453832
2021-02-18,1104.550048828125,90.58999633789062,60.52000045776367,3086.659912109375,1.2869999408721924,3913.969970703125,22.489999771118164,105.86100006103516,3146.7900390625,0.25,263.579,1103.7679931640625,1108.6630004882813,40.496075880303856
2021-02-19,1106.219970703125,90.36000061035156,59.2400016784668,3107.6201171875,1.3450000286102295,3906.7099609375,22.049999237060547,105.6520004272461,3223.4599609375,0.25,263.579,1104.5679931640625,1108.9789978027343,34.95285940403275
2021-02-22,1103.93994140625,90.01000213623047,61.4900016784668,3079.75,1.3700000047683716,3876.5,23.450000762939453,105.51399993896484,3102.010009765625,0.25,263.579,1104.681982421875,1108.943994140625,33.40160276585151
2021-02-23,1110.6700439453125,90.16999816894531,61.66999816894531,3070.090087890625,1.3619999885559082,3881.3701171875,23.110000610351562,104.98400115966797,3083.8798828125,0.25,263.579,1106.3679931640625,1109.3909973144532,46.53635077142562
2021-02-24,1109.31005859375,90.18000030517578,63.220001220703125,2994.97998046875,1.3890000581741333,3925.429931640625,21.34000015258789,105.28299713134766,3183.739990234375,0.25,263.579,1106.9380126953124,1109.8065002441406,45.5699482594968
2021-02-25,1107.2099609375,90.12999725341797,63.529998779296875,3099.68994140625,1.5180000066757202,3829.340087890625,28.889999389648438,105.94400024414062,2999.159912109375,0.25,263.579,1107.4699951171874,1109.7919982910157,34.89607340289615
2021-02-26,1119.1300048828125,90.93000030517578,61.5,3012.949951171875,1.4600000381469727,3811.14990234375,27.950000762939453,106.37899780273438,3067.6201171875,0.25,263.579,1110.052001953125,1110.1339965820312,52.321817476655035
2021-03-01,1123.3699951171875,91.04000091552734,60.63999938964844,3012.949951171875,1.4459999799728394,3901.820068359375,23.350000381469727,106.50299835205078,3169.110107421875,0.25,264.961,1113.9380126953124,1110.4309936523437,56.66417072257582
2021-03-02,1101.8299560546875,90.79000091552734,59.75,3043.8701171875,1.4149999618530273,3870.2900390625,24.100000381469727,106.85099792480469,3070.93994140625,0.25,264.961,1112.1699951171875,1109.6784912109374,43.99527725492237
2021-03-03,1124.3299560546875,90.94999694824219,61.279998779296875,3082.989990234375,1.4700000286102295,3819.719970703125,26.670000076293945,106.75800323486328,2975.580078125,0.25,264.961,1115.173974609375,1110.2144897460937,62.039962039962035
2021-03-04,1129.5,91.62999725341797,63.83000183105469,3043.489990234375,1.5499999523162842,3768.469970703125,28.56999969482422,107.05799865722656,2831.6298828125,0.25,264.961,1119.631982421875,1111.0319885253907,65.51409109715902
2021-03-05,1133.3499755859375,91.9800033569336,66.08999633789062,3026.260009765625,1.5540000200271606,3841.93994140625,24.65999984741211,107.95500183105469,2920.75,0.25,264.961,1122.4759765625,1111.742987060547,66.54157012770085
2021-03-08,1127.489990234375,92.30999755859375,65.05000305175781,2996.110107421875,1.5959999561309814,3821.35009765625,25.469999313354492,108.41899871826172,2762.75,0.25,264.961,1123.2999755859375,1112.2749877929687,63.24067862574701
2021-03-09,1140.22998046875,91.95999908447266,64.01000213623047,2976.1201171875,1.5460000038146973,3875.43994140625,24.030000686645508,108.93900299072266,2932.2099609375,0.25,264.961,1130.97998046875,1113.469989013672,66.2558878557393
2021-03-10,1134.9100341796875,91.79000091552734,64.44000244140625,2958.1201171875,1.5199999809265137,3898.81005859375,22.559999465942383,108.5770034790039,2879.320068359375,0.25,264.961,1133.09599609375,1114.7154907226563,64.149861351169
2021-03-11,1136.010009765625,91.41999816894531,66.0199966430664,3013.699951171875,1.5269999504089355,3939.340087890625,21.90999984741211,108.43199920654297,2997.1298828125,0.25,264.961,1134.397998046875,1116.3169921875,63.958383380806936
2021-03-12,1129.6400146484375,91.68000030517578,65.61000061035156,3054.389892578125,1.6349999904632568,3943.340087890625,20.690000534057617,108.55500030517578,2965.090087890625,0.25,264.961,1133.656005859375,1117.6879943847657,61.59748808769659
2021-03-15,1134.5,91.83000183105469,65.38999938964844,3045.7099609375,1.6069999933242798,3968.93994140625,20.030000686645508,109.11699676513672,3032.050048828125,0.25,264.961,1135.0580078125,1119.2444946289063,60.93819163897776
2021-03-16,1131.3900146484375,91.87000274658203,64.80000305175781,3067.169921875,1.621000051498413,3962.7099609375,19.790000915527344,109.13400268554688,3070.320068359375,0.25,264.961,1133.2900146484376,1120.7019958496094,59.97467715020884
2021-03-17,1129.8399658203125,91.4000015258789,64.5999984741211,3047.5,1.6410000324249268,3974.1201171875,19.229999542236328,109.02899932861328,3107.919921875,0.25,264.961,1132.2760009765625,1121.87099609375,60.27422313605303
2021-03-18,1121.1300048828125,91.8499984741211,60.0,3066.010009765625,1.7300000190734863,3915.4599609375,21.579999923706055,108.89099884033203,2976.219970703125,0.25,264.961,1129.3,1122.6999938964843,50.935279396452515
2021-03-19,1126.1099853515625,91.91999816894531,61.41999816894531,3039.530029296875,1.7319999933242798,3913.10009765625,20.950000762939453,108.93099975585938,3011.3701171875,0.25,264.961,1128.593994140625,1123.6944946289063,51.272521117977206
2021-03-22,1127.47998046875,91.80000305175781,61.54999923706055,3035.4599609375,1.684000015258789,3940.590087890625,18.8799991607666,108.87100219726562,3077.550048828125,0.25,264.961,1127.189990234375,1124.8714965820313,64.65885419210093
2021-03-23,1125.1199951171875,92.33999633789062,57.7599983215332,3004.739990234375,1.6380000114440918,3910.52001953125,20.299999237060547,108.7760009765625,2994.2099609375,0.25,264.961,1125.935986328125,1125.593994140625,50.58651876823809
2021-03-24,1133.199951171875,92.52999877929688,61.18000030517578,2996.35009765625,1.6139999628067017,3889.139892578125,21.200000762939453,108.5199966430664,2953.969970703125,0.25,264.961,1126.6079833984375,1126.7884887695313,52.633051177271845
2021-03-25,1134.47998046875,92.87999725341797,58.560001373291016,3008.330078125,1.6139999628067017,3909.52001953125,19.809999465942383,108.79000091552734,2959.8798828125,0.25,264.961,1129.277978515625,1128.1519897460937,50.834693380702056
2021-03-26,1134.2099609375,92.7699966430664,60.970001220703125,3041.010009765625,1.659999966621399,3974.5400390625,18.860000610351562,109.17900085449219,3106.280029296875,0.25,264.961,1130.8979736328124,1128.905987548828,55.41061719367356
2021-03-29,1127.9599609375,92.94000244140625,61.560001373291016,3036.0400390625,1.7209999561309814,3971.090087890625,20.739999771118164,109.79100036621094,3054.6298828125,0.25,264.961,1130.9939697265625,1129.1354858398438,38.96776686071526
2021-03-30,1131.6500244140625,93.30000305175781,60.54999923706055,3070.0,1.7259999513626099,3958.550048828125,19.610000610351562,109.83599853515625,3044.550048828125,0.25,264.961,1132.2999755859375,1130.6264892578124,46.98035295926767
2021-03-31,1132.3199462890625,93.2300033569336,59.15999984741211,3061.419921875,1.746000051498413,3972.889892578125,19.399999618530273,110.30500030517578,3124.93994140625,0.25,264.961,1132.123974609375,1131.0259887695313,46.55455786779004
2021-04-01,1127.199951171875,92.93000030517578,61.45000076293945,3087.39990234375,1.6790000200271606,4019.8701171875,17.329999923706055,110.75,3240.169921875,0.25,266.614,1130.66796875,1130.910986328125,47.667240063392626
2021-04-02,1128.06005859375,92.93000030517578,61.45000076293945,3112.800048828125,1.6790000200271606,4019.8701171875,17.329999923706055,110.61299896240234,3240.169921875,0.25,266.614,1129.43798828125,1130.6464904785157,43.33340072888287
2021-04-05,1128.7900390625,92.5999984741211,58.650001525878906,3120.830078125,1.7200000286102295,4077.909912109375,17.90999984741211,110.677001953125,3305.429931640625,0.25,266.614,1129.60400390625,1130.711492919922,47.169018839535646
2021-04-06,1124.1099853515625,92.33999633789062,59.33000183105469,3127.080078125,1.656000018119812,4073.93994140625,18.1200008392334,110.19300079345703,3266.10009765625,0.25,266.614,1128.09599609375,1129.9054931640626,44.159047130790555
2021-04-07,1117.5,92.45999908447266,59.77000045776367,3137.409912109375,1.652999997138977,4079.949951171875,17.15999984741211,109.79299926757812,3266.4599609375,0.25,266.614,1125.1320068359375,1129.0349914550782,46.13418613418614
2021-04-08,1117.8599853515625,92.05999755859375,59.599998474121094,3143.260009765625,1.6319999694824219,4097.169921875,16.950000762939453,109.85199737548828,3301.260009765625,0.25,266.614,1123.264013671875,1128.127490234375,40.25515618511512
2021-04-09,1115.8399658203125,92.16000366210938,59.31999969482422,3131.8798828125,1.6660000085830688,4128.7998046875,16.690000534057617,109.33000183105469,3294.530029296875,0.25,266.614,1120.8199951171875,1127.4374877929688,36.4588333196059
2021-04-12,1122.06005859375,92.13999938964844,59.70000076293945,3135.590087890625,1.6749999523162842,4127.990234375,16.90999984741211,109.69400024414062,3258.330078125,0.25,266.614,1119.4739990234375,1126.8154907226562,46.73364345933832
2021-04-13,1124.449951171875,91.8499984741211,60.18000030517578,3169.080078125,1.6230000257492065,4141.58984375,16.649999618530273,109.3740005493164,3252.699951171875,0.25,266.614,1119.5419921875,1126.468487548828,39.3682030957989
2021-04-14,1120.68994140625,91.69000244140625,63.150001525878906,3182.3798828125,1.6380000114440918,4124.66015625,16.989999771118164,108.92400360107422,3213.8798828125,0.25,266.614,1120.17998046875,1126.010986328125,34.196654897067305
2021-04-15,1116.1099853515625,91.66999816894531,63.459999084472656,3194.330078125,1.5299999713897705,4170.419921875,16.56999969482422,108.89399719238281,3271.330078125,0.25,266.614,1119.82998046875,1125.7599853515626,31.122286587306633
2021-04-16,1115.6700439453125,91.55999755859375,63.130001068115234,3198.6201171875,1.5729999542236328,4185.47021484375,16.25,108.68900299072266,3253.080078125,0.25,266.614,1119.79599609375,1125.23798828125,35.41429436529529
2021-04-19,1115.6500244140625,91.06999969482422,63.380001068115234,3198.840087890625,1.6009999513626099,4163.259765625,17.290000915527344,108.71900177001953,3171.0,0.25,266.614,1118.5139892578125,1124.6464904785157,29.199146840007117
2021-04-20,1114.469970703125,91.23999786376953,62.439998626708984,3220.699951171875,1.562000036239624,4134.93994140625,18.68000030517578,108.0979995727539,3121.429931640625,0.25,266.614,1116.5179931640625,1124.1139892578126,27.097853359353223
2021-04-21,1116.1099853515625,91.16000366210938,61.349998474121094,3171.659912109375,1.5640000104904175,4173.419921875,17.5,108.13300323486328,3207.25,0.25,266.614,1115.602001953125,1123.2594909667969,34.37597812440883
2021-04-22,1115.6600341796875,91.33000183105469,61.43000030517578,3177.52001953125,1.5540000200271606,4134.97998046875,18.709999084472656,108.03900146484375,3133.169921875,0.25,266.614,1115.51201171875,1122.3184936523437,32.32605480643758
2021-04-23,1118.5899658203125,90.86000061035156,62.13999938964844,3181.080078125,1.5670000314712524,4180.169921875,17.329999923706055,107.97799682617188,3196.97998046875,0.25,266.614,1116.09599609375,1121.5374938964844,36.31961021228106
2021-04-26,1114.1300048828125,90.80999755859375,61.90999984741211,3217.530029296875,1.5700000524520874,4187.6201171875,17.639999389648438,107.8740005493164,3250.260009765625,0.25,266.614,1115.7919921875,1120.84599609375,36.535307021877905
2021-04-27,1109.22998046875,90.91000366210938,62.939998626708984,3215.419921875,1.621999979019165,4186.72021484375,17.559999465942383,108.2020034790039,3225.610107421875,0.25,266.614,1114.743994140625,1119.7249938964844,38.302611314082874
2021-04-28,1112.1500244140625,90.61000061035156,63.86000061035156,3181.469970703125,1.6200000047683716,4183.18017578125,17.280000686645508,108.75,3178.489990234375,0.25,266.614,1113.952001953125,1118.7164978027345,42.46903959968831
2021-04-29,1108.6600341796875,90.61000061035156,65.01000213623047,3174.070068359375,1.6399999856948853,4211.47021484375,17.610000610351562,108.50499725341797,3202.5,0.25,266.614,1112.552001953125,1117.789501953125,40.883756974581516
2021-04-30,1106.6300048828125,91.27999877929688,63.58000183105469,3147.860107421875,1.63100004196167,4181.169921875,18.610000610351562,108.90399932861328,3108.989990234375,0.25,266.614,1110.160009765625,1116.717999267578,28.075969126701935
2021-05-03,1116.760009765625,90.94999694824219,64.48999786376953,3127.199951171875,1.6069999933242798,4192.66015625,18.309999465942383,109.28299713134766,3073.3798828125,0.25,268.383,1110.6860107421876,1116.1164978027343,41.043613264255775
2021-05-04,1120.4000244140625,91.29000091552734,65.69000244140625,3147.3701171875,1.5920000076293945,4164.66015625,19.479999542236328,109.08699798583984,3024.31005859375,0.25,268.383,1112.92001953125,1115.9309997558594,49.66139053718431
2021-05-05,1124.9100341796875,91.30999755859375,65.62999725341797,3147.3701171875,1.5839999914169312,4167.58984375,19.149999618530273,109.3290023803711,3042.8798828125,0.25,268.383,1115.472021484375,1116.3015014648438,60.29486527707168
2021-05-06,1123.989990234375,90.94999694824219,64.70999908447266,3160.429931640625,1.5609999895095825,4201.6201171875,18.389999389648438,109.21900177001953,3066.219970703125,0.25,268.383,1118.5380126953125,1116.6080017089844,59.62509073346533
2021-05-07,1119.3900146484375,90.2300033569336,64.9000015258789,3197.199951171875,1.5770000219345093,4232.60009765625,16.690000534057617,109.05000305175781,3112.030029296875,0.25,268.383,1121.0900146484375,1116.7855041503906,53.912119679859444
2021-05-10,1111.969970703125,90.20999908447266,64.91999816894531,3249.300048828125,1.6019999980926514,4188.43017578125,19.65999984741211,108.5719985961914,2967.110107421875,0.25,268.383,1120.1320068359375,1116.2809997558593,47.68690026564504
2021-05-11,1115.5400390625,90.13999938964844,65.27999877929688,3209.429931640625,1.6239999532699585,4152.10009765625,21.84000015258789,108.84400177001953,2976.010009765625,0.25,268.383,1119.160009765625,1115.8355041503905,49.49084746797759
2021-05-12,1118.22998046875,90.70999908447266,66.08000183105469,3161.659912109375,1.6950000524520874,4063.0400390625,27.59000015258789,108.71499633789062,2851.14990234375,0.25,268.383,1117.8239990234374,1115.7125061035156,52.207475196966804
2021-05-13,1131.5999755859375,90.75,63.81999969482422,3122.110107421875,1.6679999828338623,4112.5,23.1299991607666,109.66400146484375,2893.93994140625,0.25,268.383,1119.34599609375,1116.4870056152345,59.475587767745054
2021-05-14,1125.699951171875,90.31999969482422,65.37000274658203,3153.320068359375,1.6349999904632568,4173.85009765625,18.809999465942383,109.51599884033203,2981.419921875,0.25,268.383,1120.6079833984375,1116.9885009765626,58.25361080777945
2021-05-17,1125.530029296875,90.22000122070312,66.2699966430664,3134.52001953125,1.6399999856948853,4163.2900390625,19.719999313354492,109.41200256347656,2954.6298828125,0.25,268.383,1123.3199951171875,1117.4825012207032,62.469417104009864
2021-05-18,1135.510009765625,89.75,65.48999786376953,3173.050048828125,1.6419999599456787,4127.830078125,21.34000015258789,109.24199676513672,2929.14990234375,0.25,268.383,1127.3139892578124,1118.5345031738282,66.12812149713872
2021-05-19,1127.1400146484375,90.19000244140625,63.36000061035156,3173.050048828125,1.6829999685287476,4115.68017578125,22.18000030517578,108.86799621582031,2987.280029296875,0.25,268.383,1129.09599609375,1119.086004638672,61.95340801778784
2021-05-20,1130.3699951171875,89.80999755859375,62.04999923706055,3162.280029296875,1.6339999437332153,4159.1201171875,20.670000076293945,109.27300262451172,3066.110107421875,0.25,268.383,1128.85,1119.8215026855469,65.12101288813693
2021-05-21,1127.050048828125,90.0199966430664,63.58000183105469,3156.419921875,1.6319999694824219,4155.85986328125,20.149999618530273,108.86000061035156,3052.10009765625,0.25,268.383,1129.12001953125,1120.2445068359375,57.176766266406034
2021-05-24,1126.7900390625,89.83000183105469,66.05000305175781,3144.300048828125,1.6080000400543213,4197.0498046875,18.399999618530273,108.91899871826172,3122.97998046875,0.25,268.383,1129.372021484375,1120.877508544922,54.677221919423864
2021-05-25,1122.18994140625,89.63999938964844,66.06999969482422,3171.320068359375,1.5640000104904175,4188.1298828125,18.84000015258789,108.85099792480469,3134.669921875,0.25,268.383,1126.7080078125,1121.5255065917968,48.01162879930327
2021-05-26,1121.3800048828125,90.04000091552734,66.20999908447266,3168.429931640625,1.5740000009536743,4195.990234375,17.360000610351562,108.802001953125,3140.97998046875,0.25,268.383,1125.556005859375,1121.9870056152345,48.08904047147905
2021-05-27,1115.52001953125,89.97000122070312,66.8499984741211,3165.510009765625,1.6100000143051147,4200.8798828125,16.739999771118164,109.16999816894531,3159.27001953125,0.25,268.383,1122.5860107421875,1122.3300048828125,47.21782948049418
2021-05-28,1117.300048828125,90.02999877929688,66.31999969482422,3188.72998046875,1.5809999704360962,4204.10986328125,16.760000228881836,109.80899810791016,3186.56005859375,0.25,268.383,1120.6360107421874,1122.863507080078,54.16999331486964
2021-05-31,1112.8499755859375,90.02999877929688,66.31999969482422,3203.919921875,1.5809999704360962,4204.10986328125,16.760000228881836,109.90699768066406,3186.56005859375,0.25,268.383,1117.847998046875,1122.6680053710938,47.92401070919193
2021-06-01,1106.97998046875,89.83000183105469,67.72000122070312,3221.8701171875,1.6150000095367432,4202.0400390625,17.899999618530273,109.49299621582031,3174.320068359375,0.25,270.654,1114.806005859375,1121.997003173828,41.724286560945394
2021-06-02,1107.2099609375,89.9000015258789,68.83000183105469,3224.22998046875,1.590999960899353,4208.1201171875,17.479999542236328,109.49299621582031,3196.97998046875,0.25,270.654,1111.9719970703125,1121.1119995117188,27.758495169947935
2021-06-03,1109.8800048828125,90.5,68.80999755859375,3247.429931640625,1.625,4192.85009765625,18.040000915527344,109.59500122070312,3139.18994140625,0.25,270.654,1110.843994140625,1120.4065002441407,34.67058742817129
2021-06-04,1115.43994140625,90.13999938964844,69.62000274658203,3240.080078125,1.559999942779541,4229.89013671875,16.420000076293945,110.26599884033203,3214.139892578125,0.25,270.654,1110.47197265625,1120.2089965820312,41.147491121573395
2021-06-07,1109.6800537109375,89.94999694824219,69.2300033569336,3252.1201171875,1.569000005722046,4226.52001953125,16.420000076293945,109.61699676513672,3191.659912109375,0.25,270.654,1109.83798828125,1120.094500732422,25.525861051930292
2021-06-08,1109.3199462890625,90.08000183105469,70.05000305175781,3247.830078125,1.527999997138977,4227.259765625,17.06999969482422,109.27400207519531,3171.219970703125,0.25,270.654,1110.3059814453125,1119.78349609375,30.09376176112842
2021-06-09,1116.8900146484375,90.12000274658203,69.95999908447266,3216.179931640625,1.4889999628067017,4219.5498046875,17.889999389648438,109.46900177001953,3158.47998046875,0.25,270.654,1112.2419921875,1119.7164978027345,36.272959614944746
2021-06-10,1116.4100341796875,90.08000183105469,70.29000091552734,3224.639892578125,1.4589999914169312,4239.18017578125,16.100000381469727,109.61000061035156,3196.2099609375,0.25,270.654,1113.547998046875,1118.9570007324219,38.49980077210704
2021-06-11,1111.260009765625,90.55999755859375,70.91000366210938,3249.320068359375,1.4620000123977661,4247.43994140625,15.649999618530273,109.40899658203125,3210.06005859375,0.25,270.654,1112.71201171875,1118.2350036621094,34.81917417223917
2021-06-14,1115.550048828125,90.5199966430664,70.87999725341797,3252.1298828125,1.5010000467300415,4255.14990234375,16.389999389648438,109.70899963378906,3255.340087890625,0.25,270.654,1113.8860107421874,1117.7360046386718,43.46982582680644
2021-06-15,1116.3199462890625,90.54000091552734,72.12000274658203,3258.6298828125,1.4989999532699585,4246.58984375,17.020000457763672,110.04100036621094,3225.97998046875,0.25,270.654,1115.2860107421875,1116.7765014648437,45.01963215540401
2021-06-16,1116.030029296875,91.12999725341797,72.1500015258789,3278.679931640625,1.569000005722046,4223.7001953125,18.149999618530273,110.08399963378906,3201.010009765625,0.25,270.654,1115.114013671875,1116.2210021972655,50.563796137362225
2021-06-17,1131.949951171875,91.88999938964844,71.04000091552734,3264.9599609375,1.5110000371932983,4221.85986328125,17.75,110.7699966430664,3231.7099609375,0.25,270.654,1118.2219970703125,1116.3,62.337825223395114
2021-06-18,1133.5400390625,92.2300033569336,71.63999938964844,3267.929931640625,1.4500000476837158,4166.4501953125,20.700000762939453,110.32499694824219,3152.81005859375,0.25,270.654,1122.6780029296874,1116.6244995117188,68.30658697122021
2021-06-21,1134.25,91.86000061035156,73.66000366210938,3240.7900390625,1.4839999675750732,4224.7900390625,17.889999389648438,110.20099639892578,3171.989990234375,0.25,270.654,1126.4179931640624,1116.9974975585938,76.55316195103862
2021-06-22,1130.3399658203125,91.7300033569336,73.05999755859375,3263.8798828125,1.472000002861023,4246.43994140625,16.65999984741211,110.3740005493164,3185.429931640625,0.25,270.654,1129.2219970703125,1117.4049987792969,71.01584942491765
2021-06-23,1132.510009765625,91.80000305175781,73.08000183105469,3276.18994140625,1.4869999885559082,4241.83984375,16.31999969482422,110.65399932861328,3197.219970703125,0.25,270.654,1132.5179931640625,1117.9614990234375,70.75008562621304
2021-06-24,1132.6099853515625,91.81999969482422,73.30000305175781,3286.10009765625,1.4869999885559082,4266.490234375,15.970000267028809,111.01200103759766,3253.800048828125,0.25,270.654,1132.65,1118.8159973144532,67.49547864202538
2021-06-25,1130.800048828125,91.80999755859375,74.05000305175781,3302.840087890625,1.5360000133514404,4280.7001953125,15.619999885559082,110.9209976196289,3241.47998046875,0.25,270.654,1132.102001953125,1119.4909973144531,73.4042524410007
2021-06-28,1125.3399658203125,91.87999725341797,72.91000366210938,3301.889892578125,1.4780000448226929,4290.60986328125,15.760000228881836,110.8219985961914,3323.139892578125,0.25,270.654,1130.3199951171875,1120.115496826172,65.94984953889383
2021-06-29,1129.0400390625,92.05000305175781,72.9800033569336,3286.679931640625,1.4800000190734863,4291.7998046875,16.020000457763672,110.60299682617188,3348.8701171875,0.25,270.654,1130.060009765625,1121.2184997558593,63.10682935693799
2021-06-30,1130.510009765625,92.44000244140625,73.47000122070312,3296.679931640625,1.4429999589920044,4297.5,15.829999923706055,110.53500366210938,3345.31005859375,0.25,270.654,1129.660009765625,1122.3835021972657,64.89225366095165
2021-07-01,1129.5999755859375,92.5999984741211,75.2300033569336,3282.06005859375,1.4800000190734863,4319.93994140625,15.479999542236328,111.1240005493164,3295.06005859375,0.25,271.903,1129.0580078125,1123.3695007324218,71.27607448842313
2021-07-02,1132.4100341796875,92.2300033569336,75.16000366210938,3281.780029296875,1.430999994277954,4352.33984375,15.069999694824219,111.5719985961914,3315.830078125,0.25,271.903,1129.3800048828125,1124.2180053710938,70.25467002589815
2021-07-05,1129.77001953125,92.2300033569336,75.16000366210938,3293.2099609375,1.430999994277954,4352.33984375,15.069999694824219,111.13500213623047,3315.830078125,0.25,271.903,1130.266015625,1125.2225036621094,65.46336917683449
2021-07-06,1129.43994140625,92.55000305175781,73.37000274658203,3305.2099609375,1.3700000047683716,4343.5400390625,16.440000534057617,110.91600036621094,3307.919921875,0.25,271.903,1130.34599609375,1126.2285034179688,65.4029725182277
2021-07-07,1135.47998046875,92.63999938964844,72.19999694824219,3285.340087890625,1.3209999799728394,4358.1298828125,16.200000762939453,110.60199737548828,3261.72998046875,0.25,271.903,1131.339990234375,1127.1580017089843,55.245153520227525
2021-07-08,1140.52001953125,92.36000061035156,72.94000244140625,3252.679931640625,1.2879999876022339,4320.81982421875,19.0,110.63500213623047,3222.81005859375,0.25,271.903,1133.5239990234375,1128.3635009765626,59.406895099465004
2021-07-09,1146.280029296875,92.12999725341797,74.55999755859375,3217.949951171875,1.3559999465942383,4369.5498046875,16.18000030517578,109.8010025024414,3278.389892578125,0.25,271.903,1136.297998046875,1130.114501953125,64.27036513599926
2021-07-12,1144.31005859375,92.2300033569336,74.0999984741211,3246.469970703125,1.3630000352859497,4384.6298828125,16.170000076293945,110.21499633789062,3319.0,0.25,271.903,1139.206005859375,1131.5525024414062,67.37127469998755
2021-07-13,1141.0999755859375,92.75,75.25,3271.3798828125,1.4149999618530273,4369.2099609375,17.1200008392334,110.32499694824219,3300.81005859375,0.25,271.903,1141.5380126953125,1132.79150390625,60.411987346229765
2021-07-14,1148.699951171875,92.41000366210938,73.12999725341797,3264.81005859375,1.3559999465942383,4374.2998046875,16.329999923706055,110.59500122070312,3289.179931640625,0.25,271.903,1144.1820068359375,1134.425,66.50240508009006
2021-07-15,1143.4100341796875,92.62000274658203,71.6500015258789,3286.219970703125,1.2970000505447388,4360.02978515625,17.010000228881836,109.98400115966797,3217.739990234375,0.25,271.903,1144.760009765625,1134.9980041503907,62.071512208118804
2021-07-16,1140.1199951171875,92.69000244140625,71.80999755859375,3276.909912109375,1.2999999523162842,4327.16015625,18.450000762939453,109.77799987792969,3145.449951171875,0.25,271.903,1143.5280029296875,1135.327001953125,64.76222524591924
2021-07-19,1141.5,92.88999938964844,66.41999816894531,3244.0400390625,1.180999994277954,4258.490234375,22.5,109.8740005493164,3147.510009765625,0.25,271.903,1142.9659912109375,1135.689501953125,63.0497483942233
2021-07-20,1150.0699462890625,92.97000122070312,67.41999816894531,3232.699951171875,1.2089999914169312,4323.06005859375,19.729999542236328,109.53399658203125,3190.949951171875,0.25,271.903,1144.7599853515626,1136.6760009765626,67.8335718785267
2021-07-21,1147.47998046875,92.75,70.30000305175781,3215.909912109375,1.2799999713897705,4358.68994140625,17.90999984741211,109.91999816894531,3288.75,0.25,271.903,1144.5159912109375,1137.4244995117188,65.81737445816856
2021-07-22,1148.68994140625,92.81999969482422,71.91000366210938,3250.2099609375,1.2649999856948853,4367.47998046875,17.690000534057617,110.25499725341797,3259.419921875,0.25,271.903,1145.57197265625,1138.228497314453,64.82146230870961
2021-07-23,1149.9100341796875,92.91000366210938,72.06999969482422,3254.419921875,1.2860000133514404,4411.7900390625,17.200000762939453,110.13999938964844,3280.06005859375,0.25,271.903,1147.52998046875,1139.1839965820313,68.82240064982328
2021-07-26,1151.1199951171875,92.6500015258789,71.91000366210938,3224.949951171875,1.2760000228881836,4422.2998046875,17.579999923706055,110.54399871826172,3276.919921875,0.25,271.903,1149.4539794921875,1140.472998046875,69.93384678583374
2021-07-27,1151.760009765625,92.43000030517578,71.6500015258789,3232.530029296875,1.2339999675750732,4401.4599609375,19.360000610351562,110.302001953125,3215.969970703125,0.25,271.903,1149.7919921875,1141.6089965820313,66.61906470875576
2021-07-28,1153.56005859375,92.31999969482422,72.38999938964844,3236.860107421875,1.2610000371932983,4400.64013671875,18.309999465942383,109.80599975585938,3272.449951171875,0.25,271.903,1151.0080078125,1142.7614990234374,64.25452759793114
2021-07-29,1149.4100341796875,91.86000061035156,73.62000274658203,3242.64990234375,1.2690000534057617,4419.14990234375,17.700000762939453,109.89099884033203,3333.239990234375,0.25,271.903,1151.1520263671875,1143.752001953125,53.5463454979489
2021-07-30,1142.1199951171875,92.16999816894531,73.94999694824219,3202.320068359375,1.2389999628067017,4395.259765625,18.239999771118164,109.40899658203125,3356.530029296875,0.25,271.903,1149.5940185546874,1144.2375,47.78558115997482
2021-08-02,1150.9300537109375,92.05000305175781,71.26000213623047,3223.0400390625,1.1740000247955322,4387.16015625,19.459999084472656,109.70600128173828,3377.489990234375,0.25,272.676,1149.5560302734375,1145.2955017089844,58.92831008714548
2021-08-03,1149.56005859375,92.08000183105469,70.55999755859375,3237.139892578125,1.1759999990463257,4423.14990234375,18.040000915527344,109.26899719238281,3396.659912109375,0.25,272.676,1149.1160400390625,1146.3015075683593,50.88089534773238
2021-08-04,1148.5799560546875,92.2699966430664,68.1500015258789,3280.3798828125,1.184000015258789,4402.66015625,17.969999313354492,108.99099731445312,3436.89990234375,0.25,272.676,1148.12001953125,1146.9565063476562,55.807562776309005
2021-08-05,1144.06005859375,92.23999786376953,69.08999633789062,3276.1298828125,1.2170000076293945,4429.10009765625,17.280000686645508,109.52899932861328,3424.4599609375,0.25,272.676,1147.0500244140626,1147.1335083007812,54.30701115283304
2021-08-06,1143.1199951171875,92.80000305175781,68.27999877929688,3270.360107421875,1.2899999618530273,4436.52001953125,16.149999618530273,109.75199890136719,3412.050048828125,0.25,272.676,1147.2500244140624,1146.9755065917968,51.7880673351316
2021-08-09,1144.9200439453125,92.94999694824219,66.4800033569336,3260.419921875,1.3170000314712524,4432.35009765625,16.719999313354492,110.25900268554688,3399.760009765625,0.25,272.676,1146.0480224609375,1147.006005859375,43.317070079837784
2021-08-10,1145.8900146484375,93.05999755859375,68.29000091552734,3243.18994140625,1.3420000076293945,4436.75,16.790000915527344,110.30599975585938,3358.8701171875,0.25,272.676,1145.314013671875,1147.2455078125,47.84617470706323
2021-08-11,1152.47998046875,92.91000366210938,69.25,3220.6201171875,1.3289999961853027,4442.41015625,16.170000076293945,110.5979995727539,3350.929931640625,0.25,272.676,1146.0940185546874,1147.4345092773438,54.48098094341909
2021-08-12,1152.8499755859375,93.04000091552734,69.08999633789062,3208.3798828125,1.3669999837875366,4460.830078125,15.59000015258789,110.3740005493164,3312.9599609375,0.25,272.676,1147.852001953125,1147.9065063476562,53.54721071763118
2021-08-13,1162.06005859375,92.5199966430664,68.44000244140625,3171.2900390625,1.2970000505447388,4468.0,15.449999809265137,110.40299987792969,3335.0400390625,0.25,272.676,1151.6400146484375,1149.0035095214844,61.06391121316494
2021-08-16,1161.3800048828125,92.62999725341797,67.29000091552734,3171.2900390625,1.2569999694824219,4479.7099609375,16.1200008392334,109.6240005493164,3322.639892578125,0.25,272.676,1154.9320068359375,1149.997509765625,59.721026389995636
2021-08-17,1164.5,93.12999725341797,66.58999633789062,3143.090087890625,1.2580000162124634,4448.080078125,17.90999984741211,109.2969970703125,3256.820068359375,0.25,272.676,1158.65400390625,1150.719012451172,60.767596766597144
2021-08-18,1176.449951171875,93.13999938964844,65.45999908447266,3158.929931640625,1.2730000019073486,4400.27001953125,21.56999969482422,109.53700256347656,3208.830078125,0.25,272.676,1163.447998046875,1152.1675109863281,73.07151502021652
2021-08-19,1169.6800537109375,93.56999969482422,63.689998626708984,3097.830078125,1.2419999837875366,4405.7998046875,21.670000076293945,109.84200286865234,3235.8701171875,0.25,272.676,1166.814013671875,1153.2170166015626,73.72591384470525
2021-08-20,1175.3900146484375,93.5,62.31999969482422,3060.510009765625,1.2599999904632568,4441.669921875,18.559999465942383,109.76799774169922,3256.5,0.25,272.676,1169.4800048828124,1154.491015625,72.24442490608264
2021-08-23,1174.239990234375,92.95999908447266,65.63999938964844,3090.2099609375,1.2549999952316284,4479.52978515625,17.149999618530273,109.83999633789062,3342.010009765625,0.25,272.676,1172.052001953125,1155.6470153808593,72.53463042305515
2021-08-24,1167.6099853515625,92.88999938964844,67.54000091552734,3138.300048828125,1.2899999618530273,4486.22998046875,17.219999313354492,109.6780014038086,3345.389892578125,0.25,272.676,1172.6739990234375,1156.4395141601562,65.75075069006905
2021-08-25,1163.469970703125,92.83000183105469,68.36000061035156,3146.81005859375,1.3420000076293945,4496.18994140625,16.790000915527344,109.7300033569336,3372.550048828125,0.25,272.676,1170.0780029296875,1156.935009765625,66.16683544612681
2021-08-26,1163.3299560546875,93.05999755859375,67.41999816894531,3128.530029296875,1.3420000076293945,4470.0,18.84000015258789,109.97599792480469,3370.389892578125,0.25,272.676,1168.8079833984375,1157.631005859375,67.06058382727551
2021-08-27,1170.0,92.69000244140625,68.73999786376953,3133.89990234375,1.312000036239624,4509.3701171875,16.389999389648438,110.0479965209961,3436.449951171875,0.25,272.676,1167.72998046875,1159.0250061035156,69.56315569969549
2021-08-30,1161.3299560546875,92.6500015258789,69.20999908447266,3144.18994140625,1.284999966621399,4528.7900390625,16.190000534057617,109.86499786376953,3446.43994140625,0.25,272.676,1165.1479736328124,1159.5450012207032,60.75204102103756
2021-08-31,1165.510009765625,92.62999725341797,68.5,3199.27001953125,1.3040000200271606,4522.68017578125,16.479999542236328,109.94400024414062,3417.719970703125,0.25,272.676,1164.727978515625,1160.3424987792969,59.388963556656414
2021-09-01,1158.4100341796875,92.44999694824219,68.58999633789062,3207.02001953125,1.3020000457763672,4524.08984375,16.110000610351562,110.05599975585938,3399.949951171875,0.25,273.91,1163.7159912109375,1160.834002685547,53.65216108381336
2021-09-02,1155.280029296875,92.2300033569336,69.98999786376953,3175.85009765625,1.2940000295639038,4536.9501953125,16.40999984741211,110.09600067138672,3411.320068359375,0.25,273.91,1162.106005859375,1161.395001220703,45.15989040866692
2021-09-03,1157.1300048828125,92.04000091552734,69.29000091552734,3201.06005859375,1.3220000267028809,4535.43017578125,16.40999984741211,109.94499969482422,3430.889892578125,0.25,273.91,1159.5320068359374,1162.0955017089843,47.015866920829964
2021-09-06,1154.75,92.04000091552734,69.29000091552734,3203.330078125,1.3220000267028809,4535.43017578125,16.40999984741211,109.76399993896484,3430.889892578125,0.25,273.91,1158.216015625,1162.5869995117187,43.08215974640129
2021-09-07,1155.5400390625,92.5199966430664,68.3499984741211,3187.419921875,1.3700000047683716,4520.02978515625,18.139999389648438,109.81999969482422,3419.72998046875,0.25,273.91,1156.222021484375,1163.0695007324218,32.372372743214214
2021-09-08,1161.0,92.6500015258789,69.30000305175781,3162.989990234375,1.3339999914169312,4514.06982421875,17.959999084472656,110.2959976196289,3377.679931640625,0.25,273.91,1156.7400146484374,1163.4955017089844,42.517210825509274
2021-09-09,1166.489990234375,92.4800033569336,68.13999938964844,3114.699951171875,1.2990000247955322,4493.27978515625,18.799999237060547,110.21800231933594,3390.840087890625,0.25,273.91,1158.9820068359375,1164.1775024414062,42.29837218883032
2021-09-10,1169.1300048828125,92.58000183105469,69.72000122070312,3125.760009765625,1.340999960899353,4458.580078125,20.950000762939453,109.78099822998047,3416.659912109375,0.25,273.91,1161.3820068359375,1164.5309997558593,45.689241485271076
2021-09-13,1169.3800048828125,92.62000274658203,70.44999694824219,3127.860107421875,1.3240000009536743,4468.72998046875,19.3700008392334,109.91500091552734,3449.679931640625,0.25,273.91,1164.3080078125,1164.9309997558594,51.67329831331531
2021-09-14,1171.1099853515625,92.6500015258789,70.45999908447266,3148.830078125,1.2769999504089355,4443.0498046875,19.459999084472656,109.99400329589844,3449.389892578125,0.25,273.91,1167.4219970703125,1165.2614990234374,57.56735254502059
2021-09-15,1170.800048828125,92.48999786376953,72.61000061035156,3153.39990234375,1.3040000200271606,4480.7001953125,18.18000030517578,109.71900177001953,3465.760009765625,0.25,273.91,1169.3820068359375,1164.97900390625,57.374224257395916
2021-09-16,1165.219970703125,92.86000061035156,72.61000061035156,3130.090087890625,1.3309999704360962,4473.75,18.690000534057617,109.38300323486328,3473.60009765625,0.25,273.91,1169.1280029296875,1164.7559997558594,45.177538694962514
2021-09-17,1174.4200439453125,93.19999694824219,71.97000122070312,3140.510009765625,1.3700000047683716,4432.990234375,20.809999465942383,109.6989974975586,3421.159912109375,0.25,273.91,1170.1860107421876,1164.707501220703,63.06654514083512
2021-09-20,1181.1099853515625,93.23999786376953,70.29000091552734,3140.510009765625,1.309000015258789,4357.72998046875,25.709999084472656,109.97100067138672,3338.22998046875,0.25,273.91,1172.5320068359374,1165.0510009765626,64.82888101388028
2021-09-21,1186.3199462890625,93.19999694824219,70.55999755859375,3140.510009765625,1.3240000009536743,4354.18994140625,24.360000610351562,109.43699645996094,3345.030029296875,0.25,273.91,1175.5739990234374,1165.9864990234375,77.51916151520403
2021-09-22,1182.9200439453125,93.45999908447266,72.2300033569336,3140.510009765625,1.3359999656677246,4395.64013671875,20.8700008392334,109.14900207519531,3412.02001953125,0.25,273.91,1177.997998046875,1166.959002685547,77.10875973057298
2021-09-23,1181.030029296875,93.0999984741211,73.30000305175781,3127.580078125,1.409999966621399,4448.97998046875,18.6299991607666,109.8219985961914,3457.449951171875,0.25,273.91,1181.160009765625,1167.8440063476562,73.42225837709802
2021-09-24,1174.699951171875,93.33000183105469,73.9800033569336,3125.239990234375,1.4600000381469727,4455.47998046875,17.75,110.32599639892578,3453.919921875,0.25,273.91,1181.2159912109375,1168.07900390625,68.14622685503892
2021-09-27,1179.199951171875,93.37999725341797,75.44999694824219,3133.639892578125,1.4839999675750732,4443.10986328125,18.760000228881836,110.76399993896484,3445.43994140625,0.25,273.91,1180.833984375,1168.9725036621094,70.16013946154197
2021-09-28,1176.9599609375,93.7699966430664,75.29000091552734,3097.919921875,1.534000039100647,4352.6298828125,23.25,110.96399688720703,3314.389892578125,0.25,273.91,1178.9619873046875,1169.5450012207032,64.38872356535367
2021-09-29,1186.8900146484375,94.33999633789062,74.83000183105469,3060.27001953125,1.5410000085830688,4359.4599609375,22.559999465942383,111.52799987792969,3263.840087890625,0.25,273.91,1179.7559814453125,1170.9690002441407,67.02839407296908
2021-09-30,1187.4300537109375,94.25,75.02999877929688,3068.820068359375,1.5290000438690186,4307.5400390625,23.139999389648438,111.93599700927734,3258.090087890625,0.25,273.91,1181.035986328125,1172.5765014648437,65.83047869262384
2021-10-01,1183.719970703125,94.04000091552734,75.87999725341797,3019.179931640625,1.4789999723434448,4357.0400390625,21.100000381469727,111.46099853515625,3261.179931640625,0.25,276.55,1182.839990234375,1173.9059997558593,61.70415847187268
2021-10-04,1180.0,93.80999755859375,77.62000274658203,3019.179931640625,1.4809999465942383,4300.4599609375,22.959999084472656,110.9469985961914,3180.06005859375,0.25,276.55,1183.0,1175.1684997558593,57.02766600082988
2021-10-05,1183.780029296875,93.9800033569336,78.93000030517578,2962.169921875,1.5290000438690186,4345.72021484375,21.299999237060547,110.96800231933594,3227.25,0.25,276.55,1184.364013671875,1176.580499267578,59.72717226641687
2021-10-06,1187.1700439453125,94.2699966430664,77.43000030517578,2908.31005859375,1.5240000486373901,4363.5498046875,21.0,111.48699951171875,3238.7900390625,0.25,276.55,1184.42001953125,1177.8890014648437,67.00761022338834
2021-10-07,1191.3800048828125,94.22000122070312,78.30000305175781,2959.4599609375,1.5709999799728394,4399.759765625,19.540000915527344,111.41300201416016,3274.47998046875,0.25,276.55,1185.210009765625,1179.1335021972657,64.24248388525316
2021-10-08,1191.1500244140625,94.06999969482422,79.3499984741211,2956.300048828125,1.6050000190734863,4391.33984375,18.770000457763672,111.66200256347656,3246.27001953125,0.25,276.55,1186.6960205078126,1180.2345031738282,59.45744563417596
2021-10-11,1195.5799560546875,94.31999969482422,80.5199966430664,2956.300048828125,1.6139999628067017,4361.18994140625,20.0,112.2699966430664,3221.22998046875,0.25,276.55,1189.81201171875,1181.544500732422,58.85277353760836
2021-10-12,1195.800048828125,94.5199966430664,80.63999938964844,2916.3798828125,1.5800000429153442,4350.64990234375,19.850000381469727,113.38800048828125,3178.14990234375,0.25,276.55,1192.216015625,1182.77900390625,63.110690295308316
2021-10-13,1196.8900146484375,94.08000183105469,80.44000244140625,2944.409912109375,1.5490000247955322,4363.7998046875,18.639999389648438,113.51899719238281,3192.75,0.25,276.55,1194.160009765625,1184.0835021972657,66.41134400602266
2021-10-14,1186.7099609375,93.95999908447266,81.30999755859375,2988.639892578125,1.5190000534057617,4438.259765625,16.860000610351562,113.3010025024414,3291.239990234375,0.25,276.55,1193.2260009765625,1185.1580017089843,61.510419347743685
2021-10-15,1182.1300048828125,93.94000244140625,82.27999877929688,3015.06005859375,1.5759999752044678,4471.3701171875,16.299999237060547,113.83399963378906,3314.409912109375,0.25,276.55,1191.4219970703125,1185.5434997558593,52.80387259860805
2021-10-18,1181.7900390625,93.94999694824219,82.44000244140625,3006.679931640625,1.5839999914169312,4486.4599609375,16.309999465942383,114.3239974975586,3338.780029296875,0.25,276.55,1188.664013671875,1185.5775024414063,54.79649330372296
2021-10-19,1185.6800537109375,93.79000091552734,82.95999908447266,3029.0400390625,1.6349999904632568,4519.6298828125,15.699999809265137,114.28500366210938,3381.449951171875,0.25,276.55,1186.6400146484375,1185.5455078125,48.63466560878045
2021-10-20,1175.6500244140625,93.55999755859375,83.87000274658203,3013.1298828125,1.6360000371932983,4536.18994140625,15.489999771118164,114.54299926757812,3374.219970703125,0.25,276.55,1182.3920166015625,1185.1820068359375,39.0520273183128
2021-10-21,1174.5899658203125,93.7699966430664,82.5,3007.330078125,1.6759999990463257,4549.77978515625,15.010000228881836,114.38899993896484,3412.050048828125,0.25,276.55,1179.968017578125,1184.8600036621094,41.07526830397522
2021-10-22,1176.550048828125,93.61000061035156,83.76000213623047,3006.159912109375,1.6549999713897705,4544.89990234375,15.430000305175781,113.8499984741211,3370.280029296875,0.25,276.55,1178.8520263671876,1184.9525085449218,46.50744925902858
2021-10-25,1176.5400390625,93.80999755859375,83.76000213623047,3020.5400390625,1.6349999904632568,4566.47998046875,15.239999771118164,113.66400146484375,3392.389892578125,0.25,276.55,1177.8020263671874,1184.819512939453,42.06491490955795
2021-10-26,1167.06005859375,93.94999694824219,84.6500015258789,3049.080078125,1.61899995803833,4574.7900390625,15.979999542236328,113.76499938964844,3392.9599609375,0.25,276.55,1174.07802734375,1184.3245178222655,30.55506374982589
2021-10-27,1167.3299560546875,93.86000061035156,82.66000366210938,3025.489990234375,1.5290000438690186,4551.68017578125,16.979999542236328,114.18800354003906,3360.2900390625,0.25,276.55,1172.414013671875,1183.3465148925782,24.827256651641065
2021-10-28,1172.1700439453125,93.3499984741211,82.80999755859375,3009.550048828125,1.5679999589920044,4596.419921875,16.530000686645508,113.7760009765625,3438.830078125,0.25,276.55,1171.930029296875,1182.583514404297,31.88246041696769
2021-10-29,1167.3699951171875,94.12000274658203,83.56999969482422,2970.679931640625,1.5570000410079956,4605.3798828125,16.260000228881836,113.61599731445312,3451.27001953125,0.25,276.55,1170.0940185546874,1181.766015625,23.26082428898711
2021-11-01,1174.3800048828125,93.87999725341797,84.05000305175781,2978.93994140625,1.5750000476837158,4613.669921875,16.40999984741211,114.23600006103516,3506.280029296875,0.25,278.919,1169.66201171875,1181.4850158691406,32.01210448731223
2021-11-02,1176.5699462890625,94.08999633789062,83.91000366210938,3013.489990234375,1.5490000247955322,4630.64990234375,16.030000686645508,114.09400177001953,3548.860107421875,0.25,278.919,1171.5639892578124,1181.12451171875,33.24536399578069
2021-11-03,1178.0400390625,93.86000061035156,80.86000061035156,2975.7099609375,1.5789999961853027,4660.56982421875,15.100000381469727,113.96199798583984,3590.169921875,0.25,278.919,1173.706005859375,1180.6680114746093,41.65232762592499
2021-11-04,1179.3399658203125,94.3499984741211,78.80999755859375,2983.219970703125,1.5240000486373901,4680.06005859375,15.4399995803833,114.06999969482422,3715.760009765625,0.25,278.919,1175.139990234375,1180.0660095214844,47.13254813796288
2021-11-05,1185.8299560546875,94.31999969482422,81.2699966430664,2969.27001953125,1.4529999494552612,4697.52978515625,16.479999542236328,113.83699798583984,3756.550048828125,0.25,278.919,1178.831982421875,1179.8000061035157,53.68604415456548
2021-11-08,1180.5,94.05000305175781,81.93000030517578,2960.199951171875,1.496999979019165,4701.7001953125,17.219999313354492,113.4749984741211,3803.330078125,0.25,278.919,1180.0559814453125,1179.0460083007813,45.39469828680823
2021-11-09,1199.8599853515625,93.95999908447266,84.1500015258789,2962.4599609375,1.4320000410079956,4685.25,17.780000686645508,113.25399780273438,3800.570068359375,0.25,278.919,1184.7139892578125,1179.249005126953,68.46113748487387
2021-11-10,1177.5,94.8499984741211,81.33999633789062,2930.169921875,1.559999942779541,4646.7099609375,18.729999542236328,112.91200256347656,3693.02001953125,0.25,278.919,1184.6059814453124,1178.2795043945312,51.674936308999364
2021-11-11,1184.1400146484375,95.18000030517578,81.58999633789062,2924.919921875,1.559999942779541,4649.27001953125,17.65999984741211,113.90499877929688,3764.489990234375,0.25,278.919,1185.5659912109375,1178.1510070800782,54.14526045465394
2021-11-12,1183.1099853515625,95.12999725341797,80.79000091552734,2968.800048828125,1.5820000171661377,4682.85009765625,16.290000915527344,114.04299926757812,3794.5,0.25,278.919,1185.0219970703124,1178.2000061035155,53.54863892247864
2021-11-15,1179.1099853515625,95.41000366210938,80.87999725341797,2999.52001953125,1.6230000257492065,4682.7998046875,16.489999771118164,113.98100280761719,3793.75,0.25,278.919,1184.743994140625,1178.0660034179687,56.91809133481256
2021-11-16,1183.510009765625,95.91999816894531,80.76000213623047,2997.2099609375,1.6339999437332153,4700.89990234375,16.3700008392334,114.13200378417969,3859.39990234375,0.25,278.919,1181.4739990234375,1177.957501220703,58.86868957211201
2021-11-17,1184.050048828125,95.83000183105469,78.36000061035156,2962.419921875,1.6039999723434448,4688.669921875,17.110000610351562,114.90399932861328,3831.43994140625,0.25,278.919,1182.7840087890625,1178.3775024414062,56.833869579200304
2021-11-18,1181.22998046875,95.54000091552734,79.01000213623047,2947.3798828125,1.5889999866485596,4704.5400390625,17.59000015258789,114.19000244140625,3899.9599609375,0.25,278.919,1182.202001953125,1178.7095031738281,58.15868553911953
2021-11-19,1182.9000244140625,96.06999969482422,76.0999984741211,2971.02001953125,1.5360000133514404,4697.9599609375,17.90999984741211,114.28199768066406,3912.02001953125,0.25,278.919,1182.160009765625,1179.027001953125,55.3517644965986
2021-11-22,1191.6300048828125,96.5,76.75,3013.25,1.625,4682.93994140625,19.170000076293945,114.13800048828125,3847.1201171875,0.25,278.919,1184.664013671875,1179.7815002441407,58.741603605135616
2021-11-23,1189.5,96.48999786376953,78.5,2997.330078125,1.6670000553131104,4690.7001953125,19.3799991607666,114.79000091552734,3834.429931640625,0.25,278.919,1185.86201171875,1180.903497314453,56.601356273538606
2021-11-24,1189.949951171875,96.83999633789062,78.38999938964844,2994.2900390625,1.6449999809265137,4701.4599609375,18.579999923706055,115.14099884033203,3870.010009765625,0.25,278.919,1187.0419921875,1182.0344970703125,56.17217935444104
2021-11-25,1187.8800048828125,96.83999633789062,78.38999938964844,2980.27001953125,1.6449999809265137,4701.4599609375,18.579999923706055,115.40799713134766,3870.010009765625,0.25,278.919,1188.3719970703125,1182.8199951171875,51.25723542957415
2021-11-26,1190.219970703125,96.08999633789062,68.1500015258789,2936.43994140625,1.4819999933242798,4594.6201171875,28.6200008392334,115.06900024414062,3757.1298828125,0.25,278.919,1189.835986328125,1183.9624938964844,56.18790798880946
2021-11-29,1194.6099853515625,96.33999633789062,69.94999694824219,2909.320068359375,1.5299999713897705,4655.27001953125,22.959999084472656,113.71900177001953,3910.5400390625,0.25,278.919,1190.431982421875,1184.9739929199218,45.87069816385863
2021-11-30,1190.739990234375,95.98999786376953,66.18000030517578,2839.010009765625,1.4429999589920044,4567.0,27.190000534057617,113.80400085449219,3833.219970703125,0.25,278.919,1190.67998046875,1185.6824951171875,64.68496815562584
2021-12-01,1182.8599853515625,96.05000305175781,65.56999969482422,2899.719970703125,1.434000015258789,4513.0400390625,31.1200008392334,113.29900360107422,3810.75,0.25,280.845,1189.2619873046874,1185.9234924316406,48.61827784131937
2021-12-02,1177.1099853515625,96.12999725341797,66.5,2945.27001953125,1.4479999542236328,4577.10009765625,27.950000762939453,112.88200378417969,3810.820068359375,0.25,280.845,1187.1079833984375,1185.811993408203,44.122261551707645
2021-12-03,1176.77001953125,96.12000274658203,66.26000213623047,2968.330078125,1.343000054359436,4538.43017578125,30.670000076293945,113.02200317382812,3804.5400390625,0.25,280.845,1184.4179931640624,1185.3589965820313,47.53063995444907
2021-12-06,1183.1400146484375,96.29000091552734,69.48999786376953,2973.25,1.434000015258789,4591.669921875,27.18000030517578,113.04199981689453,3800.070068359375,0.25,280.845,1182.1239990234376,1185.4909973144531,49.62513140807618
2021-12-07,1180.56005859375,96.37000274658203,72.05000305175781,2991.719970703125,1.4800000190734863,4686.75,21.889999389648438,113.45800018310547,3988.75,0.25,280.845,1180.0880126953125,1184.5260009765625,46.60440014632316
2021-12-08,1176.8399658203125,95.88999938964844,72.36000061035156,3001.800048828125,1.5089999437332153,4701.2099609375,19.899999618530273,113.5250015258789,3964.43994140625,0.25,280.845,1178.8840087890626,1184.4929992675782,45.80223597496492
2021-12-09,1172.56005859375,96.2699966430664,70.94000244140625,3029.570068359375,1.4869999885559082,4667.4501953125,21.579999923706055,113.68399810791016,3879.52001953125,0.25,280.845,1177.9740234375,1183.9140014648438,40.5828713987446
2021-12-10,1177.3299560546875,96.05000305175781,71.66999816894531,3010.22998046875,1.4889999628067017,4712.02001953125,18.690000534057617,113.447998046875,3914.669921875,0.25,280.845,1178.0860107421875,1183.625,35.96374772944036
2021-12-13,1178.969970703125,96.31999969482422,71.29000091552734,3001.659912109375,1.4240000247955322,4668.97021484375,20.309999465942383,113.5009994506836,3814.429931640625,0.25,280.845,1177.252001953125,1183.6179992675782,39.56383503837555
2021-12-14,1185.0999755859375,96.56999969482422,70.7300033569336,2987.949951171875,1.437999963760376,4634.08984375,21.889999389648438,113.5770034790039,3794.409912109375,0.25,280.845,1178.1599853515625,1183.6974975585938,45.6796755216772
2021-12-15,1184.22998046875,96.51000213623047,70.87000274658203,2989.389892578125,1.4630000591278076,4709.85009765625,19.290000915527344,113.74299621582031,3934.4599609375,0.25,280.845,1179.63798828125,1183.706494140625,46.677555918530615
2021-12-16,1184.4000244140625,96.04000091552734,72.37999725341797,3006.409912109375,1.4220000505447388,4668.669921875,20.56999969482422,114.13600158691406,3766.320068359375,0.25,280.845,1182.0059814453125,1183.8649963378907,44.484497083586874
2021-12-17,1186.1500244140625,96.56999969482422,70.86000061035156,3017.72998046875,1.4019999504089355,4620.64013671875,21.56999969482422,113.66300201416016,3761.0400390625,0.25,280.845,1183.7699951171876,1184.0274963378906,41.56027297835755
2021-12-20,1186.3900146484375,96.55000305175781,68.2300033569336,2963.0,1.4190000295639038,4568.02001953125,22.8700008392334,113.51799774169922,3732.389892578125,0.25,280.845,1185.25400390625,1183.7654968261718,45.3215875224829
2021-12-21,1190.1199951171875,96.48999786376953,71.12000274658203,2975.030029296875,1.4869999885559082,4649.22998046875,21.010000228881836,113.66200256347656,3857.300048828125,0.25,280.845,1186.2580078125,1183.7964965820313,58.57349617123351
2021-12-22,1191.27001953125,96.08000183105469,72.76000213623047,2984.47998046875,1.4570000171661377,4696.56005859375,18.6299991607666,113.99400329589844,3891.919921875,0.25,280.845,1187.666015625,1183.8625,68.76004722397425
2021-12-23,1187.77001953125,96.0199966430664,73.79000091552734,2998.169921875,1.4930000305175781,4725.7900390625,17.959999084472656,114.12100219726562,3932.389892578125,0.25,280.845,1188.3400146484375,1183.857000732422,63.44746487112448
2021-12-24,1185.5,96.0199966430664,73.79000091552734,3012.429931640625,1.4930000305175781,4725.7900390625,17.959999084472656,114.45800018310547,3932.389892578125,0.25,280.845,1188.210009765625,1183.6210021972656,53.20650821820112
2021-12-27,1185.9200439453125,96.08999633789062,75.56999969482422,2999.550048828125,1.4809999465942383,4791.18994140625,17.68000030517578,114.33300018310547,4039.510009765625,0.25,280.845,1188.116015625,1183.186505126953,57.73669613878796
2021-12-28,1185.6500244140625,96.19999694824219,75.9800033569336,3020.239990234375,1.4809999465942383,4786.35009765625,17.540000915527344,114.79199981689453,3992.18994140625,0.25,280.845,1187.222021484375,1182.9320068359375,64.12323684581304
2021-12-29,1187.8499755859375,95.93000030517578,76.55999755859375,2993.2900390625,1.5429999828338623,4793.06005859375,16.950000762939453,114.77300262451172,3999.35009765625,0.25,280.845,1186.5380126953125,1183.1815063476563,76.26232340471927
2021-12-30,1183.6700439453125,95.97000122070312,76.98999786376953,2977.64990234375,1.5149999856948853,4778.72998046875,17.329999923706055,114.947998046875,3952.0400390625,0.25,280.845,1185.718017578125,1183.5095092773438,61.11515348662022
2021-12-31,1189.8900146484375,95.66999816894531,75.20999908447266,2977.64990234375,1.5119999647140503,4766.18017578125,17.219999313354492,115.06300354003906,3946.169921875,0.25,280.845,1186.5960205078125,1184.165509033203,66.49554682746032
2022-01-03,1187.780029296875,96.23999786376953,76.08000183105469,2977.64990234375,1.628000020980835,4796.56005859375,16.600000381469727,115.14199829101562,4027.219970703125,0.25,282.543,1186.968017578125,1184.397509765625,54.60807730571776
2022-01-04,1194.6800537109375,96.29000091552734,76.98999786376953,2989.239990234375,1.6679999828338623,4793.5400390625,16.90999984741211,115.3280029296875,4009.0,0.25,282.543,1188.7740234375,1185.1035095214843,64.88191056981236
2022-01-05,1196.5,96.19000244140625,77.8499984741211,2953.969970703125,1.7050000429153442,4700.580078125,19.729999542236328,116.17400360107422,3879.8701171875,0.25,282.543,1190.5040283203125,1186.0865112304687,66.45812371113479
2022-01-06,1199.25,96.25,79.45999908447266,2920.530029296875,1.7330000400543213,4696.0498046875,19.610000610351562,116.12799835205078,3909.0400390625,0.25,282.543,1193.62001953125,1187.4210083007813,67.34641756834955
2022-01-07,1205.780029296875,95.73999786376953,78.9000015258789,2954.889892578125,1.7710000276565552,4677.02978515625,18.760000228881836,115.86499786376953,3796.320068359375,0.25,282.543,1196.7980224609375,1188.8435119628907,72.00913381200863
2022-01-10,1196.8800048828125,95.98999786376953,78.2300033569336,2926.719970703125,1.7799999713897705,4670.2900390625,19.399999618530273,115.61799621582031,3805.389892578125,0.25,282.543,1198.618017578125,1189.739013671875,56.86714119193472
2022-01-11,1198.0899658203125,95.62000274658203,81.22000122070312,2927.3798828125,1.746000051498413,4713.06982421875,18.40999984741211,115.27799987792969,3875.43994140625,0.25,282.543,1199.3,1190.3885131835937,56.91960138815608
2022-01-12,1189.4300537109375,95.0,82.63999938964844,2972.47998046875,1.725000023841858,4726.35009765625,17.6200008392334,115.33100128173828,3901.2099609375,0.25,282.543,1197.8860107421874,1190.6485168457032,51.524650705987604
2022-01-13,1185.8800048828125,94.79000091552734,82.12000274658203,2962.090087890625,1.7109999656677246,4659.02978515625,20.309999465942383,114.67500305175781,3811.840087890625,0.25,282.543,1195.21201171875,1190.7225158691406,50.34099597552453
2022-01-14,1186.6099853515625,95.16999816894531,83.81999969482422,2921.919921875,1.7719999551773071,4662.85009765625,19.190000534057617,114.11799621582031,3900.610107421875,0.25,282.543,1191.3780029296875,1190.7455139160156,50.61569164001429
2022-01-17,1188.9599609375,95.16999816894531,83.81999969482422,2890.10009765625,1.7719999551773071,4662.85009765625,19.190000534057617,114.30599975585938,3900.610107421875,0.25,282.543,1189.793994140625,1190.8740112304688,52.84800487359123
2022-01-18,1190.06005859375,95.7300033569336,85.43000030517578,2864.239990234375,1.8650000095367432,4577.10986328125,22.790000915527344,114.57099914550781,3727.239990234375,0.25,282.543,1188.1880126953124,1190.8710144042968,51.938333065681704
2022-01-19,1192.97998046875,95.51000213623047,86.95999908447266,2842.280029296875,1.8270000219345093,4532.759765625,23.850000381469727,114.55400085449219,3612.18994140625,0.25,282.543,1188.897998046875,1190.9565124511719,58.34973713770218
2022-01-20,1188.1600341796875,95.73999786376953,86.9000015258789,2862.679931640625,1.8329999446868896,4482.72998046875,25.59000015258789,114.34700012207031,3494.75,0.25,282.543,1189.35400390625,1190.9760131835938,48.40847734000548
2022-01-21,1192.4300537109375,95.63999938964844,85.13999938964844,2834.2900390625,1.746999979019165,4397.93994140625,28.850000381469727,113.99299621582031,3434.7900390625,0.25,282.543,1190.518017578125,1191.3225158691407,54.11434582840997
2022-01-24,1191.5,95.91999816894531,83.30999755859375,2792.0,1.7350000143051147,4410.1298828125,29.899999618530273,113.78500366210938,3479.949951171875,0.25,282.543,1191.026025390625,1191.601513671875,46.85391874364468
2022-01-25,1195.6600341796875,95.94999694824219,85.5999984741211,2720.389892578125,1.7829999923706055,4356.4501953125,31.15999984741211,114.01100158691406,3350.85009765625,0.25,282.543,1192.1460205078124,1192.1020141601562,49.20578125685318
2022-01-26,1196.0999755859375,96.48999786376953,87.3499984741211,2709.239990234375,1.8480000495910645,4349.93017578125,31.959999084472656,113.875,3407.0,0.25,282.543,1192.77001953125,1192.5145141601563,46.885477793414424
2022-01-27,1200.6300048828125,97.26000213623047,86.61000061035156,2614.489990234375,1.8070000410079956,4326.509765625,30.489999771118164,114.72100067138672,3244.0,0.25,282.543,1195.264013671875,1193.3625122070312,44.69834248589416
2022-01-28,1203.4599609375,97.2699966430664,86.81999969482422,2663.340087890625,1.781999945640564,4431.85009765625,27.65999984741211,115.35199737548828,3303.39990234375,0.25,282.543,1197.4699951171874,1194.0410095214843,57.74114700467315
2022-01-31,1207.7099609375,96.54000091552734,88.1500015258789,2663.340087890625,1.781999945640564,4515.5498046875,24.829999923706055,115.26200103759766,3483.2099609375,0.25,282.543,1200.7119873046875,1195.0375061035156,60.562157061943964
2022-02-01,1205.1199951171875,96.38999938964844,88.19999694824219,2663.340087890625,1.7999999523162842,4546.5400390625,21.959999084472656,115.12100219726562,3510.860107421875,0.25,284.5,1202.6039794921876,1195.559503173828,69.87579560707371
2022-02-02,1202.5,95.94000244140625,88.26000213623047,2663.340087890625,1.7660000324249268,4589.3798828125,22.09000015258789,114.73600006103516,3597.169921875,0.25,284.5,1203.883984375,1195.8595031738282,71.56205359829468
2022-02-03,1199.9599609375,95.37999725341797,90.2699966430664,2707.820068359375,1.8270000219345093,4477.43994140625,24.350000381469727,114.38200378417969,3432.550048828125,0.25,284.5,1203.7499755859376,1195.895001220703,66.54273068580262
2022-02-04,1200.3299560546875,95.4800033569336,92.30999755859375,2750.260009765625,1.9299999475479126,4500.52978515625,23.219999313354492,114.95700073242188,3453.070068359375,0.25,284.5,1203.123974609375,1195.6224975585938,64.81625822789643
2022-02-07,1197.0899658203125,95.4000015258789,91.31999969482422,2745.06005859375,1.9160000085830688,4483.8701171875,22.860000610351562,115.2239990234375,3452.330078125,0.25,284.5,1200.9999755859376,1195.6329956054688,58.67677945621156
2022-02-08,1196.8499755859375,95.63999938964844,89.36000061035156,2746.469970703125,1.9539999961853027,4521.5400390625,21.440000534057617,115.06300354003906,3535.1298828125,0.25,284.5,1199.3459716796874,1195.57099609375,55.11498759289197
2022-02-09,1196.3599853515625,95.48999786376953,89.66000366210938,2768.85009765625,1.9290000200271606,4587.18017578125,19.959999084472656,115.53099822998047,3653.719970703125,0.25,284.5,1198.11796875,1195.9174926757812,62.23873309235075
2022-02-10,1194.030029296875,95.55000305175781,89.87999725341797,2771.929931640625,2.0309998989105225,4504.080078125,23.90999984741211,115.60199737548828,3536.10009765625,0.25,284.5,1196.931982421875,1196.3249938964843,52.53482066535416
2022-02-11,1199.3499755859375,96.08000183105469,93.0999984741211,2747.7099609375,1.9550000429153442,4418.64013671875,27.360000610351562,116.0469970703125,3365.25,0.25,284.5,1196.735986328125,1196.9619934082032,60.917959531546586
2022-02-14,1199.239990234375,96.37000274658203,95.45999908447266,2704.47998046875,1.996000051498413,4401.669921875,28.329999923706055,115.58399963378906,3370.199951171875,0.25,284.5,1197.1659912109376,1197.4759948730468,55.61125503687008
2022-02-15,1197.3599853515625,95.98999786376953,92.06999969482422,2676.5400390625,2.0450000762939453,4471.06982421875,25.700000762939453,115.53600311279297,3554.449951171875,0.25,284.5,1197.2679931640625,1197.8409912109375,51.889645577035736
2022-02-16,1196.8299560546875,95.69999694824219,93.66000366210938,2729.679931640625,2.046999931335449,4475.009765625,24.290000915527344,115.63500213623047,3555.68994140625,0.25,284.5,1197.3619873046875,1198.0334899902343,43.52408134735721
2022-02-17,1196.75,95.80000305175781,91.76000213623047,2744.090087890625,1.972000002861023,4380.259765625,28.110000610351562,115.38700103759766,3422.60009765625,0.25,284.5,1197.9059814453126,1198.46298828125,37.38247392390187
2022-02-18,1198.6600341796875,96.04000091552734,91.06999969482422,2744.52001953125,1.9320000410079956,4348.8701171875,27.75,114.86599731445312,3384.300048828125,0.25,284.5,1197.7679931640625,1198.7744873046875,31.340263270494063
2022-02-21,1195.0699462890625,96.04000091552734,91.06999969482422,2743.800048828125,1.9320000410079956,4348.8701171875,27.75,114.96099853515625,3384.300048828125,0.25,284.5,1196.933984375,1198.9529846191406,30.098913211633658
2022-02-22,1194.6800537109375,96.02999877929688,92.3499984741211,2706.7900390625,1.9479999542236328,4304.759765625,28.809999465942383,114.60900115966797,3356.070068359375,0.25,284.5,1196.397998046875,1198.903985595703,33.01481076896154
2022-02-23,1192.6800537109375,96.19000244140625,92.0999984741211,2719.530029296875,1.9769999980926514,4225.5,31.020000457763672,115.09600067138672,3277.800048828125,0.25,284.5,1195.568017578125,1198.7329895019532,33.807933534251035
2022-02-24,1192.4000244140625,97.13999938964844,92.80999755859375,2648.800048828125,1.968999981880188,4288.7001953125,30.31999969482422,114.89800262451172,3399.159912109375,0.25,284.5,1194.6980224609374,1198.3214904785157,32.29126912298685
2022-02-25,1206.0,96.62000274658203,91.58999633789062,2676.760009765625,1.9859999418258667,4384.64990234375,27.59000015258789,115.57099914550781,3452.669921875,0.25,284.5,1196.166015625,1198.4484924316407,63.60315632140208
2022-02-28,1197.5899658203125,96.70999908447266,95.72000122070312,2699.179931640625,1.8389999866485596,4373.93994140625,30.149999618530273,115.58499908447266,3429.530029296875,0.25,284.5,1196.67001953125,1197.9424926757813,50.90419311727364
2022-03-01,1200.9300537109375,97.41000366210938,103.41000366210938,2699.179931640625,1.7070000171661377,4306.259765625,33.31999969482422,115.0780029296875,3304.85009765625,0.25,287.674,1197.92001953125,1197.7329956054687,55.22054640175812
2022-03-02,1205.3699951171875,97.38999938964844,110.5999984741211,2703.52001953125,1.8650000095367432,4386.5400390625,30.739999771118164,114.83300018310547,3416.159912109375,0.25,287.674,1200.4580078125,1197.8764953613281,62.358287503758156
2022-03-03,1203.1500244140625,97.79000091552734,107.66999816894531,2747.080078125,1.843999981880188,4363.490234375,30.479999542236328,115.51899719238281,3339.760009765625,0.25,287.674,1202.6080078125,1198.0359985351563,54.44138175052932
2022-03-04,1205.989990234375,98.6500015258789,115.68000030517578,2713.429931640625,1.7239999771118164,4328.8701171875,31.979999542236328,115.4739990234375,3258.919921875,0.25,287.674,1202.606005859375,1198.3190002441406,57.41595094657446
2022-03-07,1216.7099609375,99.29000091552734,119.4000015258789,2651.31005859375,1.7510000467300415,4201.08984375,36.45000076293945,114.94999694824219,3098.929931640625,0.25,287.674,1206.4300048828125,1199.3,67.80127348478894
2022-03-08,1232.300048828125,99.05999755859375,123.69999694824219,2622.39990234375,1.871999979019165,4170.7001953125,35.130001068115234,115.37300109863281,3156.8701171875,0.25,287.674,1212.70400390625,1201.0725036621093,75.55112758020917
2022-03-09,1233.1099853515625,97.97000122070312,108.69999694824219,2622.39990234375,1.9479999542236328,4277.8798828125,32.45000076293945,115.72200012207031,3282.179931640625,0.25,287.674,1218.252001953125,1202.9100036621094,75.9195735371667
2022-03-10,1223.22998046875,98.51000213623047,106.0199966430664,2680.320068359375,2.010999917984009,4259.52001953125,30.229999542236328,115.90899658203125,3211.070068359375,0.25,287.674,1222.2679931640625,1204.3700012207032,65.7277883093157
2022-03-11,1228.5999755859375,99.12000274658203,109.33000183105469,2661.280029296875,2.003999948501587,4204.31005859375,30.75,116.17900085449219,3144.14990234375,0.25,287.674,1226.789990234375,1205.832501220703,70.98515107157374
2022-03-14,1236.8900146484375,99.05999755859375,103.01000213623047,2645.64990234375,2.140000104904175,4173.10986328125,31.770000457763672,117.52899932861328,3047.5,0.25,287.674,1230.8260009765625,1207.7150024414063,74.040290554746
2022-03-15,1242.050048828125,99.06999969482422,96.44000244140625,2621.530029296875,2.1600000858306885,4262.4501953125,29.829999923706055,118.21800231933594,3180.239990234375,0.25,287.674,1232.7760009765625,1209.9495056152343,77.14126187986787
2022-03-16,1241.6800537109375,98.37999725341797,95.04000091552734,2659.22998046875,2.187999963760376,4357.85986328125,26.670000076293945,118.29199981689453,3340.070068359375,0.25,287.674,1234.4900146484374,1212.1920104980468,77.06503083936713
2022-03-17,1223.0,98.01000213623047,102.9800033569336,2694.510009765625,2.191999912261963,4411.669921875,25.670000076293945,118.87000274658203,3364.550048828125,0.25,287.674,1234.4440185546875,1213.5045104980468,58.84310199437146
2022-03-18,1210.3299560546875,98.2300033569336,104.69999694824219,2707.02001953125,2.1480000019073486,4463.1201171875,23.8700008392334,118.48600006103516,3432.300048828125,0.25,287.674,1230.7900146484376,1214.0880065917968,56.34587274447474
2022-03-21,1210.3699951171875,98.5,112.12000274658203,2686.050048828125,2.315000057220459,4461.18017578125,23.530000686645508,119.26300048828125,3423.239990234375,0.25,287.674,1225.4860107421875,1214.853009033203,54.86193541897193
2022-03-22,1219.780029296875,98.48999786376953,111.76000213623047,2710.0,2.372999906539917,4511.60986328125,22.940000534057617,119.59400177001953,3445.85009765625,0.25,287.674,1221.0320068359374,1216.1080078125,57.060269499219494
2022-03-23,1214.949951171875,98.62000274658203,114.93000030517578,2735.050048828125,2.321000099182129,4456.240234375,23.56999969482422,121.33999633789062,3360.320068359375,0.25,287.674,1215.685986328125,1217.221502685547,55.63725175739494
2022-03-24,1218.010009765625,98.79000091552734,112.33999633789062,2729.659912109375,2.3410000801086426,4520.16015625,21.670000076293945,121.12699890136719,3532.719970703125,0.25,287.674,1214.68798828125,1218.502001953125,55.73034754067832
2022-03-25,1217.550048828125,98.80999755859375,113.9000015258789,2729.97998046875,2.492000102996826,4543.06005859375,20.809999465942383,122.34600067138672,3525.340087890625,0.25,287.674,1216.1320068359375,1219.0795043945313,50.443925535071536
2022-03-28,1224.3800048828125,99.08999633789062,105.95999908447266,2729.56005859375,2.4769999980926514,4575.52001953125,19.6299991607666,122.2699966430664,3547.169921875,0.25,287.674,1218.9340087890625,1220.4190063476562,45.38782740731368
2022-03-29,1223.6600341796875,98.4000015258789,104.23999786376953,2741.070068359375,2.4000000953674316,4631.60009765625,18.899999618530273,123.66000366210938,3625.580078125,0.25,287.674,1219.710009765625,1221.5555053710937,44.49112619728734
2022-03-30,1209.1300048828125,97.79000091552734,107.81999969482422,2746.739990234375,2.3580000400543213,4602.4501953125,19.329999923706055,123.125,3508.6201171875,0.25,287.674,1218.5460205078125,1221.743505859375,42.2030907640238
2022-03-31,1210.43994140625,98.30999755859375,100.27999877929688,2757.64990234375,2.3269999027252197,4530.41015625,20.559999465942383,122.02100372314453,3429.0,0.25,287.674,1217.0320068359374,1222.1080017089844,39.48588124043236
2022-04-01,1214.5,98.62999725341797,99.2699966430664,2739.85009765625,2.377000093460083,4545.85986328125,19.6299991607666,121.75599670410156,3366.639892578125,0.25,288.561,1216.4219970703125,1222.5335021972655,36.36920323835371
2022-04-04,1218.780029296875,98.98999786376953,103.27999877929688,2757.89990234375,2.4119999408721924,4582.64013671875,18.56999969482422,122.61000061035156,3424.949951171875,0.25,288.561,1215.302001953125,1222.6370056152343,35.680031009522196
2022-04-05,1213.9000244140625,99.47000122070312,101.95999908447266,2759.199951171875,2.555999994277954,4525.1201171875,21.030000686645508,122.80899810791016,3269.820068359375,0.25,288.561,1213.35,1221.7170043945312,33.803668930806154
2022-04-06,1218.75,99.5999984741211,96.2300033569336,2735.030029296875,2.6089999675750732,4481.14990234375,22.100000381469727,123.65599822998047,3193.9599609375,0.25,288.561,1215.2739990234375,1220.999005126953,47.04574613238478
2022-04-07,1217.5999755859375,99.75,96.02999877929688,2695.860107421875,2.6519999504089355,4500.2099609375,21.549999237060547,123.7229995727539,3197.43994140625,0.25,288.561,1216.706005859375,1220.7175048828126,56.01721629485936
2022-04-08,1222.6600341796875,99.80000305175781,98.26000213623047,2700.389892578125,2.7130000591278076,4488.27978515625,21.15999984741211,124.09600067138672,3120.159912109375,0.25,288.561,1218.3380126953125,1220.4205078125,59.39172095730629
2022-04-11,1228.239990234375,99.93000030517578,94.29000091552734,2693.10009765625,2.7799999713897705,4412.52978515625,24.3700008392334,124.38500213623047,3055.090087890625,0.25,288.561,1220.2300048828124,1219.9880065917969,56.866840524108845
2022-04-12,1235.050048828125,100.29000091552734,100.5999984741211,2666.760009765625,2.7249999046325684,4397.4501953125,24.260000228881836,125.47200012207031,3047.469970703125,0.25,288.561,1224.460009765625,1219.638006591797,65.80691487727705
2022-04-13,1228.5999755859375,99.87999725341797,104.25,2716.489990234375,2.687000036239624,4446.58984375,21.81999969482422,125.41600036621094,3119.320068359375,0.25,288.561,1226.4300048828125,1218.9840026855468,57.906488838337715
2022-04-14,1223.1199951171875,100.31999969482422,106.94999694824219,2716.7099609375,2.828000068664551,4392.58984375,22.700000762939453,125.37699890136719,3028.219970703125,0.25,288.561,1227.5340087890625,1218.9900024414062,53.868549520723434
2022-04-15,1230.0999755859375,100.31999969482422,106.94999694824219,2696.06005859375,2.828000068664551,4392.58984375,22.700000762939453,126.17900085449219,3028.219970703125,0.25,288.561,1229.0219970703124,1219.9785034179688,53.96448562706863
2022-04-18,1228.0899658203125,100.77999877929688,108.20999908447266,2693.2099609375,2.861999988555908,4391.68994140625,22.170000076293945,126.61799621582031,3085.18994140625,0.25,288.561,1228.9919921875,1220.864501953125,53.01642451042325
2022-04-19,1235.3499755859375,100.95999908447266,102.55999755859375,2718.889892578125,2.9130001068115234,4462.2099609375,21.3700008392334,127.0979995727539,3153.22998046875,0.25,288.561,1229.0519775390626,1221.642999267578,69.81552960973018
2022-04-20,1239.5999755859375,100.38999938964844,102.75,2718.68994140625,2.8399999141693115,4459.4501953125,20.31999969482422,129.33299255371094,3142.199951171875,0.25,288.561,1231.2519775390624,1222.8755004882812,71.09981292033304
2022-04-21,1234.0899658203125,100.58000183105469,103.79000091552734,2728.2099609375,2.9170000553131104,4393.66015625,22.68000030517578,128.01300048828125,3058.739990234375,0.25,288.561,1233.4459716796875,1223.6794982910155,63.88371252035222
2022-04-22,1242.489990234375,101.22000122070312,102.06999969482422,2704.7099609375,2.9059998989105225,4271.77978515625,28.209999084472656,128.4080047607422,2989.830078125,0.25,288.561,1235.923974609375,1224.926495361328,65.87646191421257
2022-04-25,1243.1600341796875,101.75,98.54000091552734,2657.1298828125,2.8259999752044678,4296.1201171875,27.020000457763672,128.60499572753906,3042.389892578125,0.25,288.561,1238.93798828125,1225.865496826172,70.76350028585783
2022-04-26,1249.2099609375,102.30000305175781,101.69999694824219,2668.31005859375,2.7720000743865967,4175.2001953125,33.52000045776367,127.74400329589844,2909.1201171875,0.25,288.561,1241.7099853515624,1227.1429931640625,71.25306623058054
2022-04-27,1260.7099609375,102.94999694824219,102.0199966430664,2639.06005859375,2.818000078201294,4183.9599609375,31.600000381469727,127.26599884033203,2894.909912109375,0.25,288.561,1245.931982421875,1229.721990966797,76.28332889270601
2022-04-28,1266.280029296875,103.62000274658203,105.36000061035156,2667.489990234375,2.86299991607666,4287.5,29.989999771118164,128.3939971923828,3056.360107421875,0.25,288.561,1252.3699951171875,1232.5139953613282,76.42990806281018
2022-04-29,1272.2900390625,102.95999908447266,104.69000244140625,2695.050048828125,2.88700008392334,4131.93017578125,33.400001525878906,130.81100463867188,2919.739990234375,0.25,288.561,1258.3300048828125,1235.403497314453,76.55210675645448
2022-05-02,1262.530029296875,103.73999786376953,105.16999816894531,2687.449951171875,2.996000051498413,4155.3798828125,32.34000015258789,130.01100158691406,3022.239990234375,0.75,291.298,1262.20400390625,1237.590997314453,65.99530477736062
2022-05-03,1266.75,103.47000122070312,102.41000366210938,2680.4599609375,2.9600000381469727,4175.47998046875,29.25,130.11199951171875,3044.889892578125,0.75,291.298,1265.71201171875,1240.23349609375,72.79789911368859
2022-05-04,1261.06005859375,102.58999633789062,107.80999755859375,2677.570068359375,2.9170000553131104,4300.169921875,25.420000076293945,130.11599731445312,3163.7900390625,0.75,291.298,1265.78203125,1242.3489990234375,72.61567791368634
2022-05-05,1251.5,103.75,108.26000213623047,2677.570068359375,3.065999984741211,4146.8701171875,31.200000762939453,129.22300720214844,3005.530029296875,0.75,291.298,1262.826025390625,1244.0440002441405,62.37566728459467
2022-05-06,1268.699951171875,103.66000366210938,109.7699966430664,2644.510009765625,3.122999906539917,4123.33984375,30.190000534057617,130.3300018310547,2982.06005859375,0.75,291.298,1262.1080078125,1246.34599609375,69.97539380125541
2022-05-09,1270.1300048828125,103.6500015258789,103.08999633789062,2644.510009765625,3.0789999961853027,3991.239990234375,34.75,130.74899291992188,2829.10009765625,0.75,291.298,1263.6280029296875,1248.440496826172,68.1486143207662
2022-05-10,1274.8599853515625,103.91999816894531,99.76000213623047,2596.56005859375,2.993000030517578,4001.050048828125,32.9900016784668,130.3769989013672,2900.1298828125,0.75,291.298,1265.25,1250.4309936523437,68.307368581171
2022-05-11,1276.550048828125,103.8499984741211,105.70999908447266,2592.27001953125,2.9210000038146973,3935.179931640625,32.560001373291016,130.3509979248047,2811.93994140625,0.75,291.298,1268.347998046875,1252.8284973144532,72.9563343043861
2022-05-12,1278.1500244140625,104.8499984741211,106.12999725341797,2550.080078125,2.816999912261963,3930.080078125,31.770000457763672,129.8350067138672,2827.2099609375,0.75,291.298,1273.6780029296874,1255.5799987792968,70.80999756372428
2022-05-13,1290.75,104.55999755859375,110.48999786376953,2604.239990234375,2.934999942779541,4023.889892578125,28.8700008392334,128.58799743652344,2970.3701171875,0.75,291.298,1278.0880126953125,1258.6125,74.37761139339763
2022-05-16,1277.5699462890625,104.19000244140625,114.19999694824219,2596.580078125,2.877000093460083,4008.010009765625,27.469999313354492,129.4320068359375,2920.06005859375,0.75,291.298,1279.5760009765625,1261.0864990234375,63.53826376902467
2022-05-17,1279.8499755859375,103.36000061035156,112.4000015258789,2620.43994140625,2.9679999351501465,4088.85009765625,26.100000381469727,128.92300415039062,3066.5,0.75,291.298,1280.5739990234374,1263.3114990234376,60.01883703662998
2022-05-18,1266.6600341796875,103.80999755859375,109.58999633789062,2625.97998046875,2.885999917984009,3923.679931640625,30.959999084472656,129.45399475097656,2907.9599609375,0.75,291.298,1278.59599609375,1264.664501953125,50.18421797015822
2022-05-19,1275.5799560546875,102.72000122070312,112.20999908447266,2592.340087890625,2.8550000190734863,3900.7900390625,29.350000381469727,127.91400146484375,2890.330078125,0.75,291.298,1278.081982421875,1266.7390014648438,51.55111705060425
2022-05-20,1263.550048828125,103.1500015258789,113.2300033569336,2639.2900390625,2.7869999408721924,3901.360107421875,29.43000030517578,127.83200073242188,2882.64990234375,0.75,291.298,1272.6419921875,1267.7920043945312,50.470836958334644
2022-05-23,1273.2099609375,102.08000183105469,110.29000091552734,2647.3798828125,2.8589999675750732,3973.75,28.479999542236328,127.90299987792969,2898.429931640625,0.75,291.298,1271.7699951171876,1269.294500732422,52.83929951068762
2022-05-24,1258.8199462890625,101.86000061035156,109.7699966430664,2605.8701171875,2.759999990463257,3941.47998046875,29.450000762939453,127.84600067138672,2827.050048828125,0.75,291.298,1267.5639892578124,1269.775,49.08536858883304
2022-05-25,1260.989990234375,102.05999755859375,110.33000183105469,2617.219970703125,2.749000072479248,3978.72998046875,28.3700008392334,126.76899719238281,2882.929931640625,0.75,291.298,1266.42998046875,1269.7890014648438,54.12357900900863
2022-05-26,1266.5999755859375,101.83000183105469,114.08999633789062,2612.449951171875,2.75600004196167,4057.840087890625,27.5,127.1520004272461,2994.610107421875,0.75,291.298,1264.633984375,1269.804998779297,48.98532157927208
2022-05-27,1258.8900146484375,101.66999816894531,115.06999969482422,2638.050048828125,2.743000030517578,4158.240234375,25.719999313354492,127.04499816894531,3115.35009765625,0.75,291.298,1263.7019775390625,1269.1349975585938,44.87973112443725
2022-05-30,1251.5899658203125,101.66999816894531,115.06999969482422,2669.659912109375,2.743000030517578,4158.240234375,25.719999313354492,127.28500366210938,3115.35009765625,0.75,291.298,1259.377978515625,1268.5879943847656,39.642101877188374
2022-05-31,1236.1700439453125,101.75,114.66999816894531,2685.89990234375,2.8440001010894775,4132.14990234375,26.190000534057617,127.78399658203125,3098.68994140625,0.75,291.298,1254.847998046875,1267.0589965820313,33.98377620969109
2022-06-01,1241.739990234375,102.55000305175781,115.26000213623047,2685.89990234375,2.930999994277954,4101.22998046875,25.690000534057617,128.73599243164062,3049.030029296875,0.75,294.957,1250.997998046875,1266.0929931640626,35.99933533795905
2022-06-02,1246.949951171875,101.7699966430664,116.87000274658203,2658.989990234375,2.9130001068115234,4176.81982421875,24.719999313354492,130.1219940185547,3157.97998046875,0.75,294.957,1247.0679931640625,1265.8654907226562,32.142786045882005
2022-06-03,1240.8399658203125,102.13999938964844,118.87000274658203,2670.64990234375,2.9570000171661377,4108.5400390625,24.790000915527344,129.91799926757812,3062.590087890625,0.75,294.957,1243.4579833984376,1264.4724914550782,34.109148599518775
2022-06-06,1250.530029296875,102.44000244140625,118.5,2670.64990234375,3.0380001068115234,4121.43017578125,25.06999969482422,130.70700073242188,3062.739990234375,0.75,294.957,1243.24599609375,1263.4924926757812,38.079346944609604
2022-06-07,1254.47998046875,102.31999969482422,119.41000366210938,2626.340087890625,2.9719998836517334,4160.68017578125,24.020000457763672,132.17599487304688,3092.969970703125,0.75,294.957,1246.9079833984374,1262.4734924316406,44.6456418264458
2022-06-08,1254.5799560546875,102.54000091552734,122.11000061035156,2626.14990234375,3.0290000438690186,4115.77001953125,23.959999084472656,132.8470001220703,3019.10009765625,0.75,294.957,1249.4759765625,1261.3749877929688,39.99234440408516
2022-06-09,1256.739990234375,103.22000122070312,121.51000213623047,2625.43994140625,3.0439999103546143,4017.820068359375,26.09000015258789,134.42999267578125,2937.7900390625,0.75,294.957,1251.433984375,1260.3044860839843,46.41763672416805
2022-06-10,1264.02001953125,104.1500015258789,120.66999816894531,2595.8701171875,3.1559998989105225,3900.860107421875,27.75,134.41799926757812,2831.97998046875,0.75,294.957,1256.0699951171875,1258.9679870605469,45.04157270217294
2022-06-13,1278.280029296875,105.08000183105469,120.93000030517578,2504.510009765625,3.365999937057495,3749.6298828125,34.02000045776367,134.81399536132812,2673.0,0.75,294.957,1261.6199951171875,1259.0034912109375,60.51442644445822
2022-06-14,1291.800048828125,105.5199966430664,118.93000030517578,2492.969970703125,3.4830000400543213,3735.47998046875,32.689998626708984,134.22500610351562,2689.889892578125,0.75,294.957,1269.0840087890624,1259.6009948730468,64.82822718802068
2022-06-15,1289.47998046875,105.16000366210938,115.30999755859375,2447.3798828125,3.3949999809265137,3789.989990234375,29.6200008392334,135.29400634765625,2737.550048828125,0.75,294.957,1276.064013671875,1260.7419921875,61.371774570296616
2022-06-16,1278.1600341796875,103.62999725341797,117.58999633789062,2451.409912109375,3.306999921798706,3666.77001953125,32.95000076293945,134.11500549316406,2566.860107421875,0.75,294.957,1280.3480224609375,1260.87099609375,59.24576660325552
2022-06-17,1288.1800537109375,104.69999694824219,109.55999755859375,2440.929931640625,3.239000082015991,3674.840087890625,31.1299991607666,132.42100524902344,2578.5400390625,0.75,294.957,1285.180029296875,1262.1024963378907,67.10937589186844
2022-06-20,1290.5,104.69999694824219,109.55999755859375,2391.030029296875,3.239000082015991,3674.840087890625,31.1299991607666,135.2760009765625,2578.5400390625,0.75,294.957,1287.6240234375,1262.9669982910157,78.95128503685008
2022-06-21,1292.3800048828125,104.44000244140625,110.6500015258789,2408.929931640625,3.306999921798706,3764.7900390625,30.190000534057617,135.08700561523438,2649.3701171875,0.75,294.957,1287.7400146484374,1264.645001220703,78.08964190095975
2022-06-22,1291.5999755859375,104.19999694824219,106.19000244140625,2342.81005859375,3.1559998989105225,3759.889892578125,28.950000762939453,136.2689971923828,2619.7099609375,0.75,294.957,1288.164013671875,1266.1755004882812,76.04712470643193
2022-06-23,1297.6800537109375,104.43000030517578,104.2699966430664,2314.320068359375,3.068000078201294,3795.72998046875,29.049999237060547,136.0240020751953,2602.739990234375,0.75,294.957,1292.068017578125,1267.7295043945312,83.1699178791039
2022-06-24,1299.81005859375,104.19000244140625,107.62000274658203,2366.60009765625,3.125,3911.739990234375,27.229999542236328,134.83999633789062,2718.469970703125,0.75,294.957,1294.3940185546876,1269.7755065917968,81.54119007437964
2022-06-27,1288.2900390625,103.94000244140625,109.56999969482422,2401.919921875,3.194000005722046,3900.110107421875,26.950000762939453,135.06199645996094,2713.47998046875,0.75,294.957,1293.9520263671875,1271.6105102539063,69.72808109702069
2022-06-28,1286.199951171875,104.51000213623047,111.76000213623047,2422.090087890625,3.2060000896453857,3821.550048828125,28.360000610351562,135.43499755859375,2642.070068359375,0.75,294.957,1292.716015625,1274.1120056152345,68.03141406449043
2022-06-29,1292.030029296875,105.11000061035156,109.77999877929688,2377.989990234375,3.0929999351501465,3818.830078125,28.15999984741211,136.0469970703125,2583.97998046875,0.75,294.957,1292.8020263671874,1276.6265075683593,69.31576738977633
2022-06-30,1301.72998046875,104.69000244140625,105.76000213623047,2332.639892578125,2.9719998836517334,3785.3798828125,28.709999084472656,136.58900451660156,2556.25,0.75,294.957,1293.61201171875,1279.3655090332031,70.10763298557863
2022-07-01,1287.7099609375,105.13999938964844,108.43000030517578,2305.419921875,2.8889999389648438,3825.330078125,26.700000762939453,135.78599548339844,2458.4599609375,1.0,294.913,1291.1919921875,1281.7090087890624,55.041111981205944
2022-07-04,1297.8900146484375,105.13999938964844,108.43000030517578,2300.340087890625,2.8889999389648438,3825.330078125,26.700000762939453,135.04299926757812,2458.4599609375,1.0,294.913,1293.1119873046875,1284.0770080566406,53.37617532371735
2022-07-05,1295.6800537109375,106.5,99.5,2341.780029296875,2.809000015258789,3831.389892578125,27.540000915527344,135.83999633789062,2477.639892578125,1.0,294.913,1295.0080078125,1286.13701171875,53.44141844086961
2022-07-06,1308.6600341796875,107.0999984741211,98.52999877929688,2292.010009765625,2.9130001068115234,3845.080078125,26.729999542236328,135.52099609375,2494.110107421875,1.0,294.913,1298.3340087890624,1288.841015625,66.62302271614399
2022-07-07,1304.8499755859375,107.12999725341797,102.7300033569336,2334.27001953125,3.007999897003174,3902.6201171875,26.079999923706055,135.96600341796875,2605.889892578125,1.0,294.913,1298.9580078125,1291.246514892578,59.74504184602034
2022-07-08,1297.6500244140625,107.01000213623047,104.79000091552734,2350.610107421875,3.1010000705718994,3899.3798828125,24.639999389648438,135.91299438476562,2618.02001953125,1.0,294.913,1300.9460205078126,1292.9280151367188,53.95420993436767
2022-07-11,1293.7900390625,108.0199966430664,104.08999633789062,2340.27001953125,2.990999937057495,3854.429931640625,26.170000076293945,136.30099487304688,2553.68994140625,1.0,294.913,1300.126025390625,1293.703515625,50.76308595633808
2022-07-12,1310.8599853515625,108.06999969482422,95.83999633789062,2317.760009765625,2.9579999446868896,3818.800048828125,27.290000915527344,137.38800048828125,2558.169921875,1.0,294.913,1303.16201171875,1294.656512451172,58.86086612722788
2022-07-13,1305.8299560546875,107.95999908447266,96.30000305175781,2328.610107421875,2.9040000438690186,3801.780029296875,26.81999969482422,136.7259979248047,2577.360107421875,1.0,294.913,1302.59599609375,1295.4740112304687,53.786069279328935
2022-07-14,1304.8499755859375,108.54000091552734,95.77999877929688,2322.320068359375,2.9600000381469727,3790.3798828125,26.399999618530273,137.6280059814453,2626.919921875,1.0,294.913,1302.59599609375,1296.8085083007813,52.366600365706155
2022-07-15,1316.1800537109375,108.05999755859375,97.58999633789062,2330.97998046875,2.930000066757202,3863.159912109375,24.229999542236328,138.9669952392578,2693.77001953125,1.0,294.913,1306.302001953125,1298.2085083007812,63.1197536776655
2022-07-18,1318.1199951171875,107.37000274658203,102.5999984741211,2375.25,2.9600000381469727,3830.85009765625,25.299999237060547,138.31399536132812,2679.570068359375,1.0,294.913,1311.1679931640624,1299.5895080566406,65.03676254946814
2022-07-19,1318.9100341796875,106.68000030517578,104.22000122070312,2370.969970703125,3.0190000534057617,3936.68994140625,24.5,138.22900390625,2803.139892578125,1.0,294.913,1312.7780029296875,1300.9160095214843,63.293774171074766
2022-07-20,1305.5,107.08000183105469,102.26000213623047,2386.85009765625,3.0360000133514404,3959.89990234375,23.8799991607666,138.1909942626953,2872.9599609375,1.0,294.913,1312.71201171875,1301.6110107421875,51.79850082226498
2022-07-21,1312.8699951171875,106.91000366210938,96.3499984741211,2409.159912109375,2.9100000858306885,3998.949951171875,23.110000610351562,138.39500427246094,2916.81005859375,1.0,294.913,1314.316015625,1302.3705078125,62.81582386861777
2022-07-22,1306.8499755859375,106.7300033569336,94.69999694824219,2393.139892578125,2.7829999923706055,3961.6298828125,23.030000686645508,137.09800720214844,2842.409912109375,1.0,294.913,1312.45,1302.7225036621094,54.76593666888298
2022-07-25,1309.3199462890625,106.4800033569336,96.69999694824219,2403.68994140625,2.819999933242798,3966.840087890625,23.360000610351562,136.31199645996094,2825.030029296875,1.0,294.913,1310.689990234375,1303.7739990234375,57.235248867489105
2022-07-26,1310.4000244140625,107.19000244140625,94.9800033569336,2412.9599609375,2.7869999408721924,3921.050048828125,24.690000534057617,136.43099975585938,2778.9599609375,1.0,294.913,1308.98798828125,1304.9840026855468,51.05633072177905
2022-07-27,1310.9000244140625,106.44999694824219,97.26000213623047,2415.530029296875,2.7339999675750732,4023.610107421875,23.239999771118164,136.97000122070312,2911.0,1.0,294.913,1310.0679931640625,1305.9275024414062,53.82672048772503
2022-07-28,1305.949951171875,106.3499984741211,96.41999816894531,2435.27001953125,2.680999994277954,4072.429931640625,22.329999923706055,136.11099243164062,2944.5,1.0,294.913,1308.683984375,1306.1385009765625,55.403586125341135
2022-07-29,1295.1500244140625,105.9000015258789,98.62000274658203,2451.5,2.6419999599456787,4130.2900390625,21.329999923706055,134.39700317382812,2967.139892578125,1.0,294.913,1306.343994140625,1306.5105041503907,50.8120274227805
2022-08-01,1302.280029296875,105.44999694824219,93.88999938964844,2452.25,2.6059999465942383,4118.6298828125,22.84000015258789,133.40699768066406,2978.320068359375,1.25,295.097,1304.9360107421876,1306.7300048828124,44.18703510423094
2022-08-02,1306.75,106.23999786376953,94.41999816894531,2439.6201171875,2.740999937057495,4091.18994140625,23.93000030517578,131.57200622558594,2974.75,1.25,295.097,1304.206005859375,1307.2835021972655,50.628101129532
2022-08-03,1314.6300048828125,106.51000213623047,90.66000366210938,2461.449951171875,2.747999906539917,4155.169921875,21.950000762939453,133.37899780273438,3053.4599609375,1.25,295.097,1304.952001953125,1307.5820007324219,56.101829680674115
2022-08-04,1307.3800048828125,105.69000244140625,88.54000091552734,2473.110107421875,2.6760001182556152,4151.93994140625,21.440000534057617,133.96200561523438,3081.409912109375,1.25,295.097,1305.2380126953126,1307.7085021972657,44.215065705426554
2022-08-05,1302.0799560546875,106.62000274658203,89.01000213623047,2490.800048828125,2.8399999141693115,4145.18994140625,21.149999618530273,132.62100219726562,3053.389892578125,1.25,295.097,1306.6239990234376,1307.929998779297,39.90178447918108
2022-08-08,1302.739990234375,106.44000244140625,90.76000213623047,2493.10009765625,2.765000104904175,4140.06005859375,21.290000915527344,135.0570068359375,3004.340087890625,1.25,295.097,1306.7159912109375,1308.3774963378905,39.80324688820636
2022-08-09,1299.030029296875,106.37000274658203,90.5,2503.4599609375,2.796999931335449,4122.47021484375,21.770000457763672,134.83999633789062,2866.89990234375,1.25,295.097,1305.1719970703125,1307.7859985351563,45.35137050459408
2022-08-10,1307.56005859375,105.19999694824219,91.93000030517578,2480.8798828125,2.7860000133514404,4210.240234375,19.739999771118164,135.18699645996094,2988.7099609375,1.25,295.097,1303.7580078125,1307.8725036621095,46.24740115772492
2022-08-11,1296.699951171875,105.08999633789062,94.33999633789062,2523.780029296875,2.888000011444092,4207.27001953125,20.200000762939453,132.8300018310547,2978.699951171875,1.25,295.097,1301.6219970703125,1307.4650024414063,43.28615146107697
2022-08-12,1306.8299560546875,105.62999725341797,92.08999633789062,2527.93994140625,2.8489999771118164,4280.14990234375,19.530000686645508,132.99400329589844,3067.840087890625,1.25,295.097,1302.5719970703126,1306.9974975585938,48.50451475543486
2022-08-15,1301.3800048828125,106.55000305175781,89.41000366210938,2527.93994140625,2.7909998893737793,4297.14013671875,19.950000762939453,133.28799438476562,3077.330078125,1.25,295.097,1302.3,1306.160498046875,44.85276907816279
2022-08-16,1313.1800537109375,106.5,86.52999877929688,2533.52001953125,2.8239998817443848,4305.2001953125,19.690000534057617,133.14300537109375,3045.639892578125,1.25,295.097,1305.1300048828125,1305.8739990234376,51.15245929556712
2022-08-17,1311.0,106.56999969482422,88.11000061035156,2516.469970703125,2.8929998874664307,4274.0400390625,19.899999618530273,134.27699279785156,2970.1201171875,1.25,295.097,1305.8179931640625,1306.1489990234375,52.62612643494291
2022-08-18,1314.8299560546875,107.4800033569336,90.5,2508.050048828125,2.880000114440918,4283.740234375,19.559999465942383,134.94400024414062,3037.840087890625,1.25,295.097,1309.443994140625,1306.2469970703125,61.03380401990791
2022-08-19,1326.9100341796875,108.16999816894531,90.7699966430664,2492.68994140625,2.989000082015991,4228.47998046875,20.600000381469727,135.7949981689453,2953.340087890625,1.25,295.097,1313.460009765625,1307.25,63.08293834252997
2022-08-22,1334.8599853515625,109.05000305175781,90.2300033569336,2462.5,3.0369999408721924,4137.990234375,23.799999237060547,137.04100036621094,2843.3701171875,1.25,295.097,1320.156005859375,1308.527001953125,64.39909807496784
2022-08-23,1343.3599853515625,108.62000274658203,93.73999786376953,2435.340087890625,3.053999900817871,4128.72998046875,24.110000610351562,137.54600524902344,2864.31005859375,1.25,295.097,1326.1919921875,1310.175,64.62379862358985
2022-08-24,1339.0799560546875,108.68000030517578,94.88999938964844,2447.449951171875,3.1059999465942383,4140.77001953125,22.81999969482422,136.73300170898438,2866.179931640625,1.25,295.097,1331.8079833984375,1311.5839965820312,66.63860312773909
2022-08-25,1340.0,108.47000122070312,92.5199966430664,2477.260009765625,3.0260000228881836,4199.1201171875,21.780000686645508,137.08099365234375,2971.070068359375,1.25,295.097,1336.8419921875,1313.2864990234375,70.86264306754548
2022-08-26,1334.43994140625,108.80000305175781,93.05999755859375,2481.030029296875,3.0350000858306885,4057.659912109375,25.559999465942383,136.56300354003906,2798.43994140625,1.25,295.097,1338.3479736328125,1315.250994873047,66.5482672131649
2022-08-29,1341.1800537109375,108.83999633789062,97.01000213623047,2426.889892578125,3.109999895095825,4030.610107421875,26.209999084472656,137.52000427246094,2744.5,1.25,295.097,1339.6119873046875,1317.19599609375,71.3287335305854
2022-08-30,1345.72998046875,108.7699966430664,91.63999938964844,2450.929931640625,3.109999895095825,3986.159912109375,26.209999084472656,138.5959930419922,2708.6298828125,1.25,295.097,1340.085986328125,1319.1449951171876,70.12537812962606
2022-08-31,1350.18994140625,108.69999694824219,89.55000305175781,2472.050048828125,3.132999897003174,3955.0,25.8700008392334,138.73399353027344,2677.389892578125,1.25,295.097,1342.3079833984375,1320.9229919433594,80.24419535628503
2022-09-01,1342.260009765625,109.69000244140625,86.61000061035156,2415.610107421875,3.265000104904175,3966.85009765625,25.559999465942383,139.29600524902344,2625.949951171875,1.25,296.349,1342.7599853515626,1322.6669921875,70.54390095088172
2022-09-02,1355.0999755859375,109.52999877929688,86.87000274658203,2409.409912109375,3.193000078201294,3924.260009765625,25.469999313354492,140.08099365234375,2599.260009765625,1.25,296.349,1346.8919921875,1325.3179931640625,78.69039919889013
2022-09-05,1361.510009765625,109.52999877929688,86.87000274658203,2403.679931640625,3.193000078201294,3924.260009765625,25.469999313354492,140.48699951171875,2599.260009765625,1.25,296.349,1350.9579833984376,1328.256494140625,77.38858658431808
2022-09-06,1361.81005859375,110.20999908447266,86.87999725341797,2410.02001953125,3.3399999141693115,3908.18994140625,26.90999984741211,140.42999267578125,2571.469970703125,1.25,296.349,1354.1739990234375,1331.3954956054688,79.42096185925529
2022-09-07,1378.1099853515625,109.83999633789062,81.94000244140625,2376.4599609375,3.265000104904175,3979.8701171875,24.639999389648438,143.1510009765625,2611.5,1.25,296.349,1359.7580078125,1334.9229919433594,82.01780283471726
2022-09-08,1374.31005859375,109.70999908447266,83.54000091552734,2384.280029296875,3.2920000553131104,4006.179931640625,23.610000610351562,144.1280059814453,2658.179931640625,1.25,296.349,1366.168017578125,1338.8034973144531,76.176313160389
2022-09-09,1383.0,109.0,86.79000091552734,2384.280029296875,3.321000099182129,4067.360107421875,22.790000915527344,143.8560028076172,2721.77001953125,1.25,296.349,1371.7480224609376,1342.6119995117188,76.36944762057598
2022-09-12,1379.06005859375,108.33000183105469,87.77999877929688,2384.280029296875,3.361999988555908,4110.41015625,23.8700008392334,142.5959930419922,2731.090087890625,1.25,296.349,1375.2580322265626,1346.4960021972656,70.5835652419944
2022-09-13,1375.81005859375,109.81999969482422,87.30999755859375,2449.5400390625,3.421999931335449,3932.68994140625,27.270000457763672,142.5850067138672,2562.27001953125,1.25,296.349,1378.0580322265625,1349.6275024414062,71.43201072408974
2022-09-14,1393.469970703125,109.66000366210938,88.4800033569336,2411.419921875,3.4119999408721924,3946.010009765625,26.15999984741211,144.4040069580078,2591.510009765625,1.25,296.349,1381.130029296875,1353.7510009765624,76.100817062009
2022-09-15,1391.1800537109375,109.73999786376953,85.0999984741211,2401.830078125,3.4590001106262207,3901.35009765625,26.270000457763672,142.92300415039062,2549.5400390625,1.25,296.349,1384.5040283203125,1357.568505859375,78.61051439404665
2022-09-16,1398.6300048828125,109.76000213623047,85.11000061035156,2382.780029296875,3.447999954223633,3873.330078125,26.299999237060547,143.36500549316406,2563.139892578125,1.25,296.349,1387.630029296875,1361.1545043945312,78.76254384999939
2022-09-19,1385.22998046875,109.73999786376953,85.7300033569336,2355.659912109375,3.490000009536743,3899.889892578125,25.760000228881836,142.76499938964844,2577.93994140625,1.25,296.349,1388.864013671875,1363.6730041503906,68.16601731358702
2022-09-20,1390.1099853515625,110.22000122070312,84.44999694824219,2367.85009765625,3.571000099182129,3855.929931640625,27.15999984741211,143.22300720214844,2539.5,1.25,296.349,1391.7239990234375,1366.0105041503907,68.28853636903557
2022-09-21,1392.510009765625,110.63999938964844,82.94000244140625,2347.2099609375,3.509999990463257,3789.929931640625,27.989999771118164,143.6020050048828,2514.9599609375,1.25,296.349,1391.5320068359374,1368.6820068359375,74.24967894718239
2022-09-22,1397.56005859375,111.3499984741211,83.48999786376953,2332.31005859375,3.7079999446868896,3757.989990234375,27.350000381469727,144.3159942626953,2444.25,1.25,296.349,1392.8080078125,1371.560009765625,72.15623825569618
2022-09-23,1403.6600341796875,113.19000244140625,78.73999786376953,2290.0,3.697000026702881,3693.22998046875,29.920000076293945,142.27999877929688,2408.89990234375,1.25,296.349,1393.814013671875,1375.021014404297,72.06584740834468
2022-09-26,1421.81005859375,114.0999984741211,76.70999908447266,2220.93994140625,3.878000020980835,3655.0400390625,32.2599983215332,143.51100158691406,2373.469970703125,1.25,296.349,1401.130029296875,1379.0525146484374,76.46445024024328
2022-09-27,1429.77001953125,114.11000061035156,78.5,2223.860107421875,3.9639999866485596,3647.2900390625,32.599998474121094,144.45899963378906,2398.0400390625,1.25,296.349,1409.0620361328124,1383.2545166015625,74.59541264249042
2022-09-28,1426.260009765625,112.5999984741211,82.1500015258789,2169.2900390625,3.7049999237060547,3719.0400390625,30.18000030517578,144.6909942626953,2427.260009765625,1.25,296.349,1415.8120361328124,1387.0580200195313,74.80191060975865
2022-09-29,1421.949951171875,112.25,81.2300033569336,2170.929931640625,3.746999979019165,3640.469970703125,31.84000015258789,144.3979949951172,2347.360107421875,1.25,296.349,1420.6900146484375,1391.0425170898438,69.40707923694691
2022-09-30,1430.1700439453125,112.12000274658203,79.48999786376953,2155.489990234375,3.803999900817871,3585.6201171875,31.6200008392334,144.43099975585938,2306.699951171875,1.25,296.349,1425.9920166015625,1394.7960205078125,74.42415319047657
2022-10-03,1439.22998046875,111.75,83.62999725341797,2155.489990234375,3.6510000228881836,3678.429931640625,30.100000381469727,144.8159942626953,2393.320068359375,1.5,298.007,1429.4760009765625,1398.6820190429687,78.71240289856354
2022-10-04,1433.3399658203125,110.06999969482422,86.5199966430664,2209.3798828125,3.617000102996826,3790.929931640625,29.06999969482422,144.5189971923828,2500.110107421875,1.5,298.007,1430.189990234375,1402.2585144042969,70.20369786157453
2022-10-05,1416.530029296875,111.06999969482422,87.76000213623047,2215.219970703125,3.759000062942505,3783.280029296875,28.549999237060547,143.78700256347656,2523.610107421875,1.5,298.007,1428.243994140625,1404.1795166015625,61.19796862345013
2022-10-06,1416.760009765625,112.26000213623047,88.44999694824219,2237.860107421875,3.8259999752044678,3744.52001953125,30.520000457763672,144.44900512695312,2508.840087890625,1.5,298.007,1427.206005859375,1406.3020141601562,58.554302637808476
2022-10-07,1408.449951171875,112.80000305175781,92.63999938964844,2232.840087890625,3.882999897003174,3639.659912109375,31.360000610351562,145.03900146484375,2356.75,1.5,298.007,1422.8619873046875,1407.57451171875,61.50869423167676
2022-10-10,1415.97998046875,113.13999938964844,91.12999725341797,2232.840087890625,3.888000011444092,3612.389892578125,32.45000076293945,145.48199462890625,2275.340087890625,1.5,298.007,1418.2119873046875,1409.4205078125,62.49394247741178
2022-10-11,1428.3499755859375,113.22000122070312,89.3499984741211,2192.070068359375,3.938999891281128,3588.840087890625,33.630001068115234,145.6739959716797,2218.489990234375,1.5,298.007,1417.2139892578125,1412.0475036621094,65.7885142176807
2022-10-12,1430.800048828125,113.31999969482422,87.2699966430664,2202.469970703125,3.9019999504089355,3577.030029296875,33.56999969482422,145.8699951171875,2198.60009765625,1.5,298.007,1420.0679931640625,1413.9140075683595,64.98645010313771
2022-10-13,1423.9000244140625,112.36000061035156,89.11000061035156,2162.8701171875,3.9519999027252197,3669.909912109375,31.940000534057617,146.73699951171875,2263.239990234375,1.5,298.007,1421.49599609375,1415.5500061035157,59.059961881781064
2022-10-14,1430.300048828125,113.30999755859375,85.61000061035156,2212.550048828125,4.010000228881836,3583.070068359375,32.02000045776367,147.29299926757812,2162.320068359375,1.5,298.007,1425.866015625,1417.1335083007812,54.24711037723867
2022-10-17,1440.760009765625,112.04000091552734,85.45999908447266,2219.7099609375,4.014999866485596,3677.949951171875,31.3700008392334,148.6320037841797,2211.659912109375,1.5,298.007,1430.822021484375,1419.910009765625,55.36357700483276
2022-10-18,1430.1500244140625,112.12999725341797,82.81999969482422,2249.949951171875,3.997999906539917,3719.97998046875,30.5,148.9709930419922,2220.9599609375,1.5,298.007,1431.18203125,1421.91201171875,51.77544891830607
2022-10-19,1425.02001953125,112.9800033569336,85.55000305175781,2237.43994140625,4.126999855041504,3695.159912109375,30.760000228881836,149.20899963378906,2237.739990234375,1.5,298.007,1430.026025390625,1423.5375122070313,51.390805970677505
2022-10-20,1435.010009765625,112.87999725341797,85.9800033569336,2218.090087890625,4.22599983215332,3665.780029296875,29.979999542236328,149.8209991455078,2253.219970703125,1.5,298.007,1432.2480224609376,1425.410009765625,52.15800124312715
2022-10-21,1430.31005859375,112.01000213623047,85.05000305175781,2213.1201171875,4.2129998207092285,3752.75,29.690000534057617,150.17599487304688,2336.68994140625,1.5,298.007,1432.2500244140624,1426.7425109863282,45.8619783585183
2022-10-24,1428.1099853515625,111.98999786376953,84.58000183105469,2236.159912109375,4.234000205993652,3797.340087890625,29.850000381469727,147.81900024414062,2351.550048828125,1.5,298.007,1429.72001953125,1427.0575073242187,47.48776248789149
2022-10-25,1443.9599609375,110.94999694824219,85.31999969482422,2235.070068359375,4.107999801635742,3859.110107421875,28.459999084472656,148.88699340820312,2404.68994140625,1.5,298.007,1432.4820068359375,1427.7670043945313,63.29869963851229
2022-10-26,1426.9300537109375,109.69999694824219,87.91000366210938,2249.56005859375,4.014999866485596,3830.60009765625,27.280000686645508,147.97999572753906,2376.330078125,1.5,298.007,1432.864013671875,1427.8005065917969,54.23998974011341
2022-10-27,1412.68994140625,110.58999633789062,89.08000183105469,2288.780029296875,3.937000036239624,3807.300048828125,27.389999389648438,146.13400268554688,2340.60009765625,1.5,298.007,1428.4,1427.3375061035156,51.684405933391915
2022-10-28,1420.6500244140625,110.66999816894531,87.9000015258789,2268.39990234375,4.010000228881836,3901.06005859375,25.75,146.2740020751953,2433.659912109375,1.5,298.007,1426.4679931640626,1426.861505126953,51.848934193852706
2022-10-31,1421.6500244140625,111.52999877929688,86.52999877929688,2293.610107421875,4.077000141143799,3871.97998046875,25.8799991607666,147.81199645996094,2384.449951171875,1.5,298.007,1425.1760009765626,1425.9825073242187,47.08495410154383
2022-11-01,1424.6700439453125,111.4800033569336,88.37000274658203,2335.219970703125,4.052000045776367,3856.10009765625,25.809999465942383,148.73699951171875,2402.75,1.75,298.786,1421.318017578125,1425.5490112304688,47.3460910373694
2022-11-02,1416.5999755859375,111.3499984741211,90.0,2336.8701171875,4.059000015258789,3759.68994140625,25.860000610351562,147.9149932861328,2328.469970703125,1.75,298.786,1419.252001953125,1425.552508544922,46.87123304871924
2022-11-03,1423.0999755859375,112.93000030517578,88.16999816894531,2329.169921875,4.124000072479248,3719.889892578125,25.299999237060547,147.89199829101562,2292.85009765625,1.75,298.786,1421.3340087890624,1425.8695068359375,46.91672442940348
2022-11-04,1423.6500244140625,110.87999725341797,92.61000061035156,2348.429931640625,4.156000137329102,3770.550048828125,24.549999237060547,148.39300537109375,2398.239990234375,1.75,298.786,1421.9340087890625,1426.6295104980468,41.99347207925815
2022-11-07,1402.1099853515625,110.12000274658203,91.79000091552734,2371.7900390625,4.214000225067139,3806.800048828125,24.350000381469727,146.84100341796875,2450.6201171875,1.75,298.786,1418.0260009765625,1425.9360107421876,38.09646206273268
2022-11-08,1392.699951171875,109.62000274658203,88.91000366210938,2399.0400390625,4.125999927520752,3828.110107421875,25.540000915527344,146.62399291992188,2503.389892578125,1.75,298.786,1411.631982421875,1424.1535095214845,36.76061437037837
2022-11-09,1374.1500244140625,110.55000305175781,85.83000183105469,2424.409912109375,4.151000022888184,3748.570068359375,26.09000015258789,145.2949981689453,2424.820068359375,1.75,298.786,1403.1419921875,1421.3210083007812,26.703462764510903
2022-11-10,1370.550048828125,108.20999908447266,86.47000122070312,2402.22998046875,3.8289999961853027,3956.3701171875,23.530000686645508,146.20899963378906,2672.5,1.75,298.786,1392.6320068359375,1418.6535095214845,26.930247024118074
2022-11-11,1349.3699951171875,106.29000091552734,88.95999908447266,2483.159912109375,3.812999963760376,3992.929931640625,22.520000457763672,141.73399353027344,2754.89990234375,1.75,298.786,1377.7760009765625,1414.6070068359375,23.488262362784155
2022-11-14,1313.030029296875,106.66000366210938,85.87000274658203,2474.64990234375,3.865000009536743,3957.25,23.729999542236328,139.55299377441406,2728.050048828125,1.75,298.786,1359.960009765625,1408.2205078125,11.261095315696409
2022-11-15,1324.0799560546875,106.4000015258789,86.91999816894531,2480.330078125,3.7990000247955322,3991.72998046875,24.540000915527344,140.11500549316406,2810.610107421875,1.75,298.786,1346.2360107421875,1402.9170043945312,18.45287483712501
2022-11-16,1316.260009765625,106.27999877929688,85.58999633789062,2477.449951171875,3.691999912261963,3958.7900390625,24.110000610351562,138.96499633789062,2690.820068359375,1.75,298.786,1334.6580078125,1397.47900390625,19.209439454437458
2022-11-17,1336.4300537109375,106.69000244140625,81.63999938964844,2442.89990234375,3.7750000953674316,3946.56005859375,23.93000030517578,139.32200622558594,2719.10009765625,1.75,298.786,1327.8340087890624,1392.5500061035157,25.053333429755355
2022-11-18,1342.75,106.93000030517578,80.08000183105469,2444.47998046875,3.818000078201294,3965.340087890625,23.1200008392334,140.41200256347656,2724.030029296875,1.75,298.786,1326.510009765625,1388.1720031738282,27.343203932161657
2022-11-21,1339.030029296875,107.83999633789062,79.7300033569336,2419.5,3.825000047683716,3949.93994140625,22.360000610351562,140.2530059814453,2675.830078125,1.75,298.786,1331.710009765625,1383.7180053710938,25.506223269616825
2022-11-22,1359.75,107.22000122070312,80.94999694824219,2405.27001953125,3.757999897003174,4003.580078125,21.290000915527344,142.09800720214844,2756.820068359375,1.75,298.786,1338.8440185546874,1379.5075073242188,34.83756828083682
2022-11-23,1352.68994140625,106.08000183105469,77.94000244140625,2418.010009765625,3.7060000896453857,4027.260009765625,20.350000381469727,141.15499877929688,2786.419921875,1.75,298.786,1346.1300048828125,1375.7955017089844,31.276905568312472
2022-11-24,1336.81005859375,106.08000183105469,77.94000244140625,2441.330078125,3.7060000896453857,4027.260009765625,20.350000381469727,139.2779998779297,2786.419921875,1.75,298.786,1346.206005859375,1372.0015075683593,28.648683042373506
2022-11-25,1317.8900146484375,105.95999908447266,76.27999877929688,2437.860107421875,3.690999984741211,4026.1201171875,20.5,138.60299682617188,2751.27001953125,1.75,298.786,1341.2340087890625,1366.863507080078,29.0225970835411
2022-11-28,1334.56005859375,106.68000030517578,77.23999786376953,2408.27001953125,3.703000068664551,3963.93994140625,22.209999084472656,139.10000610351562,2678.780029296875,1.75,298.786,1340.3400146484375,1362.5090087890626,36.02404787978877
2022-11-29,1340.1199951171875,106.81999969482422,78.19999694824219,2433.389892578125,3.747999906539917,3957.6298828125,21.889999389648438,138.718994140625,2670.64990234375,1.75,298.786,1336.414013671875,1358.2815063476562,41.27478842205418
2022-11-30,1325.3699951171875,105.94999694824219,80.55000305175781,2472.530029296875,3.703000068664551,4080.110107421875,20.579999923706055,138.7449951171875,2826.85009765625,1.75,298.786,1330.9500244140625,1353.7200073242188,39.04246708284459
2022-12-01,1279.800048828125,104.7300033569336,81.22000122070312,2479.840087890625,3.5290000438690186,4076.570068359375,19.84000015258789,137.35899353027344,2804.699951171875,1.75,298.832,1319.5480224609375,1346.5550109863282,34.91215743623928
2022-12-02,1303.25,104.55000305175781,79.9800033569336,2434.330078125,3.50600004196167,4071.699951171875,19.059999465942383,135.14999389648438,2771.239990234375,1.75,298.832,1316.62001953125,1340.535009765625,47.75336666913432
2022-12-05,1299.1700439453125,105.29000091552734,76.93000030517578,2419.320068359375,3.5989999771118164,3998.840087890625,20.75,134.47500610351562,2738.050048828125,1.75,298.832,1309.5420166015624,1335.3880126953125,44.08848357735071
2022-12-06,1304.3699951171875,105.58000183105469,74.25,2393.159912109375,3.513000011444092,3941.260009765625,22.170000076293945,136.65199279785156,2673.530029296875,1.75,298.832,1302.3920166015625,1330.9715148925782,47.14278087446986
2022-12-07,1319.7099609375,105.0999984741211,72.01000213623047,2382.81005859375,3.4079999923706055,3933.919921875,22.68000030517578,136.88600158691406,2673.25,1.75,298.832,1301.260009765625,1328.24951171875,45.88660605583748
2022-12-08,1314.0999755859375,104.7699966430664,71.45999908447266,2371.080078125,3.490999937057495,3963.510009765625,22.290000915527344,136.38099670410156,2744.72998046875,1.75,298.832,1308.1199951171875,1325.4270080566407,42.926955988193754
2022-12-09,1316.6300048828125,104.80999755859375,71.0199966430664,2389.0400390625,3.566999912261963,3934.3798828125,22.829999923706055,136.61399841308594,2721.02001953125,1.75,298.832,1310.79599609375,1323.7900085449219,44.437256536566885
2022-12-12,1303.1700439453125,105.12999725341797,73.16999816894531,2373.02001953125,3.6110000610351562,3990.56005859375,25.0,136.71200561523438,2779.2099609375,1.75,298.832,1311.59599609375,1323.2970092773437,35.42352637050986
2022-12-13,1305.9200439453125,103.9800033569336,75.38999938964844,2372.39990234375,3.500999927520752,4019.64990234375,22.549999237060547,137.50399780273438,2821.530029296875,1.75,298.832,1311.906005859375,1322.389013671875,37.677192680013356
2022-12-14,1288.97998046875,103.7699966430664,77.27999877929688,2399.25,3.503000020980835,3995.320068359375,21.139999389648438,135.58399963378906,2777.27001953125,1.75,298.832,1305.760009765625,1321.0250122070313,37.467871997175166
2022-12-15,1295.6800537109375,104.55999755859375,76.11000061035156,2360.969970703125,3.450000047683716,3895.75,22.829999923706055,135.34800720214844,2661.409912109375,1.75,298.832,1302.076025390625,1318.9875122070312,43.78254914664851
2022-12-16,1317.0999755859375,104.69999694824219,74.29000091552734,2360.02001953125,3.4820001125335693,3852.360107421875,22.6200008392334,137.75100708007812,2636.10009765625,1.75,298.832,1302.17001953125,1317.705010986328,45.23884499058973
2022-12-19,1308.8599853515625,104.72000122070312,75.19000244140625,2352.169921875,3.5810000896453857,3817.659912109375,22.420000076293945,136.69000244140625,2599.860107421875,1.75,298.832,1303.3080078125,1316.1965087890626,41.59856906455088
2022-12-20,1301.3299560546875,103.97000122070312,76.08999633789062,2333.2900390625,3.684000015258789,3821.6201171875,21.479999542236328,136.9949951171875,2583.639892578125,1.75,298.832,1302.389990234375,1313.2755065917968,43.278139275796434
2022-12-21,1283.6400146484375,104.16000366210938,78.29000091552734,2328.949951171875,3.684000015258789,3878.43994140625,20.06999969482422,131.89199829101562,2644.5,1.75,298.832,1301.3219970703126,1309.8230102539062,51.27201882088057
2022-12-22,1280.77001953125,104.43000030517578,77.48999786376953,2356.72998046875,3.6689999103546143,3822.389892578125,21.969999313354492,132.3699951171875,2533.330078125,1.75,298.832,1298.339990234375,1307.0210083007812,41.377721676399084
2022-12-23,1290.199951171875,104.30999755859375,79.55999755859375,2313.68994140625,3.750999927520752,3844.820068359375,20.8700008392334,132.35699462890625,2535.489990234375,1.75,298.832,1292.9599853515624,1305.6365051269531,46.69512068973271
2022-12-26,1279.239990234375,104.30999755859375,79.55999755859375,2317.139892578125,3.750999927520752,3844.820068359375,20.8700008392334,132.7899932861328,2535.489990234375,1.75,298.832,1287.035986328125,1302.8705017089844,41.11824705911792
2022-12-27,1275.1300048828125,104.18000030517578,79.52999877929688,2332.7900390625,3.859999895095825,3829.25,21.649999618530273,132.76400756835938,2490.169921875,1.75,298.832,1281.79599609375,1299.6210021972656,32.88544180706235
2022-12-28,1272.280029296875,104.45999908447266,78.95999908447266,2280.449951171875,3.88700008392334,3783.219970703125,22.139999389648438,133.48599243164062,2453.489990234375,1.75,298.832,1279.5239990234375,1296.96650390625,33.597429894236896
2022-12-29,1274.3199462890625,103.83999633789062,78.4000015258789,2236.39990234375,3.8350000381469727,3849.280029296875,21.440000534057617,134.03399658203125,2534.949951171875,1.75,298.832,1278.233984375,1296.6924987792968,33.341151590887236
2022-12-30,1260.260009765625,103.5199966430664,80.26000213623047,2236.39990234375,3.878999948501587,3839.5,21.670000076293945,132.91600036621094,2532.110107421875,1.75,298.832,1272.24599609375,1294.5429992675781,33.1843687662347
2023-01-02,1260.9100341796875,103.5199966430664,80.26000213623047,2225.669921875,3.878999948501587,3839.5,21.670000076293945,130.84500122070312,2532.110107421875,2.0,300.42,1268.5800048828125,1292.6299987792968,32.06625992692692
2023-01-03,1270.0999755859375,104.5199966430664,76.93000030517578,2218.679931640625,3.7929999828338623,3824.139892578125,22.899999618530273,130.79400634765625,2500.989990234375,2.0,300.42,1267.5739990234374,1290.9164978027343,41.982306279891716
2023-01-04,1279.0799560546875,104.25,72.83999633789062,2255.97998046875,3.7090001106262207,3852.969970703125,22.010000228881836,131.2480010986328,2569.4599609375,2.0,300.42,1268.933984375,1288.8849975585938,43.084418226200164
2023-01-05,1271.0799560546875,105.04000091552734,73.66999816894531,2264.64990234375,3.7200000286102295,3808.10009765625,22.459999084472656,132.24600219726562,2518.52001953125,2.0,300.42,1268.285986328125,1286.7339965820313,28.414545887612448
2023-01-06,1274.1800537109375,103.87999725341797,73.7699966430664,2289.969970703125,3.569000005722046,3895.080078125,21.1299991607666,133.3070068359375,2636.10009765625,2.0,300.42,1271.0699951171875,1284.6114990234375,32.909506977012796
2023-01-09,1252.8800048828125,103.0,74.62999725341797,2350.18994140625,3.5169999599456787,3892.090087890625,21.969999313354492,131.86199951171875,2686.75,2.0,300.42,1269.4639892578125,1282.0969970703125,28.976802032285192
2023-01-10,1239.280029296875,103.23999786376953,75.12000274658203,2351.31005859375,3.621000051498413,3919.25,20.579999923706055,131.72900390625,2721.2900390625,2.0,300.42,1263.3,1278.7649963378906,30.043154152255397
2023-01-11,1240.1600341796875,103.19000244140625,77.41000366210938,2359.530029296875,3.553999900817871,3969.610107421875,21.09000015258789,132.1009979248047,2755.360107421875,2.0,300.42,1255.516015625,1276.3239990234374,31.397129133092136
2023-01-12,1241.5999755859375,102.25,78.38999938964844,2365.10009765625,3.4489998817443848,3983.169921875,18.829999923706055,131.90199279785156,2789.64990234375,2.0,300.42,1249.62001953125,1273.6199951171875,25.97860989669374
2023-01-13,1239.1300048828125,102.19999694824219,79.86000061035156,2386.090087890625,3.510999917984009,3999.090087890625,18.350000381469727,129.1719970703125,2800.659912109375,2.0,300.42,1242.610009765625,1269.7214965820312,28.358653285051318
2023-01-16,1236.5899658203125,102.19999694824219,79.86000061035156,2399.860107421875,3.510999917984009,3999.090087890625,18.350000381469727,128.0260009765625,2800.659912109375,2.0,300.42,1239.352001953125,1266.1079956054687,28.84736496536199
2023-01-17,1240.7099609375,102.38999938964844,80.18000030517578,2379.389892578125,3.5350000858306885,3990.969970703125,19.360000610351562,128.3209991455078,2807.47998046875,2.0,300.42,1239.63798828125,1263.0769958496094,32.91105783843932
2023-01-18,1237.0,102.36000061035156,79.4800033569336,2368.320068359375,3.375,3928.860107421875,20.34000015258789,128.281005859375,2789.469970703125,2.0,300.42,1239.0059814453125,1260.7449951171875,30.157390881064416
2023-01-19,1237.8800048828125,102.05999755859375,80.33000183105469,2380.340087890625,3.3970000743865967,3898.85009765625,20.520000457763672,128.53900146484375,2710.43994140625,2.0,300.42,1238.2619873046874,1258.6004943847656,36.161260860047854
2023-01-20,1232.1800537109375,102.01000213623047,81.30999755859375,2395.260009765625,3.4839999675750732,3972.610107421875,19.850000381469727,128.3699951171875,2794.68994140625,2.0,300.42,1236.8719970703125,1255.6994995117188,33.27900718128262
2023-01-23,1230.030029296875,102.13999938964844,81.62000274658203,2395.260009765625,3.5250000953674316,4019.81005859375,19.809999465942383,129.35400390625,2934.830078125,2.0,300.42,1235.560009765625,1253.2390014648438,24.597471301015474
2023-01-24,1229.280029296875,101.91999816894531,80.12999725341797,2395.260009765625,3.4690001010894775,4016.949951171875,19.200000762939453,130.5970001220703,2913.739990234375,2.0,300.42,1233.2740234375,1250.9465026855469,14.750908528503516
2023-01-25,1232.6600341796875,101.63999938964844,80.1500015258789,2428.570068359375,3.4619998931884766,4016.219970703125,19.079999923706055,130.23899841308594,2918.989990234375,2.0,300.42,1232.4060302734374,1248.9655029296875,20.902824516119495
2023-01-26,1232.5899658203125,101.83999633789062,81.01000213623047,2468.64990234375,3.493000030517578,4060.429931640625,18.729999542236328,129.23699951171875,2966.60009765625,2.0,300.42,1231.3480224609375,1246.87900390625,16.986748421554452
2023-01-27,1231.8499755859375,101.93000030517578,79.68000030517578,2484.02001953125,3.5179998874664307,4070.56005859375,18.510000228881836,129.8000030517578,2945.27001953125,2.0,300.42,1231.2820068359374,1245.4585021972657,25.21793167734029
2023-01-30,1228.949951171875,102.27999877929688,77.9000015258789,2450.469970703125,3.5510001182556152,4017.77001953125,19.940000534057617,129.85400390625,2866.68994140625,2.0,300.42,1231.0659912109375,1243.860498046875,33.72189649600665
2023-01-31,1231.5,102.0999984741211,78.87000274658203,2425.080078125,3.5290000438690186,4076.60009765625,19.399999618530273,130.47900390625,2921.919921875,2.0,300.42,1231.5099853515626,1241.9304992675782,37.03588645276357
2023-02-01,1232.1500244140625,101.22000122070312,76.41000366210938,2449.800048828125,3.3970000743865967,4119.2099609375,17.8700008392334,130.11000061035156,3073.469970703125,2.0,301.45,1231.4079833984374,1239.584002685547,35.51070217337596
2023-02-02,1221.949951171875,101.75,75.87999725341797,2468.8798828125,3.3959999084472656,4179.759765625,18.729999542236328,128.6219940185547,3141.840087890625,2.0,301.45,1229.27998046875,1237.1275024414062,28.706043266044716
2023-02-03,1224.9000244140625,102.91999816894531,73.38999938964844,2480.39990234375,3.5320000648498535,4136.47998046875,18.329999923706055,128.74600219726562,3082.110107421875,2.0,301.45,1227.889990234375,1234.6635009765625,35.6565995458712
2023-02-06,1246.75,103.62000274658203,74.11000061035156,2438.18994140625,3.634000062942505,4111.080078125,19.43000030517578,132.00900268554688,3029.739990234375,2.0,301.45,1231.45,1234.357000732422,55.16417225040182
2023-02-07,1261.22998046875,103.43000030517578,77.13999938964844,2451.7099609375,3.6740000247955322,4164.0,18.65999984741211,132.6230010986328,3124.14990234375,2.0,301.45,1237.39599609375,1235.4544982910156,67.49450905873104
2023-02-08,1255.3499755859375,103.41000366210938,78.47000122070312,2483.639892578125,3.6530001163482666,4117.85986328125,19.6299991607666,131.04200744628906,3055.6298828125,2.0,301.45,1242.035986328125,1236.2139953613282,61.76425135386629
2023-02-09,1260.469970703125,103.22000122070312,78.05999755859375,2481.52001953125,3.683000087738037,4081.5,20.709999084472656,131.38699340820312,3059.6201171875,2.0,301.45,1249.739990234375,1237.1574951171874,69.20035724523493
2023-02-10,1264.550048828125,103.62999725341797,79.72000122070312,2469.72998046875,3.74399995803833,4090.4599609375,20.530000686645508,131.5189971923828,3011.14990234375,2.0,301.45,1257.6699951171875,1238.4284973144531,72.83059752824882
2023-02-13,1266.8699951171875,103.3499984741211,80.13999938964844,2452.699951171875,3.7170000076293945,4137.2900390625,20.34000015258789,131.55099487304688,3057.320068359375,2.0,301.45,1261.693994140625,1239.9424987792968,74.35520635769299
2023-02-14,1272.93994140625,103.2300033569336,79.05999755859375,2465.639892578125,3.760999917984009,4136.1298828125,18.90999984741211,132.33700561523438,3121.6298828125,2.0,301.45,1264.035986328125,1241.5539978027343,75.21900292717226
2023-02-15,1272.25,103.91999816894531,78.58999633789062,2427.89990234375,3.809000015258789,4147.60009765625,18.229999542236328,132.99099731445312,3133.070068359375,2.0,301.45,1267.4159912109376,1243.3164978027344,74.63965186950263
2023-02-16,1283.719970703125,103.86000061035156,78.48999786376953,2475.47998046875,3.8429999351501465,4090.409912109375,20.170000076293945,133.9029998779297,3055.239990234375,2.0,301.45,1272.0659912109375,1245.60849609375,78.43435364089332
2023-02-17,1288.9599609375,103.86000061035156,76.33999633789062,2451.2099609375,3.828000068664551,4079.090087890625,20.020000457763672,134.07400512695312,3005.8701171875,2.0,301.45,1276.9479736328126,1248.447491455078,82.07374582768979
2023-02-20,1293.9200439453125,103.86000061035156,76.33999633789062,2455.1201171875,3.828000068664551,4079.090087890625,20.020000457763672,134.3070068359375,3005.8701171875,2.0,301.45,1282.3579833984375,1251.6419921875,82.52396308381196
2023-02-21,1296.1099853515625,104.18000030517578,76.16000366210938,2458.9599609375,3.9549999237060547,3997.340087890625,22.8700008392334,134.33599853515625,2906.260009765625,2.0,301.45,1286.9919921875,1254.9834899902344,82.79997996794872
2023-02-22,1305.8299560546875,104.58999633789062,73.94999694824219,2417.679931640625,3.9230000972747803,3991.050048828125,22.290000915527344,134.9759979248047,2892.389892578125,2.0,301.45,1293.7079833984376,1258.6419860839844,93.22824857477538
2023-02-23,1302.8299560546875,104.5999984741211,75.38999938964844,2439.090087890625,3.878999948501587,4012.320068359375,21.139999389648438,134.9320068359375,2988.81005859375,2.0,301.45,1297.52998046875,1262.153985595703,90.14117274231762
2023-02-24,1298.0799560546875,105.20999908447266,76.31999969482422,2423.610107421875,3.9489998817443848,3970.0400390625,21.670000076293945,134.6280059814453,2935.110107421875,2.0,301.45,1299.3539794921876,1265.4654846191406,82.09331825196568
2023-02-27,1313.699951171875,104.66999816894531,75.68000030517578,2402.639892578125,3.921999931335449,3982.239990234375,20.950000762939453,136.39500427246094,2951.2099609375,2.0,301.45,1303.3099609375,1269.7029846191406,82.34500009029998
2023-02-28,1318.3499755859375,104.87000274658203,77.05000305175781,2412.85009765625,3.9159998893737793,3970.14990234375,20.700000762939453,136.31700134277344,2958.389892578125,2.0,301.45,1307.757958984375,1274.0454833984375,89.43420907857256
2023-03-01,1321.5999755859375,104.4800033569336,77.69000244140625,2412.85009765625,3.99399995803833,3951.389892578125,20.579999923706055,136.34800720214844,2955.830078125,2.0,301.821,1310.911962890625,1278.5179809570313,89.1809337821196
2023-03-02,1305.72998046875,105.02999877929688,78.16000366210938,2427.85009765625,4.072999954223633,3981.35009765625,19.59000015258789,136.19400024414062,2984.110107421875,2.0,301.821,1311.4919677734374,1282.706982421875,72.92874231961285
2023-03-03,1311.06005859375,104.5199966430664,79.68000030517578,2432.070068359375,3.9639999866485596,4045.639892578125,18.489999771118164,136.7050018310547,3028.340087890625,2.0,301.821,1314.08798828125,1287.0149841308594,73.80675234348593
2023-03-06,1294.780029296875,104.3499984741211,80.45999908447266,2462.6201171875,3.9830000400543213,4048.419921875,18.610000610351562,135.86000061035156,2994.590087890625,2.0,301.821,1310.30400390625,1289.416485595703,60.59992416522502
2023-03-07,1299.0,105.62000274658203,77.58000183105469,2463.35009765625,3.9749999046325684,3986.3701171875,19.59000015258789,135.99899291992188,2962.419921875,2.0,301.821,1306.4340087890625,1291.3049865722655,62.55278636387591
2023-03-08,1317.9000244140625,105.66000366210938,76.66000366210938,2431.909912109375,3.9760000705718994,3992.010009765625,19.110000610351562,137.39100646972656,3041.389892578125,2.0,301.821,1305.6940185546875,1294.4324890136718,64.99386864440815
2023-03-09,1316.449951171875,105.30999755859375,75.72000122070312,2419.090087890625,3.924999952316284,3918.320068359375,22.610000610351562,137.2259979248047,2980.2099609375,2.0,301.821,1307.8380126953125,1297.2314880371093,62.473883267344505
2023-03-10,1325.550048828125,104.58000183105469,76.68000030517578,2394.590087890625,3.694999933242798,3861.590087890625,24.799999237060547,136.39500427246094,2923.929931640625,2.0,301.821,1310.7360107421875,1300.2814880371093,63.83274271748775
2023-03-13,1319.5400390625,103.5999984741211,74.80000305175781,2410.60009765625,3.515000104904175,3855.760009765625,26.520000457763672,134.97999572753906,2921.7099609375,2.0,301.821,1315.6880126953124,1302.914990234375,59.91536202056645
2023-03-14,1296.3800048828125,103.5999984741211,71.33000183105469,2348.969970703125,3.638000011444092,3919.2900390625,23.729999542236328,133.11399841308594,3010.14990234375,2.0,301.821,1315.164013671875,1304.0869934082032,46.409329231865286
2023-03-15,1304.5799560546875,104.6500015258789,67.61000061035156,2379.719970703125,3.492000102996826,3891.929931640625,26.139999389648438,134.39700317382812,2977.389892578125,2.0,301.821,1312.5,1305.7034912109375,50.63966531796756
2023-03-16,1311.739990234375,104.41999816894531,68.3499984741211,2377.909912109375,3.5850000381469727,3960.280029296875,22.989999771118164,132.9290008544922,3098.070068359375,2.0,301.821,1311.5580078125,1307.1044921875,54.90661028527732
2023-03-17,1301.6199951171875,103.70999908447266,66.73999786376953,2395.68994140625,3.3949999809265137,3916.639892578125,25.510000228881836,133.3679962158203,3083.52001953125,2.0,301.821,1306.7719970703124,1307.7374938964845,45.48245049407773
2023-03-20,1307.6500244140625,103.27999877929688,67.63999938964844,2379.199951171875,3.4809999465942383,3951.570068359375,24.149999618530273,132.28399658203125,3114.7099609375,2.0,301.821,1304.393994140625,1308.4239929199218,46.03941159141064
2023-03-21,1304.93994140625,103.26000213623047,69.33000183105469,2388.35009765625,3.6059999465942383,4002.8701171875,21.3799991607666,131.39199829101562,3116.889892578125,2.0,301.821,1306.1059814453124,1308.8654907226562,43.80853872640418
2023-03-22,1303.43994140625,102.3499984741211,70.9000015258789,2416.9599609375,3.5,3936.969970703125,22.260000228881836,132.34800720214844,3091.7099609375,2.0,301.821,1305.877978515625,1308.7459899902344,49.04717015631285
2023-03-23,1298.25,102.52999877929688,69.95999908447266,2424.47998046875,3.4059998989105225,3948.719970703125,22.610000610351562,131.1790008544922,3174.360107421875,2.0,301.821,1303.17998046875,1308.5169921875,44.66382178975031
2023-03-24,1286.2900390625,103.12000274658203,69.26000213623047,2414.9599609375,3.380000114440918,3970.989990234375,21.739999771118164,130.86500549316406,3121.260009765625,2.0,301.821,1300.1139892578126,1307.9274963378907,46.33135632736855
2023-03-27,1294.8299560546875,102.86000061035156,72.80999755859375,2409.219970703125,3.5280001163482666,3977.530029296875,20.600000381469727,130.8459930419922,3083.580078125,2.0,301.821,1297.5499755859375,1306.9839965820313,48.26291815105865
2023-03-28,1297.800048828125,102.43000030517578,73.19999694824219,2434.93994140625,3.563999891281128,3971.27001953125,19.969999313354492,131.23300170898438,3057.27001953125,2.0,301.821,1296.1219970703125,1305.9565002441407,40.34585342916009
2023-03-29,1296.97998046875,102.63999938964844,72.97000122070312,2443.919921875,3.565999984741211,4027.81005859375,19.1200008392334,131.04600524902344,3157.110107421875,2.0,301.821,1294.8300048828125,1304.7255004882813,40.591509482933546
2023-03-30,1307.1300048828125,102.13999938964844,74.37000274658203,2453.159912109375,3.5510001182556152,4050.830078125,19.020000457763672,132.5760040283203,3208.260009765625,2.0,301.821,1296.606005859375,1304.7955017089844,41.18828023811387
2023-03-31,1296.5,102.51000213623047,75.66999816894531,2476.860107421875,3.49399995803833,4109.31005859375,18.700000762939453,133.2010040283203,3230.860107421875,2.0,301.821,1298.647998046875,1304.0674987792968,39.444745189446984
2023-04-03,1305.47998046875,102.08999633789062,80.41999816894531,2472.340087890625,3.430000066757202,4124.509765625,18.549999237060547,133.3470001220703,3200.429931640625,2.0,302.845,1300.7780029296875,1304.6024963378907,54.791474110858154
2023-04-04,1308.050048828125,101.58999633789062,80.70999908447266,2480.510009765625,3.3369998931884766,4100.60009765625,19.0,132.2989959716797,3142.5,2.0,302.845,1302.8280029296875,1305.054998779297,51.942284225183904
2023-04-05,1312.4100341796875,101.8499984741211,80.61000061035156,2495.2099609375,3.2869999408721924,4090.3798828125,19.079999923706055,131.48500061035156,3085.97998046875,2.0,302.845,1305.914013671875,1304.780499267578,50.38717368150044
2023-04-06,1316.2099609375,101.81999969482422,80.69999694824219,2459.22998046875,3.2880001068115234,4105.02001953125,18.399999618530273,130.9340057373047,3071.77001953125,2.0,302.845,1307.7300048828124,1304.7684997558595,59.09484523217077
2023-04-07,1317.93994140625,101.81999969482422,80.69999694824219,2490.409912109375,3.2880001068115234,4105.02001953125,18.399999618530273,131.66900634765625,3071.77001953125,2.0,302.845,1312.0179931640625,1304.3879943847655,56.77770541364145
2023-04-10,1315.449951171875,102.58000183105469,79.73999786376953,2512.080078125,3.4149999618530273,4109.10986328125,18.969999313354492,132.0970001220703,3126.969970703125,2.0,302.845,1314.0119873046874,1304.1834899902344,56.942804797017025
2023-04-11,1320.8800048828125,102.19999694824219,81.52999877929688,2547.860107421875,3.434000015258789,4108.93994140625,19.100000381469727,133.468994140625,3109.419921875,2.0,302.845,1316.577978515625,1305.4084899902343,60.95206263884694
2023-04-12,1322.0899658203125,101.5,83.26000213623047,2550.639892578125,3.4210000038146973,4091.949951171875,19.09000015258789,133.593994140625,3052.52001953125,2.0,302.845,1318.51396484375,1306.2839904785155,65.75883210171017
2023-04-13,1322.8299560546875,101.01000213623047,82.16000366210938,2561.659912109375,3.4519999027252197,4146.22021484375,17.799999237060547,133.0850067138672,3074.93994140625,2.0,302.845,1319.8379638671875,1306.8384887695313,78.36067375490072
2023-04-14,1301.4300537109375,101.55000305175781,82.5199966430664,2571.489990234375,3.5220000743865967,4137.64013671875,17.06999969482422,132.48699951171875,3070.449951171875,2.0,302.845,1316.535986328125,1306.8289916992187,54.27024789994282
2023-04-17,1303.3800048828125,102.0999984741211,80.83000183105469,2575.909912109375,3.5910000801086426,4151.31982421875,16.950000762939453,133.9709930419922,3066.679931640625,2.0,302.845,1314.1219970703125,1306.6154907226562,53.658513160274744
2023-04-18,1316.0699462890625,101.75,80.86000061035156,2571.090087890625,3.572000026702881,4154.8701171875,16.829999923706055,134.4250030517578,3077.719970703125,2.0,302.845,1313.1599853515625,1307.1719909667968,60.83060118372373
2023-04-19,1315.9000244140625,101.97000122070312,79.16000366210938,2575.080078125,3.6019999980926514,4154.52001953125,16.459999084472656,134.04400634765625,3046.3798828125,2.0,302.845,1311.9219970703125,1307.7949951171875,55.61104151502182
2023-04-20,1326.760009765625,101.83999633789062,77.29000091552734,2563.110107421875,3.5450000762939453,4129.7900390625,17.170000076293945,134.70399475097656,3046.280029296875,2.0,302.845,1312.7080078125,1309.2204956054688,69.3034889407338
2023-04-21,1323.5999755859375,101.81999969482422,77.87000274658203,2544.39990234375,3.569999933242798,4133.52001953125,16.770000457763672,133.99600219726562,3021.43994140625,2.0,302.845,1317.1419921875,1311.0859924316405,62.48626787279466
2023-04-24,1329.3800048828125,101.3499984741211,78.76000213623047,2523.5,3.515000104904175,4137.0400390625,16.889999389648438,133.96099853515625,3007.510009765625,2.0,302.845,1322.3419921875,1312.813494873047,64.07552702169308
2023-04-25,1332.800048828125,101.86000061035156,77.06999969482422,2489.02001953125,3.3959999084472656,4071.6298828125,18.760000228881836,134.08399963378906,2906.2900390625,2.0,302.845,1325.6880126953124,1314.563494873047,63.624277126613975
2023-04-26,1341.0,101.47000122070312,74.30000305175781,2484.830078125,3.431999921798706,4055.989990234375,18.84000015258789,133.71099853515625,2922.989990234375,2.0,302.845,1330.7080078125,1316.7644958496094,65.64440335875511
2023-04-27,1337.8299560546875,101.5,74.76000213623047,2495.81005859375,3.5280001163482666,4135.35009765625,17.030000686645508,133.46499633789062,2941.590087890625,2.0,302.845,1332.9219970703125,1318.299493408203,62.32804264829832
2023-04-28,1339.3900146484375,101.66999816894531,76.77999877929688,2501.530029296875,3.4519999027252197,4169.47998046875,15.779999732971191,133.802001953125,2994.969970703125,2.0,302.845,1336.0800048828125,1320.443994140625,65.01135130252943
2023-05-01,1337.1700439453125,102.1500015258789,75.66000366210938,2501.530029296875,3.5739998817443848,4167.8701171875,16.079999923706055,136.38600158691406,3019.090087890625,2.0,303.334,1337.6380126953125,1322.028497314453,60.642940542195966
2023-05-02,1342.7900390625,101.95999908447266,71.66000366210938,2524.389892578125,3.438999891281128,4119.580078125,17.780000686645508,137.52099609375,2996.860107421875,2.0,303.334,1339.6360107421874,1323.7654968261718,62.78732360167044
2023-05-03,1342.300048828125,101.33999633789062,68.5999984741211,2501.39990234375,3.4030001163482666,4090.75,18.34000015258789,136.46600341796875,2957.3701171875,2.0,303.334,1339.8960205078124,1325.2599975585938,62.06477653170673
2023-05-04,1335.22998046875,101.4000015258789,68.55999755859375,2500.93994140625,3.3510000705718994,4061.219970703125,20.09000015258789,134.54400634765625,2941.6298828125,2.0,303.334,1339.376025390625,1326.2109985351562,75.46709932103433
2023-05-05,1320.1500244140625,101.20999908447266,71.33999633789062,2500.93994140625,3.446000099182129,4136.25,17.190000534057617,134.1790008544922,3007.68994140625,2.0,303.334,1335.52802734375,1326.3215026855469,60.54851024751913
2023-05-08,1316.9599609375,101.37000274658203,73.16000366210938,2513.2099609375,3.5209999084472656,4138.1201171875,16.979999542236328,135.19900512695312,3024.409912109375,2.0,303.334,1331.4860107421875,1326.3970031738281,50.63581455946449
2023-05-09,1322.4100341796875,101.63999938964844,73.70999908447266,2510.06005859375,3.5209999084472656,4119.169921875,17.709999084472656,135.072998046875,2967.840087890625,2.0,303.334,1327.410009765625,1326.4735046386718,54.324423383186236
2023-05-10,1326.050048828125,101.4800033569336,72.55999755859375,2496.510009765625,3.438999891281128,4137.64013671875,16.940000534057617,135.28799438476562,2997.510009765625,2.0,303.334,1324.160009765625,1326.6715087890625,49.478355708309714
2023-05-11,1318.050048828125,102.05999755859375,70.87000274658203,2491.0,3.3970000743865967,4130.6201171875,16.93000030517578,134.08700561523438,2978.719970703125,2.0,303.334,1320.7240234375,1326.4325134277344,46.19295715914972
2023-05-12,1329.8800048828125,102.68000030517578,70.04000091552734,2475.419921875,3.4630000591278076,4124.080078125,17.030000686645508,134.4980010986328,2972.85009765625,2.0,303.334,1322.67001953125,1327.8550109863281,50.316695480594674
2023-05-15,1341.52001953125,102.43000030517578,71.11000061035156,2479.35009765625,3.507999897003174,4136.27978515625,17.1200008392334,135.82200622558594,3052.639892578125,2.0,303.334,1327.58203125,1329.76201171875,55.0022688567203
2023-05-16,1335.4000244140625,102.55999755859375,70.86000061035156,2480.239990234375,3.5490000247955322,4109.89990234375,17.989999771118164,136.0449981689453,3048.7099609375,2.0,303.334,1330.180029296875,1330.728515625,46.70900187524122
2023-05-17,1342.4300537109375,102.87999725341797,72.83000183105469,2494.659912109375,3.5810000896453857,4158.77001953125,16.8700008392334,136.42999267578125,3124.679931640625,2.0,303.334,1333.4560302734376,1332.0550170898437,52.58606254752278
2023-05-18,1334.1500244140625,103.58000183105469,71.86000061035156,2515.39990234375,3.6480000019073486,4198.0498046875,16.049999237060547,137.61399841308594,3223.489990234375,2.0,303.334,1336.676025390625,1332.4245178222657,47.26114275797297
2023-05-19,1334.739990234375,103.19999694824219,71.55000305175781,2537.7900390625,3.691999912261963,4191.97998046875,16.809999465942383,138.6199951171875,3203.489990234375,2.0,303.334,1337.6480224609375,1332.9815185546875,48.70783271344095
2023-05-22,1324.2099609375,103.19999694824219,71.98999786376953,2557.080078125,3.7190001010894775,4192.6298828125,17.209999084472656,137.69200134277344,3215.0400390625,2.0,303.334,1334.1860107421876,1332.7230163574218,40.610449120192264
2023-05-23,1313.8299560546875,103.48999786376953,72.91000366210938,2567.550048828125,3.697999954223633,4145.580078125,18.530000686645508,138.6719970703125,3177.43994140625,2.0,303.334,1329.8719970703125,1331.77451171875,36.91994835884545
2023-05-24,1319.8399658203125,103.88999938964844,74.33999633789062,2567.449951171875,3.7190001010894775,4115.240234375,20.030000686645508,138.59800720214844,3124.090087890625,2.0,303.334,1325.3539794921876,1330.7165100097657,42.85979659127851
2023-05-25,1318.52001953125,104.20999908447266,71.83000183105469,2554.68994140625,3.813999891281128,4151.27978515625,19.139999389648438,139.2830047607422,3336.719970703125,2.0,303.334,1322.227978515625,1329.7510131835938,49.13306956868377
2023-05-26,1330.8900146484375,104.20999908447266,72.66999816894531,2558.81005859375,3.809999942779541,4205.4501953125,17.950000762939453,140.01699829101562,3545.669921875,2.0,303.334,1321.4579833984376,1329.3260131835937,56.74970692023143
2023-05-29,1322.4300537109375,104.20999908447266,72.66999816894531,2558.81005859375,3.809999942779541,4205.4501953125,17.950000762939453,140.87100219726562,3545.669921875,2.0,303.334,1321.102001953125,1328.589013671875,50.00942539569421
2023-05-30,1324.5899658203125,104.16999816894531,69.45999908447266,2585.52001953125,3.700000047683716,4205.52001953125,17.459999084472656,140.4409942626953,3549.389892578125,2.0,303.334,1323.25400390625,1327.6790100097655,49.302862338479834
2023-05-31,1319.7900390625,104.31999969482422,68.08999633789062,2577.1201171875,3.63700008392334,4179.830078125,17.940000534057617,139.79200744628906,3453.179931640625,2.0,303.334,1323.2440185546875,1326.5535095214843,50.8569710815848
2023-06-01,1321.739990234375,103.55999755859375,70.0999984741211,2569.169921875,3.6080000400543213,4221.02001953125,15.649999618530273,139.1269989013672,3506.739990234375,2.0,304.014,1323.8880126953125,1325.8790100097656,45.558688873111294
2023-06-02,1312.8499755859375,104.0199966430664,71.73999786376953,2601.360107421875,3.690999984741211,4282.3701171875,14.600000381469727,138.7480010986328,3501.39990234375,2.0,304.014,1320.2800048828126,1325.5140075683594,33.8732602292
2023-06-05,1305.1400146484375,104.0,72.1500015258789,2615.409912109375,3.693000078201294,4273.7900390625,14.729999542236328,140.20700073242188,3444.1201171875,2.0,304.014,1316.8219970703126,1324.9230102539063,33.27801837535921
2023-06-06,1299.7900390625,104.12999725341797,71.73999786376953,2615.409912109375,3.6989998817443848,4283.85009765625,13.960000038146973,139.38299560546875,3488.340087890625,2.0,304.014,1311.86201171875,1323.792010498047,25.990896931322837
2023-06-07,1299.199951171875,104.0999984741211,72.52999877929688,2615.60009765625,3.7839999198913574,4267.52001953125,13.9399995803833,139.52699279785156,3477.179931640625,2.0,304.014,1307.743994140625,1322.4495056152343,28.455070426562685
2023-06-08,1308.3399658203125,103.33999633789062,71.29000091552734,2610.85009765625,3.7139999866485596,4293.93017578125,13.649999618530273,139.8990020751953,3514.320068359375,2.0,304.014,1305.0639892578124,1321.9640014648437,35.27766772453924
2023-06-09,1296.3299560546875,103.55999755859375,70.16999816894531,2641.159912109375,3.744999885559082,4298.85986328125,13.829999923706055,138.86300659179688,3524.969970703125,2.0,304.014,1301.7599853515626,1320.2864990234375,34.704808489493274
2023-06-12,1286.68994140625,103.62999725341797,67.12000274658203,2629.35009765625,3.765000104904175,4338.93017578125,15.010000228881836,139.37100219726562,3641.659912109375,2.0,304.014,1298.069970703125,1317.5449951171875,34.988893465036355
2023-06-13,1284.5799560546875,103.33999633789062,69.41999816894531,2637.949951171875,3.8389999866485596,4369.009765625,14.609999656677246,139.4600067138672,3683.659912109375,2.0,304.014,1295.0279541015625,1315.0039916992187,29.618433939311842
2023-06-14,1267.6199951171875,103.01000213623047,68.2699966430664,2619.080078125,3.7960000038146973,4372.58984375,13.880000114440918,140.177001953125,3739.75,2.0,304.014,1288.711962890625,1311.2634887695312,25.083151175589705
2023-06-15,1273.989990234375,102.12000274658203,70.62000274658203,2608.5400390625,3.7279999256134033,4425.83984375,14.5,139.9770050048828,3708.06005859375,2.0,304.014,1281.8419677734375,1308.2554870605468,20.40765537845823
2023-06-16,1270.050048828125,102.30000305175781,71.77999877929688,2625.7900390625,3.7690000534057617,4409.58984375,13.539999961853027,140.26800537109375,3673.139892578125,2.0,304.014,1276.585986328125,1305.0209899902343,21.414457950113842
2023-06-19,1276.31005859375,102.30000305175781,71.77999877929688,2609.5,3.7690000534057617,4409.58984375,13.539999961853027,141.86700439453125,3673.139892578125,2.0,304.014,1274.510009765625,1302.625994873047,24.78061869290697
2023-06-20,1283.239990234375,102.54000091552734,70.5,2604.909912109375,3.7290000915527344,4388.7099609375,13.880000114440918,141.8990020751953,3647.56005859375,2.0,304.014,1274.2420166015625,1301.0964965820312,31.323401356810123
2023-06-21,1287.5400390625,102.06999969482422,72.52999877929688,2582.6298828125,3.7230000495910645,4365.68994140625,13.199999809265137,141.3350067138672,3549.72998046875,2.0,304.014,1278.226025390625,1299.4815002441405,32.93414778555574
2023-06-22,1288.3800048828125,102.38999938964844,69.51000213623047,2593.699951171875,3.7990000247955322,4381.89013671875,12.90999984741211,141.68800354003906,3569.8701171875,2.0,304.014,1281.1040283203124,1297.9744995117187,36.72273649740625
2023-06-23,1298.2099609375,102.9000015258789,69.16000366210938,2570.10009765625,3.739000082015991,4348.330078125,13.4399995803833,143.02999877929688,3506.7099609375,2.0,304.014,1286.7360107421875,1296.3404968261718,46.32435491201786
2023-06-26,1307.6700439453125,102.69000244140625,69.37000274658203,2582.199951171875,3.7190001010894775,4328.81982421875,14.25,143.54100036621094,3515.77001953125,2.0,304.014,1293.0080078125,1295.6024963378907,54.00488132329274
2023-06-27,1302.6600341796875,102.48999786376953,67.69999694824219,2581.389892578125,3.7679998874664307,4378.41015625,13.739999771118164,143.4600067138672,3642.409912109375,2.0,304.014,1296.8920166015625,1294.5059997558594,51.682920949916706
2023-06-28,1296.5999755859375,102.91000366210938,69.55999755859375,2564.18994140625,3.7100000381469727,4376.85986328125,13.430000305175781,143.8820037841797,3609.47998046875,2.0,304.014,1298.70400390625,1293.3464965820312,44.113521017106
2023-06-29,1309.010009765625,103.33999633789062,69.86000061035156,2550.02001953125,3.8540000915527344,4396.43994140625,13.539999961853027,144.38900756835938,3614.179931640625,2.0,304.014,1302.8300048828125,1292.7099975585938,56.33242825076842
2023-06-30,1323.0699462890625,102.91000366210938,70.63999938964844,2564.280029296875,3.819000005722046,4450.3798828125,13.59000015258789,144.77999877929688,3673.06005859375,2.0,304.014,1307.802001953125,1293.22099609375,67.40005441439716
2023-07-03,1315.300048828125,102.98999786376953,69.79000091552734,2602.469970703125,3.8580000400543213,4455.58984375,13.569999694824219,144.3979949951172,3703.6201171875,2.0,304.609,1309.3280029296875,1293.7289978027343,63.93835771974075
2023-07-04,1306.0999755859375,102.98999786376953,69.79000091552734,2593.31005859375,3.8580000400543213,4455.58984375,13.569999694824219,144.58399963378906,3703.6201171875,2.0,304.609,1310.0159912109375,1294.0444946289062,68.7817270980996
2023-07-05,1295.5,103.37000274658203,71.79000091552734,2579.0,3.944999933242798,4446.81982421875,14.180000305175781,144.406005859375,3622.320068359375,2.0,304.609,1309.79599609375,1293.8594970703125,60.082509383868896
2023-07-06,1302.969970703125,103.16999816894531,71.80000305175781,2556.2900390625,4.040999889373779,4411.58984375,15.4399995803833,144.48899841308594,3577.489990234375,2.0,304.609,1308.58798828125,1293.590997314453,64.93645030008042
2023-07-07,1309.219970703125,102.2699966430664,73.86000061035156,2526.7099609375,4.050000190734863,4398.9501953125,14.829999923706055,143.9510040283203,3577.72998046875,2.0,304.609,1305.8179931640625,1294.235498046875,64.93326509179374
2023-07-10,1297.3699951171875,101.97000122070312,72.98999786376953,2520.699951171875,4.00600004196167,4409.52978515625,15.069999694824219,142.20899963378906,3651.60009765625,2.0,304.609,1302.231982421875,1294.7695007324219,56.13761040784491
2023-07-11,1299.5400390625,101.7300033569336,74.83000183105469,2562.489990234375,3.9800000190734863,4439.259765625,14.84000015258789,141.2969970703125,3653.530029296875,2.0,304.609,1300.9199951171875,1295.5175048828125,55.310675373731
2023-07-12,1291.510009765625,100.5199966430664,75.75,2574.719970703125,3.8610000610351562,4472.16015625,13.539999961853027,140.1179962158203,3721.469970703125,2.0,304.609,1300.1219970703125,1296.7120056152344,51.30232326628629
2023-07-13,1274.699951171875,99.7699966430664,76.88999938964844,2591.22998046875,3.760999917984009,4510.0400390625,13.609999656677246,138.31500244140625,3797.1298828125,2.0,304.609,1294.4679931640626,1296.7475036621095,40.75502057384021
2023-07-14,1266.8299560546875,99.91000366210938,75.41999816894531,2628.300048828125,3.819000005722046,4505.419921875,13.34000015258789,138.0749969482422,3750.409912109375,2.0,304.609,1285.989990234375,1296.5864990234375,33.736831462159785
2023-07-17,1268.3399658203125,99.83999633789062,74.1500015258789,2619.0,3.796999931335449,4522.7900390625,13.479999542236328,138.6820068359375,3837.31005859375,2.0,304.609,1280.183984375,1296.1879943847657,35.94131907080195
2023-07-18,1265.449951171875,99.94000244140625,75.75,2607.6201171875,3.7890000343322754,4554.97998046875,13.300000190734863,138.72900390625,3842.360107421875,2.0,304.609,1273.365966796875,1295.2984924316406,36.89964649000408
2023-07-19,1264.93994140625,100.27999877929688,75.3499984741211,2608.239990234375,3.742000102996826,4565.72021484375,13.760000228881836,139.02699279785156,3801.659912109375,2.0,304.609,1268.051953125,1294.1684875488281,29.404583427461773
2023-07-20,1265.0899658203125,100.87999725341797,75.62999725341797,2600.22998046875,3.8540000915527344,4534.8701171875,13.989999771118164,139.59800720214844,3663.85009765625,2.0,304.609,1266.1299560546875,1293.0039855957032,18.854785236166762
2023-07-21,1278.4000244140625,101.06999969482422,77.06999969482422,2609.760009765625,3.8369998931884766,4536.33984375,13.600000381469727,139.86399841308594,3698.85009765625,2.0,304.609,1268.4439697265625,1292.0134887695312,31.291860224756377
2023-07-24,1285.6500244140625,101.3499984741211,78.73999786376953,2628.530029296875,3.8570001125335693,4554.64013671875,13.90999984741211,141.75,3692.320068359375,2.0,304.609,1271.9059814453126,1290.9124877929687,39.42282194458545
2023-07-25,1280.530029296875,101.3499984741211,79.62999725341797,2636.4599609375,3.9119999408721924,4567.4599609375,13.859999656677246,141.52200317382812,3755.27001953125,2.0,304.609,1274.9219970703125,1289.8059875488282,41.79189590779487
2023-07-26,1274.1199951171875,100.88999938964844,78.77999877929688,2592.360107421875,3.8510000705718994,4566.75,13.1899995803833,140.91299438476562,3699.3701171875,2.0,304.609,1276.7580078125,1288.6819885253906,33.995397827850596
2023-07-27,1275.1700439453125,101.7699966430664,80.08999633789062,2603.81005859375,4.01200008392334,4537.41015625,14.40999984741211,140.36700439453125,3768.27001953125,2.0,304.609,1278.7740234375,1286.989990234375,29.954193250726917
2023-07-28,1283.8800048828125,101.62000274658203,80.58000183105469,2608.320068359375,3.9690001010894775,4582.22998046875,13.329999923706055,138.86399841308594,3851.760009765625,2.0,304.609,1279.87001953125,1285.0304931640626,41.753305095623155
2023-07-31,1272.3900146484375,101.86000061035156,81.80000305175781,2632.580078125,3.9590001106262207,4588.9599609375,13.630000114440918,140.75799560546875,3861.6298828125,2.0,304.609,1277.218017578125,1282.884991455078,35.10045218556357
2023-08-01,1277.9300537109375,102.30000305175781,81.37000274658203,2667.070068359375,4.051000118255615,4576.72998046875,13.930000305175781,142.322998046875,3858.2099609375,2.0,306.082,1276.6980224609374,1281.476495361328,42.338118149748546
2023-08-02,1289.050048828125,102.58999633789062,79.48999786376953,2616.469970703125,4.078000068664551,4513.39013671875,16.09000015258789,142.97000122070312,3711.60009765625,2.0,306.082,1279.684033203125,1281.1539978027345,58.65191561519304
2023-08-03,1295.3699951171875,102.54000091552734,81.55000305175781,2605.389892578125,4.189000129699707,4501.89013671875,15.920000076293945,143.343994140625,3708.080078125,2.0,306.082,1283.7240234375,1280.7739990234375,67.53501753501754
2023-08-04,1296.4000244140625,102.0199966430664,82.81999969482422,2602.800048828125,4.059999942779541,4478.02978515625,17.100000381469727,142.59800720214844,3699.199951171875,2.0,306.082,1286.22802734375,1280.1330017089845,67.34240283431966
2023-08-07,1303.050048828125,102.05000305175781,81.94000244140625,2580.7099609375,4.078000068664551,4518.43994140625,15.770000457763672,141.87600708007812,3739.409912109375,2.0,306.082,1292.3600341796875,1280.4170043945312,72.20648964148941
2023-08-08,1307.75,102.52999877929688,82.91999816894531,2573.97998046875,4.026000022888184,4499.3798828125,15.989999771118164,142.5240020751953,3679.419921875,2.0,306.082,1298.3240234375,1280.8275024414063,74.09117137911136
2023-08-09,1316.6700439453125,102.48999786376953,84.4000015258789,2605.1201171875,4.01200008392334,4467.7099609375,15.960000038146973,143.2779998779297,3610.47998046875,2.0,306.082,1303.8480224609375,1282.0855041503905,76.41877494673028
2023-08-10,1313.6400146484375,102.5199966430664,82.81999969482422,2601.56005859375,4.079999923706055,4468.830078125,15.850000381469727,143.7270050048828,3597.02001953125,2.0,306.082,1307.5020263671875,1284.0325073242188,70.17400662483054
2023-08-11,1318.3299560546875,102.83999633789062,83.19000244140625,2591.260009765625,4.168000221252441,4464.0498046875,14.84000015258789,144.85400390625,3514.550048828125,2.0,306.082,1311.8880126953125,1286.6075073242187,69.27336656501343
2023-08-14,1329.6099853515625,103.19000244140625,82.51000213623047,2570.8701171875,4.184000015258789,4489.72021484375,14.819999694824219,144.81700134277344,3615.449951171875,2.0,306.082,1317.2,1289.6710083007813,76.98478216222964
2023-08-15,1334.739990234375,103.20999908447266,80.98999786376953,2570.8701171875,4.2210001945495605,4437.85986328125,16.459999084472656,145.43699645996094,3553.9599609375,2.0,306.082,1322.597998046875,1293.1355102539062,83.80547178673783
2023-08-16,1338.739990234375,103.41999816894531,79.37999725341797,2525.639892578125,4.257999897003174,4404.330078125,16.780000686645508,145.60800170898438,3480.080078125,2.0,306.082,1327.0119873046874,1296.8255126953125,84.32132401691928
2023-08-17,1343.3299560546875,103.44000244140625,80.38999938964844,2519.85009765625,4.308000087738037,4370.35986328125,17.889999389648438,146.33299255371094,3446.35009765625,2.0,306.082,1332.9499755859374,1300.7375122070312,83.59134237353602
2023-08-18,1339.0799560546875,103.37999725341797,81.25,2504.5,4.250999927520752,4369.7099609375,17.299999237060547,145.71400451660156,3462.739990234375,2.0,306.082,1337.0999755859375,1303.7715087890624,91.0399639423077
2023-08-21,1339.1700439453125,103.33000183105469,80.72000122070312,2508.800048828125,4.3420000076293945,4399.77001953125,17.1299991607666,145.30499267578125,3560.739990234375,2.0,306.082,1339.0119873046874,1306.447509765625,90.39574590066253
2023-08-22,1339.739990234375,103.55999755859375,80.3499984741211,2515.739990234375,4.328000068664551,4387.5498046875,16.969999313354492,146.23800659179688,3527.68994140625,2.0,306.082,1340.0119873046874,1309.4080078125,88.84286697796935
2023-08-23,1339.68994140625,103.36000061035156,78.88999938964844,2505.5,4.197999954223633,4436.009765625,15.979999542236328,145.76300048828125,3602.010009765625,2.0,306.082,1340.2019775390625,1312.686505126953,87.57194747136072
2023-08-24,1327.780029296875,103.9800033569336,79.05000305175781,2537.679931640625,4.235000133514404,4376.31005859375,17.200000762939453,144.67300415039062,3481.300048828125,2.0,306.082,1337.0919921875,1315.3170043945313,72.459212326553
2023-08-25,1326.6199951171875,104.08000183105469,79.83000183105469,2519.139892578125,4.238999843597412,4405.7099609375,15.680000305175781,146.06700134277344,3495.64990234375,2.0,306.082,1334.6,1317.45400390625,68.30817778232911
2023-08-28,1323.6099853515625,104.05999755859375,80.0999984741211,2543.409912109375,4.211999893188477,4433.31005859375,15.079999923706055,146.531005859375,3537.8701171875,2.0,306.082,1331.48798828125,1320.0150024414063,62.65154097083597
2023-08-29,1322.8199462890625,103.55000305175781,81.16000366210938,2552.159912109375,4.122000217437744,4497.6298828125,14.449999809265137,146.46400451660156,3629.570068359375,2.0,306.082,1328.1039794921876,1322.2594970703126,55.636935691044904
2023-08-30,1321.0699462890625,103.16000366210938,81.62999725341797,2561.219970703125,4.118000030517578,4514.8701171875,13.880000114440918,145.98800659179688,3643.919921875,2.0,306.082,1324.37998046875,1323.8604919433594,56.97383979394484
2023-08-31,1323.030029296875,103.62000274658203,83.62999725341797,2556.27001953125,4.0929999351501465,4507.66015625,13.569999694824219,146.0989990234375,3670.929931640625,2.0,306.082,1323.42998046875,1325.2434936523437,54.64983998550812
2023-09-01,1324.6400146484375,104.23999786376953,85.55000305175781,2563.7099609375,4.172999858856201,4515.77001953125,13.09000015258789,145.47300720214844,3682.840087890625,2.0,307.276,1323.033984375,1326.6554931640626,43.91979881006428
2023-09-04,1317.4599609375,104.23999786376953,85.55000305175781,2584.550048828125,4.172999858856201,4515.77001953125,13.09000015258789,146.0570068359375,3682.840087890625,2.0,307.276,1321.8039794921874,1327.3759887695312,29.869568432489018
2023-09-05,1317.949951171875,104.80999755859375,86.69000244140625,2582.179931640625,4.26800012588501,4496.830078125,14.010000228881836,146.54299926757812,3683.7900390625,2.0,307.276,1320.82998046875,1327.885986328125,23.623500842501727
2023-09-06,1331.72998046875,104.86000061035156,87.54000091552734,2563.340087890625,4.289999961853027,4465.47998046875,14.449999809265137,147.4709930419922,3654.4599609375,2.0,307.276,1322.9619873046875,1328.638983154297,38.065922694175065
2023-09-07,1333.4599609375,105.05999755859375,86.87000274658203,2548.260009765625,4.260000228881836,4451.14013671875,14.399999618530273,147.70899963378906,3582.110107421875,2.0,307.276,1325.0479736328125,1329.62998046875,43.90194151352755
2023-09-08,1334.02001953125,105.08999633789062,87.51000213623047,2547.679931640625,4.257999897003174,4457.490234375,13.84000015258789,147.33099365234375,3565.989990234375,2.0,307.276,1326.923974609375,1330.414483642578,44.46830772619638
2023-09-11,1335.3199462890625,104.56999969482422,87.29000091552734,2556.8798828125,4.288000106811523,4487.4599609375,13.800000190734863,147.11300659179688,3569.22998046875,2.0,307.276,1330.4959716796875,1330.6999816894531,45.325687611503696
2023-09-12,1320.43994140625,104.70999908447266,88.83999633789062,2536.580078125,4.263999938964844,4461.89990234375,14.229999542236328,146.67799377441406,3541.090087890625,2.0,307.276,1330.9939697265625,1329.9849792480468,34.50332739786873
2023-09-13,1324.0999755859375,104.7699966430664,88.5199966430664,2534.699951171875,4.249000072479248,4467.43994140625,13.479999542236328,147.1580047607422,3560.4599609375,2.0,307.276,1329.46796875,1329.252978515625,46.58370030574109
2023-09-14,1329.77001953125,105.41000366210938,90.16000366210938,2572.889892578125,4.288000106811523,4505.10009765625,12.819999694824219,147.3459930419922,3584.22998046875,2.0,307.276,1328.72998046875,1328.5749816894531,52.698313776091716
2023-09-15,1327.06005859375,105.31999969482422,90.7699966430664,2601.280029296875,4.322000026702881,4450.31982421875,13.789999961853027,147.48199462890625,3476.389892578125,2.0,307.276,1327.33798828125,1327.9739868164063,52.9706061032854
2023-09-18,1328.4200439453125,105.19999694824219,91.4800033569336,2574.719970703125,4.318999767303467,4453.52978515625,14.0,147.8679962158203,3492.469970703125,2.0,307.276,1325.9580078125,1327.4364868164062,54.774969815562685
2023-09-19,1329.6600341796875,105.19999694824219,91.19999694824219,2559.2099609375,4.364999771118164,4443.9501953125,14.109999656677246,147.60499572753906,3459.02001953125,2.0,307.276,1327.8020263671874,1326.9324890136718,57.388671194157105
2023-09-20,1328.530029296875,105.16000366210938,90.27999877929688,2559.739990234375,4.348999977111816,4402.2001953125,15.140000343322754,147.74200439453125,3398.81005859375,2.0,307.276,1328.688037109375,1326.374493408203,54.79929783000498
2023-09-21,1332.3399658203125,105.36000061035156,89.62999725341797,2514.969970703125,4.480000019073486,4330.0,17.540000915527344,148.3209991455078,3338.85009765625,2.0,307.276,1329.2020263671875,1326.602490234375,56.4705472032563
2023-09-22,1341.1700439453125,105.58000183105469,90.02999877929688,2508.1298828125,4.438000202178955,4320.06005859375,17.200000762939453,147.6439971923828,3365.2900390625,2.0,307.276,1332.0240234375,1327.3299926757813,69.38681401602184
2023-09-25,1334.6600341796875,106.0,89.68000030517578,2495.760009765625,4.541999816894531,4337.43994140625,16.899999618530273,148.4340057373047,3389.4599609375,2.0,307.276,1333.272021484375,1327.8824951171875,62.43864230714012
2023-09-26,1338.449951171875,106.2300033569336,90.38999938964844,2462.969970703125,4.558000087738037,4273.52978515625,18.940000534057617,148.81100463867188,3329.6201171875,2.0,307.276,1335.0300048828126,1328.663995361328,55.876161889594336
2023-09-27,1353.75,106.66999816894531,93.68000030517578,2465.070068359375,4.625999927520752,4274.509765625,18.219999313354492,149.0449981689453,3361.409912109375,2.0,307.276,1340.0739990234374,1330.297998046875,64.33925022084804
2023-09-28,1352.8199462890625,106.22000122070312,91.70999908447266,2465.070068359375,4.5970001220703125,4299.7001953125,17.34000015258789,149.4980010986328,3420.989990234375,2.0,307.276,1344.1699951171875,1331.7874938964844,63.21704727821975
2023-09-29,1347.8499755859375,106.16999816894531,90.79000091552734,2465.070068359375,4.572999954223633,4288.0498046875,17.520000457763672,149.33700561523438,3434.2900390625,2.0,307.276,1345.5059814453125,1332.9479919433593,58.37680355160932
2023-10-02,1351.93994140625,106.9000015258789,88.81999969482422,2465.070068359375,4.683000087738037,4288.39013671875,17.610000610351562,149.5399932861328,3448.85009765625,2.0,307.696,1348.961962890625,1334.6719909667968,74.609375
2023-10-03,1354.18994140625,107.0,89.2300033569336,2465.070068359375,4.802000045776367,4229.4501953125,19.780000686645508,149.8509979248047,3376.580078125,2.0,307.696,1352.1099609375,1336.4839904785156,74.03737198602792
2023-10-04,1359.219970703125,106.80000305175781,84.22000122070312,2405.68994140625,4.735000133514404,4263.75,18.579999923706055,149.19200134277344,3424.919921875,2.0,307.696,1353.203955078125,1337.8584899902344,73.76914800963164
2023-10-05,1351.1600341796875,106.33000183105469,82.30999755859375,2403.60009765625,4.7170000076293945,4258.18994140625,18.489999771118164,148.96600341796875,3406.97998046875,2.0,307.696,1352.87197265625,1338.7434936523437,67.90490476510055
2023-10-06,1346.06005859375,106.04000091552734,82.79000091552734,2408.72998046875,4.783999919891357,4308.5,17.450000762939453,148.46299743652344,3475.2099609375,2.0,307.696,1352.5139892578125,1339.3454956054688,62.41556535769702
2023-10-09,1343.3599853515625,106.08000183105469,86.37999725341797,2408.72998046875,4.796999931335449,4335.66015625,17.700000762939453,149.16000366210938,3467.35009765625,2.0,307.696,1350.797998046875,1339.7474975585938,59.4482421875
2023-10-10,1346.8900146484375,105.83000183105469,85.97000122070312,2402.580078125,4.65500020980835,4358.240234375,17.030000686645508,148.32699584960938,3512.070068359375,2.0,307.696,1349.3380126953125,1341.070001220703,62.256328015372056
2023-10-11,1341.8900146484375,105.81999969482422,83.48999786376953,2450.080078125,4.59499979019165,4376.9501953125,16.09000015258789,148.6280059814453,3537.830078125,2.0,307.696,1345.872021484375,1341.9595031738281,56.27548810421446
2023-10-12,1338.260009765625,106.56999969482422,82.91000366210938,2479.820068359375,4.711999893188477,4349.60986328125,16.690000534057617,149.03599548339844,3548.6201171875,2.0,307.696,1343.2920166015624,1342.3840026855469,47.94750065004279
2023-10-13,1348.3399658203125,106.6500015258789,87.69000244140625,2456.14990234375,4.629000186920166,4327.77978515625,19.31999969482422,149.7899932861328,3452.969970703125,2.0,307.696,1343.747998046875,1343.447998046875,59.186099125211484
2023-10-16,1352.0699462890625,106.23999786376953,86.66000366210938,2436.239990234375,4.711999893188477,4373.6298828125,17.209999084472656,149.5659942626953,3502.510009765625,2.0,307.696,1345.489990234375,1344.6304931640625,59.153219521399215
2023-10-17,1347.760009765625,106.25,86.66000366210938,2460.169921875,4.8470001220703125,4373.2001953125,17.8799991607666,149.5780029296875,3474.659912109375,2.0,307.696,1345.6639892578125,1345.5354919433594,45.2767713791789
2023-10-18,1352.989990234375,106.56999969482422,88.31999969482422,2462.60009765625,4.9039998054504395,4314.60009765625,19.219999313354492,149.75900268554688,3413.449951171875,2.0,307.696,1347.883984375,1346.7584899902345,50.12556812138192
2023-10-19,1354.56005859375,106.25,89.37000274658203,2415.800048828125,4.98799991607666,4278.0,21.399999618530273,149.74200439453125,3367.77001953125,2.0,307.696,1351.143994140625,1347.8694946289063,55.216987739808324
2023-10-20,1356.22998046875,106.16000366210938,88.75,2375.0,4.923999786376953,4224.16015625,21.709999084472656,149.802001953125,3316.139892578125,2.0,307.696,1352.7219970703125,1348.622491455078,53.465864039984055
2023-10-23,1349.3399658203125,105.54000091552734,85.48999786376953,2357.02001953125,4.8379998207092285,4217.0400390625,20.3700008392334,149.8800048828125,3298.5400390625,2.0,307.696,1352.1760009765626,1349.3564880371093,46.35504107241478
2023-10-24,1334.43994140625,106.2699966430664,83.73999786376953,2383.510009765625,4.840000152587891,4247.68017578125,18.969999313354492,149.7689971923828,3343.93994140625,2.0,307.696,1349.5119873046874,1349.155987548828,33.782682610390694
2023-10-25,1343.6400146484375,106.52999877929688,85.38999938964844,2363.169921875,4.953000068664551,4186.77001953125,20.190000534057617,149.85400390625,3205.840087890625,2.0,307.696,1347.6419921875,1348.65048828125,45.150879711842414
2023-10-26,1352.6800537109375,106.5999984741211,83.20999908447266,2299.080078125,4.84499979019165,4137.22998046875,20.68000030517578,150.09800720214844,3188.419921875,2.0,307.696,1347.2659912109375,1348.6434936523438,54.062338479516384
2023-10-27,1350.3399658203125,106.55999755859375,85.54000091552734,2302.81005859375,4.84499979019165,4117.3701171875,21.270000457763672,150.36599731445312,3227.090087890625,2.0,307.696,1346.08798828125,1348.7679931640625,54.30224999097115
2023-10-30,1355.219970703125,106.12000274658203,82.30999755859375,2310.550048828125,4.875,4166.81982421875,19.75,149.73300170898438,3185.179931640625,2.0,307.696,1347.2639892578125,1348.9319946289063,55.050289004507135
2023-10-31,1348.0699462890625,106.66000366210938,81.0199966430664,2277.989990234375,4.875,4193.7998046875,18.139999389648438,149.11099243164062,3215.889892578125,2.0,307.696,1349.989990234375,1348.625994873047,53.65157355368086
2023-11-01,1350.1600341796875,106.87999725341797,80.44000244140625,2301.56005859375,4.789000034332275,4237.85986328125,16.8700008392334,151.29400634765625,3290.949951171875,2.0,308.148,1351.293994140625,1348.172998046875,57.161769221840366
2023-11-02,1347.8399658203125,106.12000274658203,82.45999908447266,2343.1201171875,4.669000148773193,4317.77978515625,15.65999984741211,150.5749969482422,3368.5400390625,2.0,308.148,1350.3259765625,1348.0069946289063,49.668084223628256
2023-11-03,1333.6800537109375,105.0199966430664,80.51000213623047,2368.340087890625,4.558000087738037,4358.33984375,14.90999984741211,150.4969940185547,3454.570068359375,2.0,308.148,1346.993994140625,1347.3879943847655,39.27706109619541
2023-11-06,1307.8399658203125,105.22000122070312,80.81999969482422,2502.3701171875,4.6620001792907715,4365.97998046875,14.890000343322754,149.44900512695312,3444.889892578125,2.0,308.148,1337.5179931640625,1345.611993408203,31.394529841006502
2023-11-07,1297.1099853515625,105.54000091552734,77.37000274658203,2443.9599609375,4.571000099182129,4378.3798828125,14.8100004196167,149.98899841308594,3471.4599609375,2.0,308.148,1327.3260009765625,1343.1229919433595,25.226188633581458
2023-11-08,1304.550048828125,105.58999633789062,75.33000183105469,2421.6201171875,4.5229997634887695,4382.77978515625,14.449999809265137,150.39599609375,3472.669921875,2.0,308.148,1318.20400390625,1341.2559936523437,28.925476139524932
2023-11-09,1308.1199951171875,105.91000366210938,75.73999786376953,2427.080078125,4.630000114440918,4347.35009765625,15.289999961853027,150.86399841308594,3452.340087890625,2.0,308.148,1310.260009765625,1339.7489929199219,30.045698998226925
2023-11-10,1315.199951171875,105.86000061035156,77.16999816894531,2409.659912109375,4.627999782562256,4415.240234375,14.170000076293945,151.3489990234375,3591.739990234375,2.0,308.148,1306.5639892578124,1338.0919921875,35.8622188746392
2023-11-13,1319.6199951171875,105.66000366210938,78.26000213623047,2403.760009765625,4.631999969482422,4411.5498046875,14.760000228881836,151.468994140625,3556.75,2.0,308.148,1308.9199951171875,1336.4694946289062,43.279568404422676
2023-11-14,1319.0699462890625,104.11000061035156,78.26000213623047,2433.25,4.440999984741211,4495.7001953125,14.15999984741211,151.64599609375,3685.570068359375,2.0,308.148,1313.3119873046876,1335.0349914550782,37.909662755048096
2023-11-15,1304.239990234375,104.38999938964844,76.66000366210938,2486.669921875,4.534999847412109,4502.8798828125,14.180000305175781,150.48500061035156,3712.090087890625,2.0,308.148,1313.2499755859376,1332.5974914550782,27.448816409664204
2023-11-16,1301.8599853515625,104.37000274658203,72.9000015258789,2488.179931640625,4.445000171661377,4508.240234375,14.319999694824219,151.21499633789062,3724.10009765625,2.0,308.148,1311.9979736328125,1329.9624877929687,27.438618417315226
2023-11-17,1292.449951171875,103.81999969482422,75.88999938964844,2469.85009765625,4.440999984741211,4514.02001953125,13.800000190734863,150.7050018310547,3748.64990234375,2.0,308.148,1307.4479736328126,1326.773486328125,21.97021564223884
2023-11-20,1294.5,103.47000122070312,77.5999984741211,2491.199951171875,4.421999931335449,4547.3798828125,13.40999984741211,149.94200134277344,3805.81005859375,2.0,308.148,1302.423974609375,1324.0314880371093,24.936920390048442
2023-11-21,1288.1500244140625,103.58999633789062,77.7699966430664,2510.419921875,4.418000221252441,4538.18994140625,13.350000381469727,148.36199951171875,3732.7900390625,2.0,308.148,1296.239990234375,1321.7169921875,22.100270437115128
2023-11-22,1295.18994140625,103.91999816894531,77.0999984741211,2511.699951171875,4.415999889373779,4556.6201171875,12.850000381469727,148.15199279785156,3744.9599609375,2.0,308.148,1294.42998046875,1319.2944885253905,27.276635515988204
2023-11-23,1298.7900390625,103.91999816894531,77.0999984741211,2514.9599609375,4.415999889373779,4556.6201171875,12.850000381469727,149.4600067138672,3744.9599609375,2.0,308.148,1293.8159912109375,1316.5999877929687,33.431493373617585
2023-11-24,1300.1800537109375,103.4000015258789,75.54000091552734,2496.6298828125,4.4720001220703125,4559.33984375,12.460000038146973,149.63499450683594,3747.929931640625,2.0,308.148,1295.36201171875,1314.0919921875,45.26230592442038
2023-11-27,1289.7900390625,103.19999694824219,74.86000061035156,2495.659912109375,4.388999938964844,4550.43017578125,12.6899995803833,149.5709991455078,3739.31005859375,2.0,308.148,1294.42001953125,1310.8204956054688,45.45345640428413
2023-11-28,1302.530029296875,102.75,76.41000366210938,2521.760009765625,4.335999965667725,4554.89013671875,12.6899995803833,148.45199584960938,3718.35009765625,2.0,308.148,1297.2960205078125,1308.5434997558593,48.822833110913194
2023-11-29,1287.530029296875,102.7699966430664,77.86000061035156,2519.81005859375,4.270999908447266,4550.580078125,12.979999542236328,147.06300354003906,3753.360107421875,2.0,308.148,1295.7640380859375,1305.4119995117187,39.41173294965907
2023-11-30,1288.3599853515625,103.5,75.95999908447266,2535.2900390625,4.3520002365112305,4567.7998046875,12.920000076293945,147.03900146484375,3724.580078125,2.0,308.148,1293.67802734375,1302.4380004882812,35.24954079448926
2023-12-01,1296.6600341796875,103.2699966430664,74.06999969482422,2505.010009765625,4.22599983215332,4594.6298828125,12.630000114440918,147.99899291992188,3738.27001953125,2.0,308.741,1292.9740234375,1300.5869995117187,37.89798917505476
2023-12-04,1299.18994140625,103.63999938964844,73.04000091552734,2514.949951171875,4.288000106811523,4569.77978515625,13.079999923706055,146.39300537109375,3693.43994140625,2.0,308.741,1294.85400390625,1300.1544982910157,39.73564028321734
2023-12-05,1307.800048828125,104.05000305175781,72.31999969482422,2494.280029296875,4.171000003814697,4567.18017578125,12.850000381469727,147.32699584960938,3672.39990234375,2.0,308.741,1295.9080078125,1300.6890014648438,51.96427609246188
2023-12-06,1313.3699951171875,104.1500015258789,69.37999725341797,2495.3798828125,4.120999813079834,4549.33984375,12.970000267028809,147.18499755859375,3645.820068359375,2.0,308.741,1301.0760009765625,1301.1299987792968,56.13474180603051
2023-12-07,1313.719970703125,103.54000091552734,69.33999633789062,2492.070068359375,4.129000186920166,4585.58984375,13.0600004196167,147.1840057373047,3747.5400390625,2.0,308.741,1306.147998046875,1301.4099975585937,62.548684089233035
2023-12-08,1312.760009765625,104.01000213623047,71.2300033569336,2517.85009765625,4.244999885559082,4604.3701171875,12.350000381469727,144.2779998779297,3774.169921875,2.0,308.741,1309.3679931640625,1301.2880004882813,60.913237478514375
2023-12-11,1316.510009765625,104.0999984741211,71.31999969482422,2525.360107421875,4.238999843597412,4622.43994140625,12.630000114440918,144.98300170898438,3902.389892578125,2.0,308.741,1312.8320068359376,1301.132501220703,67.49321956560043
2023-12-12,1313.6199951171875,103.87000274658203,68.61000061035156,2535.27001953125,4.205999851226807,4643.7001953125,12.069999694824219,146.0850067138672,3930.179931640625,2.0,308.741,1313.99599609375,1300.8600036621094,61.981566454566085
2023-12-13,1310.1400146484375,102.87000274658203,69.47000122070312,2510.659912109375,4.0329999923706055,4707.08984375,12.1899995803833,145.27999877929688,3990.949951171875,2.0,308.741,1313.35,1301.1550048828126,57.390277285422926
2023-12-14,1292.010009765625,101.95999908447266,71.58000183105469,2544.179931640625,3.930000066757202,4719.5498046875,12.479999542236328,142.7729949951172,4097.47021484375,2.0,308.741,1309.0080078125,1300.6625061035156,45.63238958126957
2023-12-15,1291.9200439453125,102.55000305175781,71.43000030517578,2563.56005859375,3.927999973297119,4719.18994140625,12.279999732971191,142.2790069580078,4117.0,2.0,308.741,1304.8400146484375,1300.6360107421874,51.27959179782317
2023-12-18,1276.469970703125,102.51000213623047,72.47000122070312,2566.860107421875,3.9539999961853027,4740.56005859375,12.5600004196167,142.31300354003906,4103.7900390625,2.0,308.741,1296.8320068359376,1299.7345092773437,34.83821482344251
2023-12-19,1302.9300537109375,102.16999816894531,73.44000244140625,2568.550048828125,3.921999931335449,4768.3701171875,12.529999732971191,142.7220001220703,4125.56005859375,2.0,308.741,1294.6940185546875,1300.4735107421875,57.905554699141874
2023-12-20,1297.760009765625,102.41000366210938,74.22000122070312,2614.300048828125,3.877000093460083,4698.35009765625,13.670000076293945,143.88900756835938,4007.659912109375,2.0,308.741,1292.218017578125,1300.6020141601562,54.61962553467194
2023-12-21,1296.97998046875,101.83999633789062,73.88999938964844,2600.02001953125,3.8940000534057617,4746.75,13.649999618530273,143.5229949951172,4118.58984375,2.0,308.741,1293.21201171875,1300.5115112304688,50.16978665571464
2023-12-22,1291.7099609375,101.69999694824219,73.55999755859375,2599.510009765625,3.9010000228881836,4754.6298828125,13.029999732971191,142.07000732421875,4132.85009765625,2.0,308.741,1293.1699951171875,1300.0880065917968,46.14275750411055
2023-12-25,1297.3599853515625,101.69999694824219,73.55999755859375,2599.510009765625,3.9010000228881836,4754.6298828125,13.029999732971191,142.3419952392578,4132.85009765625,2.0,308.741,1297.347998046875,1300.46650390625,44.446781958031245
2023-12-26,1294.5799560546875,101.47000122070312,75.56999969482422,2602.590087890625,3.885999917984009,4774.75,12.989999771118164,142.22999572753906,4207.4501953125,2.0,308.741,1295.677978515625,1300.0690002441406,39.699596088833694
2023-12-27,1293.9200439453125,100.98999786376953,74.11000061035156,2613.5,3.7890000343322754,4781.580078125,12.430000305175781,142.46099853515625,4214.58984375,2.0,308.741,1294.9099853515625,1300.3885009765625,39.18274905866488
2023-12-28,1294.760009765625,101.2300033569336,71.7699966430664,2655.280029296875,3.8499999046325684,4783.35009765625,12.470000267028809,141.3990020751953,4208.68017578125,2.0,308.741,1294.4659912109375,1300.7085021972657,40.15318864774625
2023-12-29,1277.8399658203125,101.33000183105469,71.6500015258789,2655.280029296875,3.865999937057495,4769.830078125,12.449999809265137,141.42999267578125,4175.47021484375,2.0,308.741,1291.6919921875,1299.7674987792968,31.510005965173193
2024-01-01,1293.530029296875,101.33000183105469,71.6500015258789,2655.280029296875,3.865999937057495,4769.830078125,12.449999809265137,140.95199584960938,4175.47021484375,2.0,309.698,1290.9260009765626,1299.4845031738282,41.44162696295464
2024-01-02,1293.5400390625,102.19999694824219,70.37999725341797,2669.81005859375,3.946000099182129,4742.830078125,13.199999809265137,141.12600708007812,4023.0400390625,2.0,309.698,1290.718017578125,1298.771502685547,42.71293395679429
2024-01-03,1307.6199951171875,102.45999908447266,72.69999694824219,2607.31005859375,3.9070000648498535,4704.81005859375,14.039999961853027,142.15499877929688,3941.2099609375,2.0,309.698,1293.4580078125,1298.4840026855468,57.10512249789698
2024-01-04,1309.530029296875,102.41999816894531,72.19000244140625,2587.02001953125,3.990999937057495,4688.68017578125,14.130000114440918,142.99899291992188,3908.85009765625,2.0,309.698,1296.41201171875,1298.2745056152344,57.88481235850779
2024-01-05,1311.25,102.41000366210938,73.80999755859375,2578.080078125,4.041999816894531,4697.240234375,13.350000381469727,144.76499938964844,3933.489990234375,2.0,309.698,1303.0940185546874,1298.1990051269531,67.7557501564202
2024-01-08,1313.1300048828125,102.20999908447266,70.7699966430664,2567.820068359375,4.001999855041504,4763.5400390625,13.079999923706055,144.71600341796875,4062.47998046875,2.0,309.698,1307.014013671875,1298.0300048828126,56.95197398854511
2024-01-09,1311.800048828125,102.56999969482422,72.23999786376953,2561.239990234375,4.019000053405762,4756.5,12.760000228881836,144.22999572753906,4064.64990234375,2.0,309.698,1310.666015625,1297.9390075683593,60.097838836328904
2024-01-10,1319.7900390625,102.36000061035156,71.37000274658203,2541.97998046875,4.03000020980835,4783.4501953125,12.6899995803833,144.42799377441406,4048.840087890625,2.0,309.698,1313.1000244140625,1298.4215087890625,64.86385012377261
2024-01-11,1317.5,102.29000091552734,72.0199966430664,2540.27001953125,3.9769999980926514,4780.240234375,12.4399995803833,145.73399353027344,4067.89990234375,2.0,309.698,1314.6940185546875,1299.6960083007812,67.48477224576271
2024-01-12,1311.989990234375,102.4000015258789,72.68000030517578,2525.050048828125,3.950000047683716,4783.830078125,12.699999809265137,145.04600524902344,4052.429931640625,2.0,309.698,1314.8420166015626,1300.6995056152343,59.93751378494328
2024-01-15,1312.8499755859375,102.4000015258789,72.68000030517578,2525.989990234375,3.950000047683716,4783.830078125,12.699999809265137,145.1490020751953,4052.429931640625,2.0,309.698,1314.7860107421875,1302.518505859375,62.74238698823738
2024-01-16,1319.7099609375,103.36000061035156,72.4000015258789,2497.590087890625,4.065999984741211,4765.97998046875,13.84000015258789,145.79400634765625,4105.93994140625,2.0,309.698,1316.3679931640625,1303.3575012207032,66.55534224033225
2024-01-17,1337.7900390625,103.44999694824219,72.55999755859375,2435.89990234375,4.105999946594238,4739.2099609375,14.789999961853027,147.24600219726562,4069.949951171875,2.0,309.698,1319.9679931640626,1305.3590026855468,72.61640485252263
2024-01-18,1344.050048828125,103.54000091552734,74.08000183105469,2440.0400390625,4.144000053405762,4780.93994140625,14.130000114440918,148.1179962158203,4206.52001953125,2.0,309.698,1325.2780029296875,1307.7125061035156,89.1914350001951
2024-01-19,1337.6600341796875,103.29000091552734,73.41000366210938,2472.739990234375,4.145999908447266,4839.81005859375,13.300000190734863,148.1280059814453,4375.64990234375,2.0,309.698,1330.41201171875,1310.010009765625,79.35345156570472
2024-01-22,1333.2099609375,103.33000183105469,75.19000244140625,2464.35009765625,4.093999862670898,4850.43017578125,13.1899995803833,148.12100219726562,4386.60009765625,2.0,309.698,1334.4840087890625,1311.802508544922,74.9151289702315
2024-01-23,1338.739990234375,103.62000274658203,74.37000274658203,2478.610107421875,4.142000198364258,4864.60009765625,12.550000190734863,148.14199829101562,4415.259765625,2.0,309.698,1338.2900146484376,1314.0105102539062,71.89692935366115
2024-01-24,1336.780029296875,103.23999786376953,75.08999633789062,2469.68994140625,4.177999973297119,4868.5498046875,13.140000343322754,148.25100708007812,4483.330078125,2.0,309.698,1338.0880126953125,1316.1535095214845,69.16042668754099
2024-01-25,1329.8900146484375,103.56999969482422,77.36000061035156,2470.340087890625,4.131999969482422,4894.16015625,13.449999809265137,147.59100341796875,4472.259765625,2.0,309.698,1335.256005859375,1317.910009765625,62.21812903773002
2024-01-26,1336.030029296875,103.47000122070312,78.01000213623047,2478.56005859375,4.159999847412109,4890.97021484375,13.260000228881836,147.72300720214844,4342.10009765625,2.0,309.698,1334.9300048828125,1320.819512939453,64.21652508013975
2024-01-29,1336.760009765625,103.61000061035156,76.77999877929688,2500.64990234375,4.091000080108643,4927.93017578125,13.600000381469727,148.13999938964844,4388.27001953125,2.0,309.698,1335.6400146484375,1322.9810119628905,65.61164811336602
2024-01-30,1333.2099609375,103.4000015258789,77.81999969482422,2498.81005859375,4.059000015258789,4924.97021484375,13.3100004196167,147.46800231933594,4319.990234375,2.0,309.698,1334.5340087890625,1324.9645080566406,58.887336741590104
2024-01-31,1326.6199951171875,103.2699966430664,75.8499984741211,2497.090087890625,3.9670000076293945,4845.64990234375,14.350000381469727,147.36900329589844,4260.919921875,2.0,309.698,1332.502001953125,1325.9145080566407,55.71427041728683
2024-02-01,1333.9100341796875,103.05000305175781,73.81999969482422,2542.4599609375,3.86299991607666,4906.18994140625,13.880000114440918,146.99600219726562,4280.47998046875,2.0,310.967,1333.306005859375,1327.1335083007812,63.43465932470953
2024-02-02,1328.949951171875,103.91999816894531,72.27999877929688,2615.31005859375,4.0329999923706055,4958.60986328125,13.850000381469727,146.4510040283203,4336.72998046875,2.0,310.967,1331.889990234375,1328.018505859375,59.39537792797478
2024-02-05,1337.72998046875,104.44999694824219,72.77999877929688,2591.31005859375,4.164000034332275,4942.81005859375,13.670000076293945,148.50100708007812,4388.10009765625,2.0,310.967,1332.083984375,1329.2485046386719,60.28535914450784
2024-02-06,1333.3900146484375,104.18000030517578,73.30999755859375,2576.199951171875,4.090000152587891,4954.22998046875,13.0600004196167,148.63999938964844,4338.27001953125,2.0,310.967,1332.1199951171875,1330.3280029296875,47.02138455003859
2024-02-07,1326.7900390625,104.04000091552734,73.86000061035156,2609.580078125,4.110000133514404,4995.06005859375,12.829999923706055,147.8179931640625,4408.72998046875,2.0,310.967,1332.15400390625,1330.6780029296874,38.369296271436276
2024-02-08,1327.6199951171875,104.1500015258789,76.22000122070312,2620.320068359375,4.170000076293945,4997.91015625,12.789999961853027,148.08599853515625,4478.009765625,2.0,310.967,1330.89599609375,1331.1840026855468,42.686466299128575
2024-02-09,1331.469970703125,104.08000183105469,76.83999633789062,2620.320068359375,4.186999797821045,5026.60986328125,12.930000305175781,149.25900268554688,4567.2998046875,2.0,310.967,1331.4,1332.1580017089843,48.72134829848004
2024-02-12,1330.06005859375,104.16999816894531,76.91999816894531,2620.320068359375,4.171999931335449,5021.83984375,13.930000305175781,149.16700744628906,4560.0400390625,2.0,310.967,1329.866015625,1333.018505859375,43.210308002566684
2024-02-13,1328.5,104.95999908447266,77.87000274658203,2649.639892578125,4.315999984741211,4953.169921875,15.850000381469727,149.40499877929688,4468.18017578125,2.0,310.967,1328.8880126953125,1333.4580078125,43.48234670110463
2024-02-14,1340.7900390625,104.72000122070312,76.63999938964844,2620.419921875,4.267000198364258,5000.6201171875,14.380000114440918,150.7239990234375,4565.41015625,2.0,310.967,1331.6880126953124,1333.6080078125,57.90773176429747
2024-02-15,1326.0,104.30000305175781,78.02999877929688,2613.800048828125,4.239999771118164,5029.72998046875,14.010000228881836,150.54400634765625,4558.10009765625,2.0,310.967,1331.364013671875,1332.7055053710938,43.53485854208172
2024-02-16,1327.6600341796875,104.27999877929688,79.19000244140625,2648.760009765625,4.295000076293945,5005.56982421875,14.239999771118164,149.9459991455078,4527.68017578125,2.0,310.967,1330.6020263671876,1332.2055053710938,44.20384621963603
2024-02-19,1331.5799560546875,104.27999877929688,79.19000244140625,2680.260009765625,4.295000076293945,5005.56982421875,14.239999771118164,150.09100341796875,4527.68017578125,2.0,310.967,1330.906005859375,1332.124005126953,48.96665082811874
2024-02-20,1333.3399658203125,104.08000183105469,78.18000030517578,2657.7900390625,4.275000095367432,4975.509765625,15.420000076293945,150.27000427246094,4456.8701171875,2.0,310.967,1331.8739990234376,1331.85400390625,54.53806534154609
2024-02-21,1333.75,104.01000213623047,77.91000366210938,2653.31005859375,4.324999809265137,4981.7998046875,15.34000015258789,149.93899536132812,4446.35986328125,2.0,310.967,1330.4659912109375,1331.7025024414063,49.880856091243686
2024-02-22,1332.8699951171875,103.95999908447266,78.61000061035156,2664.27001953125,4.327000141143799,5087.02978515625,14.539999961853027,150.35499572753906,4667.3701171875,2.0,310.967,1331.839990234375,1331.8515014648438,53.107202501785196
2024-02-23,1327.1700439453125,103.94000244140625,76.48999786376953,2667.699951171875,4.260000228881836,5088.7998046875,13.75,150.48300170898438,4615.02978515625,2.0,310.967,1331.7419921875,1331.4085021972655,41.20003499356078
2024-02-26,1330.0,103.83000183105469,77.58000183105469,2647.080078125,4.298999786376953,5069.52978515625,13.739999771118164,150.4980010986328,4663.47021484375,2.0,310.967,1331.4260009765626,1331.0705017089845,47.10204967557065
2024-02-27,1331.719970703125,103.83000183105469,78.87000274658203,2625.050048828125,4.315000057220459,5078.18017578125,13.430000305175781,150.5659942626953,4654.89013671875,2.0,310.967,1331.102001953125,1330.9960021972656,54.59797072673121
2024-02-28,1331.7900390625,103.9800033569336,78.54000091552734,2652.2900390625,4.27400016784668,5069.759765625,13.84000015258789,150.4949951171875,4602.60009765625,2.0,310.967,1330.710009765625,1331.2545043945313,53.945171117942834
2024-02-29,1333.3800048828125,104.16000366210938,78.26000213623047,2642.360107421875,4.251999855041504,5096.27001953125,13.399999618530273,150.656005859375,4726.919921875,2.0,310.967,1330.81201171875,1331.2280029296876,51.887759903289556
2024-03-01,1335.199951171875,103.86000061035156,79.97000122070312,2642.360107421875,4.179999828338623,5137.080078125,13.109999656677246,150.09500122070312,4929.580078125,2.0,312.345,1332.4179931640624,1331.5405029296876,55.03911037071079
2024-03-04,1330.9000244140625,103.83000183105469,78.73999786376953,2674.27001953125,4.218999862670898,5130.9501953125,13.489999771118164,150.10499572753906,4981.97021484375,2.0,312.345,1332.597998046875,1331.1990051269531,52.233001769501435
2024-03-05,1328.93994140625,103.80000305175781,78.1500015258789,2649.39990234375,4.13700008392334,5078.64990234375,14.460000038146973,150.46600341796875,4879.830078125,2.0,312.345,1332.0419921875,1330.9765014648438,36.35093106570608
2024-03-06,1333.4300537109375,103.37000274658203,79.12999725341797,2641.489990234375,4.104000091552734,5104.759765625,14.5,150.0489959716797,4997.93017578125,2.0,312.345,1332.3699951171875,1331.3085021972656,61.22026124754367
2024-03-07,1327.0899658203125,102.81999969482422,78.93000030517578,2647.6201171875,4.0920000076293945,5157.35986328125,14.4399995803833,149.2689971923828,5165.830078125,2.0,312.345,1331.1119873046875,1331.282000732422,49.245742564023054
2024-03-08,1321.1800537109375,102.73999786376953,78.01000213623047,2680.35009765625,4.089000225067139,5123.68994140625,14.739999771118164,147.8679962158203,4957.77978515625,2.0,312.345,1328.3080078125,1330.7675048828125,36.92823694756934
2024-03-11,1315.97998046875,102.87000274658203,77.93000030517578,2659.840087890625,4.104000091552734,5117.93994140625,15.220000267028809,146.7740020751953,4890.2001953125,2.0,312.345,1325.3239990234374,1330.0635009765624,29.91676528488189
2024-03-12,1310.5400390625,102.95999908447266,77.55999755859375,2681.81005859375,4.15500020980835,5175.27001953125,13.84000015258789,146.73199462890625,4992.509765625,2.0,312.345,1321.6440185546876,1329.1655029296876,25.94822700777202
2024-03-13,1311.1500244140625,102.79000091552734,79.72000122070312,2693.570068359375,4.191999912261963,5165.31005859375,13.75,147.61900329589844,4868.9501953125,2.0,312.345,1317.1880126953124,1327.6835021972656,27.36559030357307
2024-03-14,1313.6500244140625,103.36000061035156,81.26000213623047,2718.760009765625,4.297999858856201,5150.47998046875,14.399999618530273,147.62100219726562,4783.64990234375,2.0,312.345,1314.5000244140624,1327.0660034179687,34.90396305726233
2024-03-15,1321.9200439453125,103.43000030517578,81.04000091552734,2666.840087890625,4.303999900817871,5117.08984375,14.40999984741211,148.29600524902344,4757.7099609375,2.0,312.345,1314.6480224609375,1326.77900390625,41.95545487028534
2024-03-18,1329.3399658203125,103.58000183105469,82.72000122070312,2685.840087890625,4.340000152587891,5149.419921875,14.329999923706055,148.9550018310547,4757.60009765625,2.0,312.345,1317.32001953125,1326.6670043945312,47.87195724922888
2024-03-19,1336.0899658203125,103.80999755859375,83.47000122070312,2656.169921875,4.296999931335449,5178.509765625,13.819999694824219,149.1439971923828,4712.81005859375,2.0,312.345,1322.4300048828125,1326.8045043945312,53.43444763162051
2024-03-20,1337.02001953125,103.41000366210938,81.68000030517578,2690.139892578125,4.2729997634887695,5224.6201171875,13.039999961853027,151.03500366210938,4788.18017578125,2.0,312.345,1327.60400390625,1326.9680053710938,52.93833622709705
2024-03-21,1330.1099853515625,104.0,81.06999969482422,2754.860107421875,4.270999908447266,5241.52978515625,12.920000076293945,150.75999450683594,4897.8798828125,2.0,312.345,1330.89599609375,1326.8300048828125,46.20322667001754
2024-03-22,1334.6800537109375,104.43000030517578,80.62999725341797,2748.56005859375,4.2179999351501465,5234.18017578125,13.0600004196167,151.63299560546875,4908.259765625,2.0,312.345,1333.447998046875,1327.2055053710938,52.8083304916891
2024-03-25,1343.5999755859375,104.2300033569336,81.94999694824219,2737.570068359375,4.252999782562256,5218.18994140625,13.1899995803833,151.30499267578125,4891.490234375,2.0,312.345,1336.3,1327.8855041503907,59.87072997128246
2024-03-26,1339.1300048828125,104.29000091552734,81.62000274658203,2757.090087890625,4.234000205993652,5203.580078125,13.239999771118164,151.3730010986328,4851.8798828125,2.0,312.345,1336.9080078125,1328.256005859375,53.8388684817174
2024-03-27,1343.06005859375,104.3499984741211,81.3499984741211,2755.110107421875,4.196000099182129,5248.490234375,12.779999732971191,151.52999877929688,4899.9501953125,2.0,312.345,1338.116015625,1328.8195068359375,61.11659650834167
2024-03-28,1349.800048828125,104.55000305175781,83.16999816894531,2745.820068359375,4.205999851226807,5254.35009765625,13.010000228881836,151.28700256347656,4905.2099609375,2.0,312.345,1342.0540283203125,1329.6405090332032,69.69445475790071
2024-03-29,1349.800048828125,104.55000305175781,83.16999816894531,2746.6298828125,4.205999851226807,5254.35009765625,13.010000228881836,151.44000244140625,4905.2099609375,2.0,312.345,1345.07802734375,1330.3705139160156,75.06677137769799
2024-04-01,1345.31005859375,105.0199966430664,83.70999908447266,2747.860107421875,4.328999996185303,5243.77001953125,13.649999618530273,151.3979949951172,4962.10009765625,2.0,313.023,1345.4200439453125,1331.091015625,76.13893732219877
2024-04-02,1355.530029296875,104.81999969482422,85.1500015258789,2753.159912109375,4.364999771118164,5205.81005859375,14.609999656677246,151.58099365234375,4886.93994140625,2.0,313.023,1348.700048828125,1332.4205200195313,79.1513450667522
2024-04-03,1350.72998046875,104.25,85.43000030517578,2706.969970703125,4.355000019073486,5211.490234375,14.329999923706055,151.5399932861328,4903.5,2.0,313.023,1350.234033203125,1333.2855163574218,73.64188681183717
2024-04-04,1344.8399658203125,104.12000274658203,86.58999633789062,2742.0,4.309000015258789,5147.2099609375,16.350000381469727,151.58099365234375,4756.06982421875,2.0,313.023,1349.2420166015625,1334.1730163574218,65.07095614204071
2024-04-05,1351.3599853515625,104.30000305175781,86.91000366210938,2714.2099609375,4.377999782562256,5204.33984375,16.030000686645508,151.29200744628906,4819.1298828125,2.0,313.023,1349.55400390625,1335.6820129394532,64.6526347254804
2024-04-08,1350.27001953125,104.13999938964844,86.43000030517578,2717.64990234375,4.423999786376953,5202.39013671875,15.1899995803833,151.69000244140625,4825.39013671875,2.0,313.023,1350.54599609375,1337.3965148925781,60.20439895217866
2024-04-09,1354.219970703125,104.1500015258789,85.2300033569336,2705.159912109375,4.366000175476074,5209.91015625,14.979999542236328,151.84300231933594,4870.81005859375,2.0,313.023,1350.283984375,1339.5805114746095,61.86203529094828
2024-04-10,1348.5400390625,105.25,86.20999908447266,2705.159912109375,4.559999942779541,5160.64013671875,15.800000190734863,151.77699279785156,4790.35009765625,2.0,313.023,1349.84599609375,1341.4500122070312,62.929760226636276
2024-04-11,1363.760009765625,105.27999877929688,85.0199966430664,2706.9599609375,4.576000213623047,5199.06005859375,14.90999984741211,152.96400451660156,4906.3701171875,2.0,313.023,1353.6300048828125,1343.9555114746095,67.74903999034402
2024-04-12,1367.8399658203125,106.04000091552734,85.66000366210938,2681.820068359375,4.499000072479248,5123.41015625,17.309999465942383,153.19200134277344,4745.0498046875,2.0,313.023,1356.9260009765626,1346.2515075683593,65.72395072833754
2024-04-15,1379.6099853515625,106.20999908447266,85.41000366210938,2670.429931640625,4.627999782562256,5061.81982421875,19.229999542236328,153.2830047607422,4679.10009765625,2.0,313.023,1362.793994140625,1348.7650085449218,73.98674845205717
2024-04-16,1387.6700439453125,106.26000213623047,85.36000061035156,2609.6298828125,4.658999919891357,5051.41015625,18.399999618530273,154.20599365234375,4720.52978515625,2.0,313.023,1369.4840087890625,1351.344012451172,75.20056601197396
2024-04-17,1387.3399658203125,105.94999694824219,82.69000244140625,2584.179931640625,4.585000038146973,5022.2099609375,18.209999084472656,154.697998046875,4567.31005859375,2.0,313.023,1377.243994140625,1353.860009765625,72.86231921767923
2024-04-18,1379.5400390625,106.1500015258789,82.7300033569336,2634.699951171875,4.646999835968018,5011.1201171875,18.0,154.3419952392578,4491.7099609375,2.0,313.023,1380.4,1356.3315124511719,66.54061320370421
2024-04-19,1379.4000244140625,106.1500015258789,83.13999938964844,2591.860107421875,4.614999771118164,4967.22998046875,18.709999084472656,154.61000061035156,4306.8701171875,2.0,313.023,1382.71201171875,1358.5675109863282,69.92401812149966
2024-04-22,1373.9300537109375,106.08000183105469,82.8499984741211,2629.43994140625,4.623000144958496,5010.60009765625,16.940000534057617,154.63999938964844,4381.919921875,2.0,313.023,1381.576025390625,1360.0840148925781,61.38616404270652
2024-04-23,1378.8399658203125,105.69000244140625,83.36000061035156,2623.02001953125,4.5980000495910645,5070.5498046875,15.6899995803833,154.81300354003906,4478.7998046875,2.0,313.023,1379.810009765625,1362.069512939453,67.37118915893322
2024-04-24,1370.47998046875,105.86000061035156,82.80999755859375,2675.75,4.6519999504089355,5071.6298828125,15.970000267028809,154.74400329589844,4526.2001953125,2.0,313.023,1376.4380126953124,1363.4405090332032,65.37544268549601
2024-04-25,1376.969970703125,105.5999984741211,83.56999969482422,2628.6201171875,4.705999851226807,5048.419921875,15.369999885559082,155.25900268554688,4615.0400390625,2.0,313.023,1375.9239990234375,1364.799005126953,65.36296812687738
2024-04-26,1371.699951171875,105.94000244140625,83.8499984741211,2656.330078125,4.669000148773193,5099.9599609375,15.029999732971191,155.5970001220703,4735.2900390625,2.0,313.023,1374.383984375,1365.8940002441407,62.241508191965906
2024-04-29,1377.0899658203125,105.58000183105469,82.62999725341797,2687.43994140625,4.613999843597412,5116.169921875,14.670000076293945,158.2239990234375,4765.7900390625,2.0,313.023,1375.015966796875,1367.4829956054687,62.852666082177045
2024-04-30,1374.6400146484375,106.22000122070312,81.93000030517578,2692.06005859375,4.685999870300293,5035.68994140625,15.649999618530273,156.31399536132812,4673.2998046875,2.0,313.023,1374.1759765625,1368.438494873047,65.22044303590216
2024-05-01,1385.4599609375,105.76000213623047,79.0,2692.06005859375,4.59499979019165,5018.39013671875,15.390000343322754,157.7220001220703,4507.68017578125,2.0,313.175,1377.17197265625,1370.1749938964845,63.3390661768237
2024-05-02,1375.0,105.30000305175781,78.94999694824219,2683.64990234375,4.571000099182129,5064.2001953125,14.680000305175781,155.70399475097656,4605.35009765625,2.0,313.175,1376.777978515625,1371.6829956054687,54.08119387532163
2024-05-03,1364.6400146484375,105.02999877929688,78.11000061035156,2676.6298828125,4.5,5127.7900390625,13.489999771118164,153.0449981689453,4716.18994140625,2.0,313.175,1375.3659912109374,1372.3469970703125,41.32777031327347
2024-05-06,1355.050048828125,105.05000305175781,78.4800033569336,2676.6298828125,4.488999843597412,5180.740234375,13.489999771118164,153.5659942626953,4820.4501953125,2.0,313.175,1370.9580078125,1372.5859985351562,31.432093309597363
2024-05-07,1352.1700439453125,105.41000366210938,78.37999725341797,2734.360107421875,4.4629998207092285,5187.7001953125,13.229999542236328,154.23699951171875,4784.8798828125,2.0,313.175,1366.464013671875,1372.4835021972656,30.54538186454046
2024-05-08,1357.72998046875,105.55000305175781,78.98999786376953,2745.050048828125,4.492000102996826,5187.669921875,13.0,154.7480010986328,4790.3798828125,2.0,313.175,1360.918017578125,1372.9429992675782,37.62896020340053
2024-05-09,1361.93994140625,105.2300033569336,79.26000213623047,2712.139892578125,4.448999881744385,5214.080078125,12.6899995803833,155.41900634765625,4759.77001953125,2.0,313.175,1358.306005859375,1372.8519958496095,40.533421226453186
2024-05-10,1365.4000244140625,105.30999755859375,78.26000213623047,2727.6298828125,4.504000186920166,5222.68017578125,12.550000190734863,155.38900756835938,4808.02978515625,2.0,313.175,1358.4580078125,1372.729998779297,45.27211169718998
2024-05-13,1370.1099853515625,105.22000122070312,79.12000274658203,2727.2099609375,4.480999946594238,5221.419921875,13.600000381469727,155.8179931640625,4823.08984375,2.0,313.175,1361.4699951171874,1372.2549987792968,45.150537051101225
2024-05-14,1363.7900390625,105.01000213623047,78.0199966430664,2730.340087890625,4.445000171661377,5246.68017578125,13.420000076293945,156.23300170898438,4903.93017578125,2.0,313.175,1363.793994140625,1371.0609985351562,46.19758883671363
2024-05-15,1362.550048828125,104.3499984741211,78.62999725341797,2730.340087890625,4.355999946594238,5308.14990234375,12.449999809265137,156.4980010986328,5045.080078125,2.0,313.175,1364.7580078125,1369.8215026855469,41.28386754028688
2024-05-16,1353.5999755859375,104.45999908447266,79.2300033569336,2753.0,4.376999855041504,5297.10009765625,12.420000076293945,154.28199768066406,5017.5400390625,2.0,313.175,1363.0900146484375,1368.5244995117187,39.52545045331434
2024-05-17,1346.0400390625,104.44999694824219,80.05999755859375,2724.6201171875,4.420000076293945,5303.27001953125,11.989999771118164,155.37899780273438,4983.02001953125,2.0,313.175,1359.218017578125,1366.8565002441405,32.47147387614859
2024-05-20,1353.3900146484375,104.56999969482422,79.80000305175781,2742.139892578125,4.436999797821045,5308.1298828125,12.149999618530273,155.75399780273438,5090.35009765625,2.0,313.175,1355.8740234375,1365.8294982910156,38.63268312559423
2024-05-21,1360.1600341796875,104.66000366210938,79.26000213623047,2724.179931640625,4.414000034332275,5321.41015625,11.859999656677246,156.3699951171875,5074.39990234375,2.0,313.175,1355.1480224609375,1364.8955017089843,35.85328595396484
2024-05-22,1363.4200439453125,104.94000244140625,77.56999969482422,2723.4599609375,4.434000015258789,5307.009765625,12.289999961853027,156.25100708007812,5126.81005859375,2.0,313.175,1355.322021484375,1364.5425048828124,42.9579315413224
2024-05-23,1365.81005859375,105.11000061035156,76.87000274658203,2721.81005859375,4.474999904632568,5267.83984375,12.770000457763672,156.70399475097656,5125.97998046875,2.0,313.175,1357.7640380859375,1363.9845092773437,50.78790967604048
2024-05-24,1367.6199951171875,104.72000122070312,77.72000122070312,2687.60009765625,4.4670000076293945,5304.72021484375,11.930000305175781,156.97300720214844,5220.919921875,2.0,313.175,1362.080029296875,1363.7805114746093,59.455374540192196
2024-05-27,1365.7099609375,104.72000122070312,77.72000122070312,2722.989990234375,4.4670000076293945,5304.72021484375,11.930000305175781,156.8699951171875,5220.919921875,2.0,313.175,1364.5440185546875,1363.2115112304687,60.33583376042491
2024-05-28,1360.9300537109375,104.61000061035156,79.83000183105469,2722.85009765625,4.541999816894531,5306.0400390625,12.920000076293945,156.84500122070312,5317.8701171875,2.0,313.175,1364.6980224609374,1362.5260131835937,52.47225025227043
2024-05-29,1362.760009765625,105.0999984741211,79.2300033569336,2677.300048828125,4.624000072479248,5266.9501953125,14.279999732971191,157.26199340820312,5219.31982421875,2.0,313.175,1364.566015625,1361.391015625,50.65774014662573
2024-05-30,1370.550048828125,104.72000122070312,77.91000366210938,2635.43994140625,4.553999900817871,5235.47998046875,14.470000267028809,157.60800170898438,5173.259765625,2.0,313.175,1365.514013671875,1361.1685180664062,53.86233679203309
2024-05-31,1375.6199951171875,104.66999816894531,76.98999786376953,2636.52001953125,4.513999938964844,5277.509765625,12.920000076293945,156.9530029296875,5123.35986328125,2.0,313.175,1367.114013671875,1361.7175170898438,54.110120413470575
2024-06-03,1382.0999755859375,104.13999938964844,74.22000122070312,2682.52001953125,4.4019999504089355,5283.39990234375,13.109999656677246,157.17999267578125,5152.509765625,2.0,313.044,1370.3920166015625,1363.0700134277345,63.625528915244566
2024-06-04,1370.7900390625,104.11000061035156,73.25,2662.10009765625,4.335999965667725,5291.33984375,13.15999984741211,156.0760040283203,5116.27001953125,2.0,313.044,1372.364013671875,1364.0010131835938,55.332652880653235
2024-06-05,1373.719970703125,104.2699966430664,74.06999969482422,2689.5,4.289000034332275,5354.02978515625,12.630000114440918,155.12399291992188,5347.43994140625,2.0,313.044,1374.556005859375,1364.8005126953126,64.12135127956888
2024-06-06,1368.739990234375,104.0999984741211,75.55000305175781,2689.5,4.281000137329102,5352.9599609375,12.579999923706055,155.9290008544922,5301.68017578125,2.0,313.044,1374.193994140625,1365.1405151367187,66.53077552181489
2024-06-07,1365.25,104.88999938964844,75.52999877929688,2722.669921875,4.429999828338623,5346.990234375,12.220000267028809,155.69700622558594,5287.240234375,2.0,313.044,1372.1199951171875,1365.1330139160157,59.15126808693408
2024-06-10,1379.050048828125,105.1500015258789,77.73999786376953,2701.169921875,4.468999862670898,5360.7900390625,12.739999771118164,156.83299255371094,5362.39990234375,2.0,313.044,1371.510009765625,1365.5800170898438,63.14916497997209
2024-06-11,1373.9599609375,105.2300033569336,77.9000015258789,2705.320068359375,4.4039998054504395,5375.31982421875,12.850000381469727,157.0399932861328,5365.3798828125,2.0,313.044,1372.143994140625,1366.0885131835937,57.154457667200845
2024-06-12,1377.3599853515625,104.6500015258789,78.5,2728.169921875,4.295000076293945,5421.02978515625,12.039999961853027,157.10499572753906,5520.8701171875,2.0,313.044,1372.8719970703125,1366.8290100097656,57.734001422277444
2024-06-13,1370.4100341796875,105.19999694824219,78.62000274658203,2754.889892578125,4.23799991607666,5433.740234375,11.9399995803833,156.8000030517578,5602.419921875,2.0,313.044,1373.206005859375,1367.6695129394532,51.747929801377175
2024-06-14,1373.739990234375,105.55000305175781,78.44999694824219,2758.419921875,4.2129998207092285,5431.60009765625,12.65999984741211,157.1280059814453,5598.31005859375,2.0,313.044,1374.90400390625,1369.054510498047,54.94278921726271
2024-06-17,1382.280029296875,105.31999969482422,80.33000183105469,2744.10009765625,4.2789998054504395,5473.22998046875,12.75,157.54600524902344,5688.10009765625,2.0,313.044,1375.55,1370.4990112304688,62.56030633247012
2024-06-18,1379.06005859375,105.26000213623047,81.56999969482422,2763.919921875,4.2170000076293945,5487.02978515625,12.300000190734863,157.6999969482422,5765.1201171875,2.0,313.044,1376.57001953125,1371.4440124511718,59.43509547443275
2024-06-19,1378.6099853515625,105.26000213623047,81.56999969482422,2797.330078125,4.2170000076293945,5487.02978515625,12.300000190734863,157.87100219726562,5765.1201171875,2.0,313.044,1376.82001953125,1372.2035095214844,55.09864941042016
2024-06-20,1381.1500244140625,105.58999633789062,82.16999816894531,2807.6298828125,4.254000186920166,5473.169921875,13.279999732971191,157.95799255371094,5610.009765625,2.0,313.044,1378.968017578125,1372.9705078125,53.61392536337093
2024-06-21,1391.8199462890625,105.80000305175781,80.7300033569336,2784.260009765625,4.256999969482422,5464.6201171875,13.199999809265137,158.93099975585938,5538.5400390625,2.0,313.044,1382.5840087890624,1374.1805053710937,56.022290324825214
2024-06-24,1388.3900146484375,105.47000122070312,81.62999725341797,2764.72998046875,4.248000144958496,5447.8701171875,13.329999923706055,159.86099243164062,5371.52001953125,2.0,313.044,1383.806005859375,1375.3145080566405,62.08458429512808
2024-06-25,1386.1099853515625,105.61000061035156,80.83000183105469,2774.389892578125,4.23799991607666,5469.2998046875,12.84000015258789,159.68600463867188,5467.66015625,2.0,313.044,1385.2159912109375,1376.573504638672,58.5839040487672
2024-06-26,1390.8900146484375,106.05000305175781,80.9000015258789,2792.050048828125,4.315999984741211,5477.89990234375,12.550000190734863,159.68600463867188,5452.31982421875,2.0,313.044,1387.6719970703125,1377.9800048828124,65.3883533843641
2024-06-27,1393.3800048828125,105.91000366210938,81.73999786376953,2784.06005859375,4.288000106811523,5482.8701171875,12.239999771118164,160.62100219726562,5421.08984375,2.0,313.044,1390.1179931640625,1379.1215026855468,69.81821058950406
2024-06-28,1386.949951171875,105.87000274658203,81.54000091552734,2797.820068359375,4.3429999351501465,5460.47998046875,12.4399995803833,160.68699645996094,5472.259765625,2.0,313.044,1389.143994140625,1379.6880004882812,56.210605513884516
2024-07-01,1380.2900390625,105.9000015258789,83.37999725341797,2804.31005859375,4.479000091552734,5475.08984375,12.220000267028809,160.90699768066406,5477.14990234375,2.0,313.569,1387.5239990234375,1379.5975036621094,54.85659483921239
2024-07-02,1383.4200439453125,105.72000122070312,82.80999755859375,2780.860107421875,4.435999870300293,5509.009765625,12.029999732971191,161.51199340820312,5544.990234375,2.0,313.569,1386.9860107421875,1380.22900390625,54.668773276153935
2024-07-03,1383.4200439453125,105.4000015258789,83.87999725341797,2794.010009765625,4.355000019073486,5537.02001953125,12.09000015258789,161.50399780273438,5651.72021484375,2.0,313.569,1385.4920166015625,1380.7140075683594,61.2252120170372
2024-07-04,1385.77001953125,105.4000015258789,83.87999725341797,2824.93994140625,4.355000019073486,5537.02001953125,12.09000015258789,161.62100219726562,5651.72021484375,2.0,313.569,1383.97001953125,1381.5655090332032,60.5582196623941
2024-07-05,1380.25,104.87999725341797,83.16000366210938,2862.22998046875,4.271999835968018,5567.18994140625,12.479999542236328,161.35800170898438,5656.31005859375,2.0,313.569,1382.630029296875,1382.3155090332032,48.11859950493033
2024-07-08,1376.5699462890625,105.01000213623047,82.33000183105469,2857.760009765625,4.269000053405762,5572.85009765625,12.369999885559082,160.63800048828125,5765.2099609375,2.0,313.569,1381.8860107421874,1382.19150390625,47.711715915796
2024-07-09,1382.75,105.12000274658203,81.41000366210938,2867.3798828125,4.300000190734863,5576.97998046875,12.510000228881836,160.85699462890625,5765.2001953125,2.0,313.569,1381.752001953125,1382.631005859375,53.4419800798511
2024-07-10,1382.4200439453125,105.05000305175781,82.0999984741211,2867.989990234375,4.28000020980835,5633.91015625,12.850000381469727,161.33099365234375,5904.5400390625,2.0,313.569,1381.552001953125,1382.8840087890626,51.09616867764381
2024-07-11,1382.989990234375,104.44000244140625,82.62000274658203,2891.35009765625,4.192999839782715,5584.5400390625,12.920000076293945,161.60699462890625,5699.66015625,2.0,313.569,1380.99599609375,1383.513006591797,40.76942905342464
2024-07-12,1371.27001953125,104.08999633789062,82.20999908447266,2857.0,4.189000129699707,5615.35009765625,12.460000038146973,158.2010040283203,5775.18994140625,2.0,313.569,1379.2,1383.3895080566406,34.74697380012398
2024-07-15,1374.1099853515625,104.19000244140625,81.91000366210938,2860.919921875,4.229000091552734,5631.22021484375,13.119999885559082,158.31300354003906,5777.7099609375,2.0,313.569,1378.7080078125,1382.981005859375,39.414242702262655
2024-07-16,1383.68994140625,104.2699966430664,80.76000213623047,2866.090087890625,4.166999816894531,5667.2001953125,13.1899995803833,158.14100646972656,5804.02978515625,2.0,313.569,1378.89599609375,1383.2125,44.144364162710495
2024-07-17,1382.6400146484375,103.75,82.8499984741211,2843.2900390625,4.145999908447266,5588.27001953125,14.479999542236328,158.35000610351562,5408.7099609375,2.0,313.569,1378.939990234375,1383.4140014648438,41.05594027398819
2024-07-18,1378.6500244140625,104.16999816894531,82.81999969482422,2824.35009765625,4.189000129699707,5544.58984375,15.930000305175781,155.68600463867188,5436.419921875,2.0,313.569,1378.0719970703126,1383.2890014648438,42.795168875316044
2024-07-19,1385.239990234375,104.4000015258789,80.12999725341797,2795.4599609375,4.238999843597412,5505.0,16.520000457763672,157.14999389648438,5267.16015625,2.0,313.569,1380.8659912109374,1382.9600036621093,54.3020768793339
2024-07-22,1388.81005859375,104.30999755859375,79.77999877929688,2763.510009765625,4.260000228881836,5564.41015625,14.90999984741211,157.4219970703125,5477.830078125,2.0,313.569,1383.806005859375,1382.981005859375,54.64898113032729
2024-07-23,1387.0999755859375,104.44999694824219,76.95999908447266,2774.2900390625,4.238999843597412,5555.740234375,14.720000267028809,156.89100646972656,5397.89990234375,2.0,313.569,1384.4880126953126,1383.0305053710938,53.08305617940756
2024-07-24,1384.5699462890625,104.38999938964844,77.58999633789062,2758.7099609375,4.285999774932861,5427.1298828125,18.040000915527344,155.76800537109375,5105.64990234375,2.0,313.569,1384.8739990234376,1382.714501953125,48.99759978628513
2024-07-25,1382.6500244140625,104.36000061035156,78.27999877929688,2710.64990234375,4.25600004196167,5399.22021484375,18.459999084472656,153.89100646972656,5005.35986328125,2.0,313.569,1385.6739990234375,1382.1780029296874,52.13298009681457
2024-07-26,1381.4300537109375,104.31999969482422,77.16000366210938,2731.89990234375,4.199999809265137,5459.10009765625,16.389999389648438,153.69700622558594,5103.1298828125,2.0,313.569,1384.91201171875,1381.9020080566406,54.516844856691655
2024-07-29,1382.0899658203125,104.55999755859375,75.80999755859375,2765.530029296875,4.177999973297119,5463.5400390625,16.600000381469727,154.13900756835938,5087.6201171875,2.0,313.569,1383.5679931640625,1381.9920043945312,49.31644699082443
2024-07-30,1381.3599853515625,104.55000305175781,74.7300033569336,2738.18994140625,4.14300012588501,5436.43994140625,17.690000534057617,153.83299255371094,4890.14990234375,2.0,313.569,1382.4199951171875,1381.8890014648437,48.91119001765367
2024-07-31,1383.5,104.0999984741211,77.91000366210938,2770.68994140625,4.109000205993652,5522.2998046875,16.360000610351562,152.6699981689453,5233.18017578125,2.0,313.569,1382.206005859375,1381.892999267578,50.50747486918372
2024-08-01,1367.9200439453125,104.41999816894531,76.30999755859375,2777.679931640625,3.9760000705718994,5446.68017578125,18.59000015258789,149.74400329589844,4859.58984375,2.0,314.062,1379.260009765625,1381.0005004882812,46.90446164501306
2024-08-02,1368.969970703125,103.20999908447266,73.5199966430664,2676.18994140625,3.7920000553131104,5346.56005859375,23.389999389648438,149.2010040283203,4607.759765625,2.0,314.062,1376.7679931640625,1380.4364990234376,45.0878785262819
2024-08-05,1357.1700439453125,102.69000244140625,72.94000244140625,2441.550048828125,3.7850000858306885,5186.330078125,38.56999969482422,145.58399963378906,4519.4501953125,2.0,314.062,1371.7840087890625,1379.46650390625,25.687516926334354
2024-08-06,1367.4000244140625,102.97000122070312,73.19999694824219,2522.14990234375,3.888000011444092,5240.02978515625,27.709999084472656,145.7899932861328,4567.56982421875,2.0,314.062,1368.9920166015625,1378.6990051269531,38.041387607472906
2024-08-07,1370.31005859375,103.19999694824219,75.2300033569336,2568.409912109375,3.9679999351501465,5199.5,27.850000381469727,144.73199462890625,4426.27001953125,2.0,314.062,1366.3540283203124,1378.093505859375,43.34291477067885
2024-08-08,1375.3299560546875,103.20999908447266,76.19000244140625,2556.72998046875,3.996999979019165,5319.31005859375,23.790000915527344,146.12399291992188,4730.009765625,2.0,314.062,1367.8360107421875,1377.7105041503905,41.886292358525075
2024-08-09,1373.760009765625,103.13999938964844,76.83999633789062,2588.429931640625,3.941999912261963,5344.16015625,20.3700008392334,147.66900634765625,4709.4501953125,2.0,314.062,1368.7940185546875,1377.8350036621093,37.26074503304415
2024-08-12,1363.8399658203125,103.13999938964844,80.05999755859375,2618.300048828125,3.9089999198913574,5344.39013671875,20.709999084472656,147.04200744628906,4743.81982421875,2.0,314.062,1370.1280029296875,1377.3215026855469,32.71390573233616
2024-08-13,1369.5400390625,102.55999755859375,78.3499984741211,2621.5,3.8519999980926514,5434.43017578125,18.1200008392334,146.98199462890625,4942.31005859375,2.0,314.062,1370.556005859375,1376.6140075683593,39.33286318514424
2024-08-14,1362.1700439453125,102.56999969482422,76.9800033569336,2644.5,3.819999933242798,5455.2099609375,16.190000534057617,146.9709930419922,4933.35009765625,2.0,314.062,1368.9280029296874,1375.590509033203,36.50851601074352
2024-08-15,1355.7099609375,102.9800033569336,78.16000366210938,2644.5,3.9260001182556152,5543.22021484375,15.229999542236328,147.2530059814453,5173.3798828125,2.0,314.062,1365.00400390625,1374.443505859375,34.150748386106756
2024-08-16,1363.510009765625,102.45999908447266,76.6500015258789,2697.22998046875,3.8919999599456787,5554.25,14.800000190734863,149.2220001220703,5170.25,2.0,314.062,1362.95400390625,1373.3570068359375,39.47667898709742
2024-08-19,1348.97998046875,101.88999938964844,74.37000274658203,2674.360107421875,3.867000102996826,5608.25,14.649999618530273,147.95599365234375,5266.56982421875,2.0,314.062,1359.9820068359375,1371.3655029296874,34.13988106271054
2024-08-20,1330.8800048828125,101.44000244140625,74.04000091552734,2696.6298828125,3.818000078201294,5597.1201171875,15.880000114440918,146.69900512695312,5196.2998046875,2.0,314.062,1352.25,1368.5545043945312,27.710931836443862
2024-08-21,1327.5799560546875,101.04000091552734,71.93000030517578,2701.1298828125,3.7780001163482666,5620.85009765625,16.270000457763672,145.3470001220703,5267.93017578125,2.0,314.062,1345.331982421875,1365.7050048828125,30.928477606978873
2024-08-22,1333.6600341796875,101.51000213623047,73.01000213623047,2707.669921875,3.861999988555908,5570.64013671875,17.549999237060547,145.1179962158203,5086.89990234375,2.0,314.062,1340.9219970703125,1363.2555053710937,34.06449807347566
2024-08-23,1339.5400390625,100.72000122070312,74.83000183105469,2701.68994140625,3.806999921798706,5634.60986328125,15.859999656677246,146.20199584960938,5228.64990234375,2.0,314.062,1336.1280029296875,1361.1610046386718,41.59437176477162
2024-08-26,1323.8800048828125,100.8499984741211,77.41999816894531,2698.010009765625,3.818000078201294,5616.83984375,16.149999618530273,144.0,5097.35009765625,2.0,314.062,1331.1080078125,1358.250506591797,30.27202904004072
2024-08-27,1326.6400146484375,100.55000305175781,75.52999877929688,2689.25,3.8329999446868896,5625.7998046875,15.430000305175781,144.51600646972656,5153.6298828125,2.0,314.062,1330.260009765625,1355.5145080566406,30.177059702931572
2024-08-28,1326.3599853515625,101.08999633789062,74.5199966430664,2689.830078125,3.8410000801086426,5592.18017578125,17.110000610351562,143.97500610351562,5059.56005859375,2.0,314.062,1330.016015625,1352.6575073242188,26.77175567038246
2024-08-29,1336.68994140625,101.33999633789062,75.91000366210938,2662.280029296875,3.867000102996826,5591.9599609375,15.649999618530273,144.43299865722656,5029.25,2.0,314.062,1330.6219970703125,1351.0960021972655,33.765465890574404
2024-08-30,1332.8800048828125,101.69999694824219,73.55000305175781,2674.31005859375,3.9110000133514404,5648.39990234375,15.0,144.88999938964844,5158.81982421875,2.0,314.062,1329.289990234375,1349.29150390625,35.67468341560951
2024-09-02,1336.5799560546875,101.69999694824219,73.55000305175781,2681.0,3.9110000133514404,5648.39990234375,15.0,146.38099670410156,5158.81982421875,2.0,314.732,1331.82998046875,1348.2619995117188,34.461612830827136
2024-09-03,1337.550048828125,101.83000183105469,70.33999633789062,2664.6298828125,3.8440001010894775,5528.93017578125,20.719999313354492,146.7220001220703,4759.0,2.0,314.732,1334.0119873046874,1346.7695007324219,37.64804015594972
2024-09-04,1340.4100341796875,101.36000061035156,69.19999694824219,2580.800048828125,3.7679998874664307,5520.06982421875,21.31999969482422,145.35299682617188,4770.85009765625,2.0,314.732,1336.8219970703126,1345.2744995117187,42.03628045874766
2024-09-05,1331.010009765625,101.11000061035156,69.1500015258789,2575.5,3.7309999465942383,5503.41015625,19.899999618530273,143.32400512695312,4742.419921875,2.0,314.732,1335.6860107421876,1343.0585021972656,33.36066557337706
2024-09-06,1332.7900390625,101.18000030517578,67.66999816894531,2544.280029296875,3.7100000381469727,5408.419921875,22.3799991607666,143.39300537109375,4528.22021484375,2.0,314.732,1335.668017578125,1341.0100036621093,40.46642820996457
2024-09-09,1337.77001953125,101.55000305175781,68.70999908447266,2535.929931640625,3.697000026702881,5471.0498046875,19.450000762939453,142.48599243164062,4625.77978515625,2.0,314.732,1335.9060302734374,1339.7065063476562,54.7987179160184
2024-09-10,1341.27001953125,101.62999725341797,65.75,2523.429931640625,3.6459999084472656,5495.52001953125,19.079999923706055,143.177001953125,4680.669921875,2.0,314.732,1336.6500244140625,1338.2930053710938,59.50829429090298
2024-09-11,1343.3399658203125,101.68000030517578,67.30999755859375,2513.3701171875,3.6530001163482666,5554.1298828125,17.690000534057617,142.23399353027344,4910.169921875,2.0,314.732,1337.2360107421875,1337.3515014648438,57.11969286683953
2024-09-12,1339.1800537109375,101.37000274658203,68.97000122070312,2572.090087890625,3.680000066757202,5595.759765625,17.06999969482422,142.58999633789062,4898.43994140625,2.0,314.732,1338.87001953125,1336.5250061035156,49.72835348497885
2024-09-13,1335.68994140625,101.11000061035156,68.6500015258789,2575.409912109375,3.6500000953674316,5626.02001953125,16.559999465942383,141.49899291992188,4980.490234375,2.0,314.732,1339.45,1335.1340026855469,60.91693842317284
2024-09-16,1329.510009765625,100.76000213623047,70.08999633789062,2575.409912109375,3.621000051498413,5633.08984375,17.139999389648438,140.7899932861328,4910.43994140625,2.0,314.732,1337.797998046875,1334.1605041503906,52.495218850359045
2024-09-17,1319.1099853515625,100.88999938964844,71.19000244140625,2575.409912109375,3.6419999599456787,5634.580078125,17.610000610351562,140.7899932861328,4912.10009765625,2.0,314.732,1333.3659912109374,1333.572003173828,44.63994339595397
2024-09-18,1322.9300537109375,100.5999984741211,70.91000366210938,2575.409912109375,3.684999942779541,5618.259765625,18.229999542236328,142.01499938964844,4859.2900390625,2.0,314.732,1329.2840087890625,1333.3395080566406,38.74354647040614
2024-09-19,1322.260009765625,100.61000061035156,71.94999694824219,2580.800048828125,3.740000009536743,5713.64013671875,16.329999923706055,142.7100067138672,5066.64990234375,2.0,314.732,1325.9,1332.7695068359376,40.84168994869182
2024-09-20,1327.6099853515625,100.72000122070312,71.91999816894531,2593.3701171875,3.7279999256134033,5702.5498046875,16.149999618530273,142.85800170898438,5000.06005859375,2.0,314.732,1324.2840087890625,1332.1730041503906,42.4786587238224
2024-09-23,1331.5,100.91999816894531,70.37000274658203,2602.010009765625,3.739000082015991,5718.56982421875,15.890000343322754,144.00399780273438,5025.81005859375,2.0,314.732,1324.6820068359375,1332.55400390625,45.16383364883589
2024-09-24,1333.6199951171875,100.37000274658203,71.55999755859375,2631.679931640625,3.7360000610351562,5732.93017578125,15.390000343322754,143.63800048828125,5091.77978515625,2.0,314.732,1327.5840087890624,1332.9030029296875,44.50733487640911
2024-09-25,1324.8900146484375,100.91999816894531,69.69000244140625,2596.320068359375,3.7809998989105225,5722.259765625,15.40999984741211,142.96299743652344,5132.52001953125,2.0,314.732,1327.9760009765625,1332.8295043945313,44.99509842091287
2024-09-26,1335.050048828125,100.55999755859375,67.66999816894531,2671.570068359375,3.7909998893737793,5745.3701171875,15.369999885559082,144.68299865722656,5310.5,2.0,314.732,1330.5340087890625,1332.747509765625,51.62543809744552
2024-09-27,1313.300048828125,100.41999816894531,68.18000030517578,2649.780029296875,3.749000072479248,5738.169921875,16.959999084472656,145.0760040283203,5217.22998046875,2.0,314.732,1327.672021484375,1331.7685119628907,35.821091884428654
2024-09-30,1309.300048828125,100.77999877929688,68.16999816894531,2593.27001953125,3.802000045776367,5762.47998046875,16.729999542236328,142.7830047607422,5173.06005859375,2.0,314.732,1323.23203125,1330.4045166015626,31.58200465833268
2024-10-01,1315.3299560546875,101.19000244140625,69.83000183105469,2593.27001953125,3.743000030517578,5708.75,19.260000228881836,143.7100067138672,5024.93994140625,1.75,315.631,1319.5740234375,1329.2935119628905,34.56748773243801
2024-10-02,1324.8399658203125,101.68000030517578,70.0999984741211,2561.68994140625,3.7850000858306885,5709.5400390625,18.899999618530273,143.73599243164062,5099.2001953125,1.75,315.631,1319.564013671875,1328.5150085449218,42.53898370534467
2024-10-03,1324.030029296875,101.98999786376953,73.70999908447266,2561.68994140625,3.8499999046325684,5699.93994140625,20.489999771118164,146.58200073242188,5125.2099609375,1.75,315.631,1317.360009765625,1328.1660095214843,43.759408124438124
2024-10-04,1334.4100341796875,102.5199966430664,74.37999725341797,2569.7099609375,3.9809999465942383,5751.06982421875,19.209999084472656,146.83999633789062,5206.83984375,1.75,315.631,1321.5820068359376,1328.2470092773438,52.509744242550056
2024-10-07,1345.8800048828125,102.54000091552734,77.13999938964844,2610.3798828125,4.026000022888184,5695.93994140625,22.639999389648438,148.82000732421875,5196.7998046875,1.75,315.631,1328.897998046875,1328.6525085449218,63.56268893759555
2024-10-08,1342.3699951171875,102.55000305175781,73.56999969482422,2594.360107421875,4.0329999923706055,5751.1298828125,21.420000076293945,148.14599609375,5266.10009765625,1.75,315.631,1334.306005859375,1328.7075073242188,59.88003891166456
2024-10-09,1341.31005859375,102.93000030517578,73.23999786376953,2594.360107421875,4.066999912261963,5792.0400390625,20.860000610351562,148.15899658203125,5321.89990234375,1.75,315.631,1337.6000244140625,1328.6060119628905,59.64366313114709
2024-10-10,1343.02001953125,102.98999786376953,75.8499984741211,2599.159912109375,4.0960001945495605,5780.0498046875,20.93000030517578,149.16000366210938,5293.93994140625,1.75,315.631,1341.3980224609375,1328.7980102539063,58.09948120307506
2024-10-11,1349.739990234375,102.88999938964844,75.55999755859375,2596.909912109375,4.072999954223633,5815.02978515625,20.459999084472656,148.70399475097656,5335.93994140625,1.75,315.631,1344.464013671875,1329.5005126953124,59.30994434793878
2024-10-14,1348.3299560546875,103.30000305175781,73.83000183105469,2623.2900390625,4.0980000495910645,5859.85009765625,19.700000762939453,149.33399963378906,5432.2099609375,1.75,315.631,1344.95400390625,1330.4415100097656,57.56298090802967
2024-10-15,1357.27001953125,103.26000213623047,70.58000183105469,2633.449951171875,4.038000106811523,5815.259765625,20.639999389648438,149.6699981689453,5145.2099609375,1.75,315.631,1347.9340087890625,1332.34951171875,66.6119733313627
2024-10-16,1363.1800537109375,103.58999633789062,70.38999938964844,2610.360107421875,4.015999794006348,5842.47021484375,19.579999923706055,149.0989990234375,5155.85986328125,1.75,315.631,1352.3080078125,1334.36201171875,65.08961136758013
2024-10-17,1364.199951171875,103.83000183105469,70.66999816894531,2609.300048828125,4.0960001945495605,5841.47021484375,19.110000610351562,149.5760040283203,5204.81005859375,1.75,315.631,1356.543994140625,1336.4590087890624,85.11319502689666
2024-10-18,1370.050048828125,103.48999786376953,69.22000122070312,2593.820068359375,4.072999954223633,5864.669921875,18.030000686645508,150.10000610351562,5208.6201171875,1.75,315.631,1360.606005859375,1338.5810119628907,90.86515248558901
2024-10-21,1369.010009765625,104.01000213623047,70.55999755859375,2604.919921875,4.182000160217285,5853.97998046875,18.3700008392334,149.60000610351562,5215.2099609375,1.75,315.631,1364.7420166015625,1340.4565124511719,88.70787436645406
2024-10-22,1376.5,104.08000183105469,72.08999633789062,2570.699951171875,4.203999996185303,5851.2001953125,18.200000762939453,150.60499572753906,5190.7099609375,1.75,315.631,1368.5880126953125,1342.6005126953125,88.36903995575582
2024-10-23,1376.6300048828125,104.43000030517578,70.7699966430664,2599.6201171875,4.242000102996826,5797.419921875,19.239999771118164,151.13800048828125,5131.3701171875,1.75,315.631,1371.2780029296875,1345.1875122070312,89.4657593215061
2024-10-24,1377.3399658203125,104.05999755859375,70.19000244140625,2581.030029296875,4.199999809265137,5809.85986328125,19.079999923706055,152.7689971923828,5157.60986328125,1.75,315.631,1373.906005859375,1347.3020080566407,87.67768449832654
2024-10-25,1376.3199462890625,104.26000213623047,71.77999877929688,2583.27001953125,4.23199987411499,5808.1201171875,20.329999923706055,151.7830047607422,5212.830078125,1.75,315.631,1375.1599853515625,1350.4530029296875,82.71703420696315
2024-10-28,1387.6600341796875,104.31999969482422,67.37999725341797,2612.429931640625,4.2779998779296875,5823.52001953125,19.799999237060547,152.95199584960938,5211.669921875,1.75,315.631,1378.889990234375,1354.3710021972656,91.66509446675471
2024-10-29,1381.969970703125,104.27999877929688,67.20999908447266,2617.800048828125,4.27400016784668,5832.919921875,19.34000015258789,153.1790008544922,5332.169921875,1.75,315.631,1379.983984375,1357.7030029296875,84.4691058559584
2024-10-30,1383.1800537109375,103.98999786376953,68.61000061035156,2593.7900390625,4.265999794006348,5813.669921875,20.350000381469727,153.2740020751953,5153.490234375,1.75,315.631,1381.293994140625,1360.6200073242187,84.33635097929117
2024-10-31,1378.5699462890625,103.9800033569336,69.26000213623047,2556.14990234375,4.283999919891357,5705.4501953125,23.15999984741211,153.20399475097656,4946.75,1.75,315.631,1381.539990234375,1363.3470031738282,75.57185455632143
2024-11-01,1372.9300537109375,104.27999877929688,69.48999786376953,2542.360107421875,4.361000061035156,5728.7998046875,21.8799991607666,151.97999572753906,5001.43017578125,1.5,316.528,1380.86201171875,1365.2730041503905,70.29699579806541
2024-11-04,1379.3399658203125,103.88999938964844,71.47000122070312,2588.969970703125,4.309000015258789,5712.68994140625,21.979999542236328,152.28700256347656,4974.0,1.5,316.528,1379.197998046875,1366.9460021972657,69.00281893838907
2024-11-05,1372.8599853515625,103.41999816894531,71.98999786376953,2576.8798828125,4.289000034332275,5782.759765625,20.489999771118164,152.2760009765625,5057.830078125,1.5,316.528,1377.3760009765624,1368.4705017089843,58.25367417461176
2024-11-06,1378.0,105.08999633789062,71.69000244140625,2563.510009765625,4.426000118255615,5929.0400390625,16.270000457763672,151.43499755859375,5215.56982421875,1.5,316.528,1376.339990234375,1370.304998779297,60.99425828386484
2024-11-07,1399.800048828125,104.51000213623047,72.36000061035156,2564.6298828125,4.341000080108643,5973.10009765625,15.199999809265137,154.32000732421875,5333.990234375,1.5,316.528,1380.5860107421875,1373.1440002441407,68.89843888125509
2024-11-08,1372.0799560546875,105.0,70.37999725341797,2561.14990234375,4.306000232696533,5995.5400390625,14.9399995803833,153.17999267578125,5290.52001953125,1.5,316.528,1380.4159912109376,1374.2609985351562,51.45646586522146
2024-11-11,1397.199951171875,105.54000091552734,68.04000091552734,2531.659912109375,4.308000087738037,6001.35009765625,14.970000267028809,152.9040069580078,5156.39013671875,1.5,316.528,1383.98798828125,1376.7044982910156,58.41322825769859
2024-11-12,1400.550048828125,106.0199966430664,68.12000274658203,2482.570068359375,4.432000160217285,5983.990234375,14.710000038146973,153.47999572753906,5108.64013671875,1.5,316.528,1389.5260009765625,1378.8684997558594,59.47400839907906
2024-11-13,1406.6500244140625,106.4800033569336,68.43000030517578,2417.080078125,4.451000213623047,5985.3798828125,14.020000457763672,154.65499877929688,5006.2900390625,1.5,316.528,1395.256005859375,1381.0419982910157,61.13347107897871
2024-11-14,1399.0,106.66999816894531,68.69999694824219,2418.860107421875,4.418000221252441,5949.169921875,14.3100004196167,155.4290008544922,5004.58984375,1.5,316.528,1395.09599609375,1382.782000732422,58.20193549697209
2024-11-15,1400.8299560546875,106.69000244140625,67.0199966430664,2416.860107421875,4.427999973297119,5870.6201171875,16.139999389648438,156.46800231933594,4833.58984375,1.5,316.528,1400.84599609375,1384.32099609375,55.11452306863799
2024-11-18,1394.3499755859375,106.27999877929688,69.16000366210938,2469.070068359375,4.414000034332275,5893.6201171875,15.579999923706055,154.66400146484375,4888.77001953125,1.5,316.528,1400.2760009765625,1385.5879943847656,54.77844275263784
2024-11-19,1389.5,106.20999908447266,69.38999938964844,2471.949951171875,4.379000186920166,5916.97998046875,16.350000381469727,154.61700439453125,4919.16015625,1.5,316.528,1398.0659912109375,1386.2379943847657,52.37270751623952
2024-11-20,1392.1600341796875,106.68000030517578,68.87000274658203,2482.2900390625,4.406000137329102,5917.10986328125,17.15999984741211,154.71800231933594,4884.25,1.5,316.528,1395.1679931640624,1387.0144958496094,55.177966133227166
2024-11-21,1397.6199951171875,106.97000122070312,70.0999984741211,2480.6298828125,4.432000160217285,5948.7099609375,16.8700008392334,155.2949981689453,4963.0498046875,1.5,316.528,1394.8919921875,1388.028497314453,59.42004281075522
2024-11-22,1399.5999755859375,107.48999786376953,71.23999786376953,2501.239990234375,4.409999847412109,5969.33984375,15.239999771118164,154.21800231933594,4955.7998046875,1.5,316.528,1394.64599609375,1389.1924987792968,58.000312357800084
2024-11-25,1403.510009765625,106.81999969482422,68.94000244140625,2534.340087890625,4.264999866485596,5987.3701171875,14.600000381469727,154.14599609375,4987.919921875,1.5,316.528,1396.4780029296876,1389.9849975585937,62.353882381651985
2024-11-26,1395.56005859375,107.01000213623047,68.7699966430664,2520.360107421875,4.302000045776367,6021.6298828125,14.100000381469727,154.3780059814453,4927.56005859375,1.5,316.528,1397.6900146484375,1390.664501953125,56.92103252575445
2024-11-27,1395.27001953125,106.08000183105469,68.72000122070312,2503.06005859375,4.242000102996826,5998.740234375,14.100000381469727,153.00900268554688,4853.009765625,1.5,316.528,1398.31201171875,1391.2690002441407,47.85001181885177
2024-11-28,1388.469970703125,106.08000183105469,68.72000122070312,2504.669921875,4.242000102996826,5998.740234375,14.100000381469727,151.33599853515625,4853.009765625,1.5,316.528,1396.4820068359375,1391.7640014648437,59.70626804558947
2024-11-29,1393.300048828125,105.73999786376953,68.0,2455.909912109375,4.177999973297119,6032.3798828125,13.510000228881836,151.1739959716797,4926.56005859375,1.5,316.528,1395.222021484375,1392.7825012207031,46.95985809879795
2024-12-02,1399.8599853515625,106.44999694824219,68.0999984741211,2454.47998046875,4.196000099182129,6047.14990234375,13.34000015258789,149.8979949951172,5055.31982421875,1.5,317.604,1394.4920166015625,1393.8085021972656,49.48770324669087
2024-12-03,1401.06005859375,106.37000274658203,69.94000244140625,2500.10009765625,4.2230000495910645,6049.8798828125,13.300000190734863,149.50799560546875,5035.85986328125,1.5,317.604,1395.5920166015626,1395.218505859375,45.52445215025284
2024-12-04,1411.6700439453125,106.33999633789062,68.54000091552734,2464.0,4.179999828338623,6086.490234375,13.449999809265137,149.64700317382812,5121.77978515625,1.5,317.604,1398.872021484375,1396.9020080566406,59.68509197725436
2024-12-05,1410.800048828125,105.70999908447266,68.30000305175781,2441.85009765625,4.179999828338623,6075.10986328125,13.539999961853027,150.56700134277344,5026.3701171875,1.5,317.604,1403.338037109375,1397.4520080566406,57.734741228277855
2024-12-06,1399.989990234375,105.97000122070312,67.19999694824219,2428.159912109375,4.151000022888184,6090.27001953125,12.770000457763672,150.20700073242188,5061.2998046875,1.5,317.604,1404.676025390625,1398.847509765625,54.10003070386389
2024-12-09,1424.219970703125,106.1500015258789,68.37000274658203,2360.580078125,4.198999881744385,6052.85009765625,14.1899995803833,150.02999877929688,5018.83984375,1.5,317.604,1409.5480224609375,1400.1985107421874,69.69141853870353
2024-12-10,1426.5999755859375,106.4000015258789,68.58999633789062,2417.840087890625,4.2210001945495605,6034.91015625,14.180000305175781,151.4080047607422,4894.7001953125,1.5,317.604,1414.656005859375,1401.5010070800781,69.59484049483689
2024-12-11,1433.949951171875,106.70999908447266,70.29000091552734,2442.510009765625,4.270999908447266,6084.18994140625,13.579999923706055,151.8070068359375,5027.7998046875,1.5,317.604,1419.1119873046875,1402.8660034179688,70.23498872037824
2024-12-12,1429.1500244140625,106.95999908447266,70.0199966430664,2482.1201171875,4.323999881744385,6051.25,13.920000076293945,152.2449951171875,4982.18994140625,1.5,317.604,1422.781982421875,1404.3735046386719,65.95745802889394
2024-12-13,1427.8599853515625,107.0,71.29000091552734,2494.4599609375,4.39900016784668,6051.08984375,13.8100004196167,152.58700561523438,5149.77978515625,1.5,317.604,1428.3559814453124,1405.7250061035156,63.532261018811866
2024-12-16,1434.449951171875,106.86000061035156,70.70999908447266,2488.969970703125,4.396999835968018,6074.080078125,14.6899995803833,153.4530029296875,5256.06005859375,1.5,317.604,1430.4019775390625,1407.7300048828124,71.94438857464037
2024-12-17,1431.3499755859375,106.95999908447266,70.08000183105469,2456.81005859375,4.385000228881836,6050.60986328125,15.869999885559082,154.08599853515625,5169.7900390625,1.5,317.604,1431.3519775390625,1409.8225036621093,69.73306645765263
2024-12-18,1436.4200439453125,108.02999877929688,70.58000183105469,2484.429931640625,4.49399995803833,5872.16015625,27.6200008392334,153.57200622558594,4970.97998046875,1.5,317.604,1431.84599609375,1412.0355041503906,76.73098411549104
2024-12-19,1451.5,108.41000366210938,69.91000366210938,2435.929931640625,4.570000171661377,5867.080078125,24.09000015258789,154.67300415039062,4893.47021484375,1.5,317.604,1436.3159912109375,1414.7295043945312,79.11746312482595
2024-12-20,1437.449951171875,107.62000274658203,69.45999908447266,2404.14990234375,4.52400016784668,5930.85009765625,18.360000610351562,157.6439971923828,4964.91015625,1.5,317.604,1438.233984375,1416.622003173828,67.49508844212997
2024-12-23,1445.4200439453125,108.04000091552734,69.23999786376953,2442.010009765625,4.598999977111816,5974.06982421875,16.780000686645508,156.5330047607422,5118.75,1.5,317.604,1440.4280029296874,1418.7175048828126,69.42204768007764
2024-12-24,1442.699951171875,108.26000213623047,70.0999984741211,2440.52001953125,4.591000080108643,6040.0400390625,14.270000457763672,157.1649932861328,5173.56005859375,1.5,317.604,1442.697998046875,1421.0744995117188,64.594043125849
2024-12-25,1453.4200439453125,108.26000213623047,70.0999984741211,2440.52001953125,4.591000080108643,6040.0400390625,14.270000457763672,157.10699462890625,5173.56005859375,1.5,317.604,1446.097998046875,1423.982000732422,68.3453396175854
2024-12-26,1457.6099853515625,108.12999725341797,69.62000274658203,2429.669921875,4.578999996185303,6037.58984375,14.729999542236328,157.13299560546875,5175.31005859375,1.5,317.604,1447.3199951171875,1427.4390014648438,76.30085373314625
2024-12-27,1466.989990234375,108.0,70.5999984741211,2404.77001953125,4.61899995803833,5970.83984375,15.949999809265137,157.7480010986328,5122.97021484375,1.5,317.604,1453.2280029296876,1431.1234985351562,72.58418825786191
2024-12-30,1472.800048828125,108.12999725341797,70.98999786376953,2399.489990234375,4.545000076293945,5906.93994140625,17.399999618530273,157.8730010986328,5026.509765625,1.5,317.604,1458.70400390625,1434.7705017089843,73.54258081291265
2024-12-31,1467.3900146484375,108.48999786376953,71.72000122070312,2399.489990234375,4.572999954223633,5881.6298828125,17.350000381469727,156.9949951171875,4979.93017578125,1.5,317.604,1463.6420166015625,1438.0869995117187,67.38405069620984
2025-01-02,1473.52001953125,109.38999938964844,73.12999725341797,2398.93994140625,4.574999809265137,5868.5498046875,17.93000030517578,157.718994140625,5021.5,1.5,318.961,1467.66201171875,1441.1794982910155,72.75142243726566
2025-01-03,1471.6500244140625,108.94999694824219,73.95999908447266,2441.919921875,4.5960001945495605,5942.47021484375,16.1299991607666,157.36199951171875,5163.64990234375,1.5,318.961,1470.47001953125,1444.2219970703125,72.32128190194585
2025-01-06,1465.530029296875,108.26000213623047,73.55999755859375,2488.639892578125,4.618000030517578,5975.3798828125,16.040000915527344,157.4810028076172,5310.14013671875,1.5,318.961,1470.17802734375,1447.4989990234376,65.91885017744022
2025-01-07,1459.449951171875,108.54000091552734,74.25,2492.10009765625,4.683000087738037,5909.02978515625,17.81999969482422,157.7429962158203,5212.25,1.5,318.961,1467.5080078125,1449.260498046875,63.9661262511846
2025-01-08,1451.8800048828125,109.08999633789062,73.31999969482422,2521.050048828125,4.692999839782715,5918.25,17.700000762939453,158.23599243164062,5162.35009765625,1.5,318.961,1464.406005859375,1450.5244995117187,57.49753136995352
2025-01-09,1457.969970703125,109.18000030517578,73.91999816894531,2521.89990234375,4.692999839782715,5918.25,17.700000762939453,158.19200134277344,5162.35009765625,1.5,318.961,1461.29599609375,1451.7255004882813,53.43743838786332
2025-01-10,1455.22998046875,109.6500015258789,76.56999969482422,2515.780029296875,4.776000022888184,5827.0400390625,19.540000915527344,158.04800415039062,5037.47021484375,1.5,318.961,1458.0119873046874,1453.0294982910157,60.73669467787115
2025-01-13,1472.25,109.95999908447266,78.81999969482422,2489.56005859375,4.802999973297119,5836.22021484375,19.190000534057617,157.88699340820312,5020.0400390625,1.5,318.961,1459.3559814453124,1455.2489990234376,64.6052759234328
2025-01-14,1458.8900146484375,109.2699966430664,77.5,2497.39990234375,4.788000106811523,5842.91015625,18.709999084472656,157.36399841308594,5045.9501953125,1.5,318.961,1459.243994140625,1456.4710021972655,57.89835385701984
2025-01-15,1460.43994140625,109.08999633789062,80.04000091552734,2496.81005859375,4.6529998779296875,5949.91015625,16.1200008392334,158.0500030517578,5153.669921875,1.5,318.961,1460.9559814453125,1457.9255004882812,53.76119883266599
2025-01-16,1437.219970703125,108.95999908447266,78.68000030517578,2527.489990234375,4.605999946594238,5937.33984375,16.600000381469727,156.2550048828125,5162.9599609375,1.5,318.961,1456.8059814453125,1457.9654968261718,40.92567019169444
2025-01-17,1453.3199462890625,109.3499984741211,77.87999725341797,2523.550048828125,4.609000205993652,5996.66015625,15.970000267028809,155.3560028076172,5309.740234375,1.5,318.961,1456.423974609375,1458.056494140625,44.25965813735812
2025-01-20,1457.3800048828125,109.3499984741211,77.87999725341797,2520.050048828125,4.609000205993652,5996.66015625,15.970000267028809,156.30599975585938,5309.740234375,1.5,318.961,1453.4499755859374,1459.052996826172,43.42820874324332
2025-01-21,1435.530029296875,108.05999755859375,75.88999938964844,2518.030029296875,4.573999881744385,6049.240234375,15.0600004196167,155.24899291992188,5378.5,1.5,318.961,1448.777978515625,1458.55849609375,38.09060552437987
2025-01-22,1425.7900390625,108.16999816894531,75.44000244140625,2547.06005859375,4.598999977111816,6086.3701171875,15.100000381469727,155.7740020751953,5469.2900390625,1.5,318.961,1441.847998046875,1457.7130004882813,32.62720223506976
2025-01-23,1434.3399658203125,108.05000305175781,74.62000274658203,2515.489990234375,4.638000011444092,6118.7099609375,15.020000457763672,156.44000244140625,5444.68994140625,1.5,318.961,1441.2719970703124,1456.7589965820312,37.0495976462134
2025-01-24,1433.9300537109375,107.44000244140625,74.66000366210938,2536.800048828125,4.625999927520752,6101.240234375,14.850000381469727,156.15499877929688,5341.93994140625,1.5,318.961,1437.3940185546876,1455.575,38.57884951543266
2025-01-27,1427.6300048828125,107.33999633789062,73.16999816894531,2536.800048828125,4.5279998779296875,6012.27978515625,17.899999618530273,155.74400329589844,4853.240234375,1.5,318.961,1431.4440185546875,1453.607000732422,38.517603589523574
2025-01-28,1417.9200439453125,107.87000274658203,73.7699966430664,2536.800048828125,4.551000118255615,6067.7001953125,16.40999984741211,154.90899658203125,4907.02978515625,1.5,318.961,1427.922021484375,1450.8630004882812,37.93175847553209
2025-01-29,1443.260009765625,108.0,72.62000274658203,2536.800048828125,4.554999828338623,6039.31005859375,16.559999465942383,155.5590057373047,4918.10009765625,1.5,318.961,1431.416015625,1449.6565002441407,45.40169181596998
2025-01-30,1443.3199462890625,107.80000305175781,72.7300033569336,2536.800048828125,4.51200008392334,6071.169921875,15.84000015258789,155.1699981689453,5030.52978515625,1.5,318.961,1433.21201171875,1448.1464965820312,46.21349894011967
2025-01-31,1441.6600341796875,108.37000274658203,72.52999877929688,2517.3701171875,4.568999767303467,6040.52978515625,16.43000030517578,154.0970001220703,5015.85009765625,1.5,318.961,1434.7580078125,1446.6469970703124,39.2220196933738
2025-02-03,1456.780029296875,108.98999786376953,73.16000366210938,2453.949951171875,4.543000221252441,5994.56982421875,18.6200008392334,155.36300659179688,4924.81005859375,1.25,319.679,1440.5880126953125,1446.2094970703124,49.26568111740521
2025-02-04,1459.050048828125,107.95999908447266,72.69999694824219,2481.68994140625,4.513000011444092,6037.8798828125,17.209999084472656,155.27699279785156,4976.58984375,1.25,319.679,1448.814013671875,1446.189501953125,49.518700754117205
2025-02-05,1450.1600341796875,107.58000183105469,71.02999877929688,2509.27001953125,4.421999931335449,6061.47998046875,15.770000457763672,154.13299560546875,5091.5,1.25,319.679,1450.1940185546875,1446.1035034179688,54.974663264032344
2025-02-06,1443.8900146484375,107.69000244140625,70.61000061035156,2536.75,4.440000057220459,6083.56982421875,15.5,152.6060028076172,5092.58984375,1.25,319.679,1450.3080322265625,1445.3995056152344,46.07836965769879
2025-02-07,1442.1500244140625,108.04000091552734,71.0,2521.919921875,4.486999988555908,6025.990234375,16.540000915527344,151.1929931640625,5009.33984375,1.25,319.679,1450.4060302734374,1444.7455078125,43.54167443131701
2025-02-10,1450.6199951171875,108.31999969482422,72.31999969482422,2521.27001953125,4.493000030517578,6066.43994140625,15.8100004196167,151.8459930419922,5082.669921875,1.25,319.679,1449.1740234375,1443.6640075683595,57.21803044935987
2025-02-11,1453.2099609375,107.95999908447266,73.31999969482422,2539.050048828125,4.5370001792907715,6068.5,16.020000457763672,151.75900268554688,5079.97021484375,1.25,319.679,1448.006005859375,1443.3800048828125,64.07887842313353
2025-02-12,1450.75,107.94000244140625,71.37000274658203,2548.389892578125,4.63700008392334,6051.97021484375,15.890000343322754,152.73899841308594,5090.7900390625,1.25,319.679,1448.1239990234376,1442.8955078125,58.98789187599034
2025-02-13,1452.1199951171875,107.30999755859375,71.29000091552734,2583.169921875,4.525000095367432,6115.06982421875,15.100000381469727,154.2550048828125,5156.39013671875,1.25,319.679,1449.7699951171876,1443.6405090332032,59.8590729247992
2025-02-14,1438.739990234375,106.56999969482422,70.73999786376953,2591.050048828125,4.4720001220703125,6114.6298828125,14.770000457763672,152.98899841308594,5160.93994140625,1.25,319.679,1449.08798828125,1442.9115112304687,55.59247839215248
2025-02-17,1432.5999755859375,106.56999969482422,70.73999786376953,2610.419921875,4.4720001220703125,6114.6298828125,14.770000457763672,152.0229949951172,5160.93994140625,1.25,319.679,1445.483984375,1441.672509765625,57.664978890044665
2025-02-18,1441.2900390625,107.05000305175781,71.8499984741211,2626.81005859375,4.544000148773193,6129.580078125,15.350000381469727,151.44400024414062,5247.85986328125,1.25,319.679,1443.1,1441.9605102539062,48.75491460772635
2025-02-19,1440.0799560546875,107.16999816894531,72.25,2671.52001953125,4.534999847412109,6144.14990234375,15.270000457763672,151.93099975585938,5309.68994140625,1.25,319.679,1440.9659912109375,1442.6750061035157,47.98156625956288
2025-02-20,1439.97998046875,106.33999633789062,72.56999969482422,2654.06005859375,4.5,6117.52001953125,15.65999984741211,151.22000122070312,5310.6298828125,1.25,319.679,1438.53798828125,1442.9570068359376,48.932622523890544
2025-02-21,1431.699951171875,106.61000061035156,70.4000015258789,2654.580078125,4.420000076293945,6013.1298828125,18.209999084472656,149.4080047607422,5136.58984375,1.25,319.679,1437.12998046875,1442.8455017089843,32.549373341623095
2025-02-24,1434.2900390625,106.5999984741211,70.69999694824219,2645.27001953125,4.39300012588501,5983.25,18.979999542236328,149.38699340820312,5003.5400390625,1.25,319.679,1437.4679931640626,1443.1785034179688,32.84846947404026
2025-02-25,1428.6500244140625,106.30999755859375,68.93000030517578,2630.2900390625,4.297999858856201,5955.25,19.43000030517578,149.86399841308594,4888.8798828125,1.25,319.679,1434.939990234375,1443.7150024414063,34.39724727100142
2025-02-26,1429.5,106.41999816894531,68.62000274658203,2641.090087890625,4.249000072479248,5956.06005859375,19.100000381469727,149.0780029296875,4990.81982421875,1.25,319.679,1432.8239990234374,1443.027001953125,38.67108740569891
2025-02-27,1434.4200439453125,107.23999786376953,70.3499984741211,2621.75,4.284999847412109,5861.56982421875,21.1299991607666,148.83799743652344,4686.75,1.25,319.679,1431.71201171875,1442.5820068359376,44.20455918261258
2025-02-28,1449.8599853515625,107.61000061035156,69.76000213623047,2532.780029296875,4.230999946594238,5954.5,19.6299991607666,150.01199340820312,4766.75,1.25,319.679,1435.3440185546874,1442.9920043945312,49.48411067508088
2025-03-03,1459.800048828125,106.75,68.37000274658203,2532.780029296875,4.179999828338623,5849.72021484375,22.780000686645508,150.77099609375,4575.3701171875,1.25,319.785,1440.4460205078126,1443.1430053710938,54.06744058489895
2025-03-04,1457.9300537109375,105.73999786376953,68.26000213623047,2528.919921875,4.210000038146973,5778.14990234375,23.510000228881836,149.30499267578125,4604.509765625,1.25,319.785,1446.3020263671874,1443.0870056152344,54.464081068240425
2025-03-05,1452.8499755859375,105.73999786376953,66.30999755859375,2558.1298828125,4.264999866485596,5842.6298828125,21.93000030517578,149.7989959716797,4700.7900390625,1.25,319.785,1450.972021484375,1443.221502685547,50.433838849906266
2025-03-06,1443.030029296875,104.05999755859375,66.36000061035156,2576.159912109375,4.285999774932861,5738.52001953125,24.8700008392334,148.8979949951172,4487.85009765625,1.25,319.785,1452.6940185546875,1443.1785034179688,52.66229516144672
2025-03-07,1446.5,103.83999633789062,67.04000091552734,2563.47998046875,4.316999912261963,5770.2001953125,23.3700008392334,148.10800170898438,4629.58984375,1.25,319.785,1452.022021484375,1443.3960021972657,58.921679393380025
2025-03-10,1446.260009765625,103.91000366210938,66.02999877929688,2570.389892578125,4.2129998207092285,5614.56005859375,27.860000610351562,147.60800170898438,4405.08984375,1.25,319.785,1449.314013671875,1443.1780029296874,53.57808259628499
2025-03-11,1457.030029296875,103.44000244140625,66.25,2537.60009765625,4.288000106811523,5572.06982421875,26.920000076293945,147.06900024414062,4374.06982421875,1.25,319.785,1449.1340087890626,1443.3690063476563,60.72651876938004
2025-03-12,1451.02001953125,103.61000061035156,67.68000030517578,2574.820068359375,4.317999839782715,5599.2998046875,24.229999542236328,148.04200744628906,4481.02001953125,1.25,319.785,1448.768017578125,1443.3825073242188,56.500245807614576
2025-03-13,1448.75,103.83000183105469,66.55000305175781,2573.639892578125,4.27400016784668,5521.52001953125,24.65999984741211,148.2790069580078,4453.240234375,1.25,319.785,1449.91201171875,1443.2140075683594,60.80345651205386
2025-03-14,1453.22998046875,103.72000122070312,67.18000030517578,2566.360107421875,4.308000087738037,5638.93994140625,21.770000457763672,147.94900512695312,4598.7900390625,1.25,319.785,1451.2580078125,1443.9385070800781,61.72025368854565
2025-03-17,1449.050048828125,103.37000274658203,67.58000183105469,2610.68994140625,4.306000232696533,5675.1201171875,20.510000228881836,148.59800720214844,4663.97021484375,1.25,319.785,1451.816015625,1444.7610107421874,62.8560834398795
2025-03-18,1442.489990234375,103.23999786376953,66.9000015258789,2612.340087890625,4.281000137329102,5614.66015625,21.700000762939453,149.37899780273438,4589.02978515625,1.25,319.785,1448.9080078125,1444.8210083007812,57.63667417794555
2025-03-19,1448.93994140625,103.43000030517578,67.16000366210938,2628.6201171875,4.25600004196167,5675.2900390625,19.899999618530273,149.45199584960938,4634.52978515625,1.25,319.785,1448.4919921875,1445.2640075683594,58.38525342503415
2025-03-20,1443.3900146484375,103.8499984741211,68.26000213623047,2637.10009765625,4.232999801635742,5662.89013671875,19.799999237060547,148.49000549316406,4601.3701171875,1.25,319.785,1447.4199951171875,1445.4345092773438,45.78173448532735
2025-03-21,1465.8199462890625,104.08999633789062,68.27999877929688,2643.1298828125,4.251999855041504,5667.56005859375,19.280000686645508,148.5959930419922,4557.9501953125,1.25,319.785,1449.93798828125,1447.1405090332032,53.37514594948265
2025-03-24,1464.780029296875,104.26000213623047,69.11000061035156,2632.070068359375,4.330999851226807,5767.56982421875,17.479999542236328,149.677001953125,4694.22021484375,1.25,319.785,1453.083984375,1448.6650085449219,53.87662501847986
2025-03-25,1466.27001953125,104.18000030517578,69.0,2615.81005859375,4.307000160217285,5776.64990234375,17.149999618530273,150.7740020751953,4661.33984375,1.25,319.785,1457.839990234375,1450.5460083007813,57.91652924817563
2025-03-26,1462.0899658203125,104.55000305175781,69.6500015258789,2643.93994140625,4.3379998207092285,5712.2001953125,18.329999923706055,149.9499969482422,4508.740234375,1.25,319.785,1460.4699951171874,1452.1755065917969,62.04499274086668
2025-03-27,1465.6800537109375,104.06999969482422,69.91999816894531,2607.14990234375,4.36899995803833,5693.31005859375,18.690000534057617,150.47300720214844,4415.25,1.25,319.785,1464.9280029296874,1453.738507080078,62.10252752517589
2025-03-28,1461.8900146484375,104.04000091552734,69.36000061035156,2557.97998046875,4.255000114440918,5580.93994140625,21.649999618530273,150.8470001220703,4284.91015625,1.25,319.785,1464.1420166015625,1454.3400085449218,59.43955825217667
2025-03-31,1469.4100341796875,104.20999908447266,71.4800033569336,2481.1201171875,4.245999813079834,5611.85009765625,22.280000686645508,149.61700439453125,4270.43017578125,1.25,319.785,1465.068017578125,1454.8205078125,57.78225911653169
2025-04-01,1471.9599609375,104.26000213623047,71.19999694824219,2521.389892578125,4.156000137329102,5633.06982421875,21.770000457763672,149.91299438476562,4282.4599609375,1.25,320.302,1466.206005859375,1455.5220031738281,63.76182117494537
2025-04-02,1469.969970703125,103.80999755859375,71.70999908447266,2505.860107421875,4.196000099182129,5670.97021484375,21.510000228881836,149.7830047607422,4320.75,1.25,320.302,1467.7820068359374,1456.3780029296875,63.99737821925044
2025-04-03,1466.0400390625,102.06999969482422,66.94999694824219,2486.699951171875,4.054999828338623,5396.52001953125,30.020000457763672,147.8719940185547,3893.68994140625,1.25,320.302,1467.85400390625,1457.5285034179688,58.511694454988756
2025-04-04,1450.6800537109375,103.0199966430664,61.9900016784668,2465.419921875,3.984999895095825,5074.080078125,45.310001373291016,146.2310028076172,3597.659912109375,1.25,320.302,1465.61201171875,1457.7375061035157,50.94296452284003
2025-04-07,1458.52001953125,103.26000213623047,60.70000076293945,2328.199951171875,4.15500020980835,5062.25,46.97999954223633,145.43299865722656,3694.949951171875,1.25,320.302,1463.4340087890625,1458.3505065917968,59.13811484193854
2025-04-08,1469.949951171875,102.95999908447266,59.58000183105469,2334.22998046875,4.26200008392334,4982.77001953125,52.33000183105469,147.78900146484375,3562.93994140625,1.25,320.302,1463.0320068359374,1458.9965026855468,61.33351946625506
2025-04-09,1486.1300048828125,102.9000015258789,62.349998474121094,2293.699951171875,4.400000095367432,5456.89990234375,33.619998931884766,145.84500122070312,4230.4501953125,1.25,320.302,1466.264013671875,1460.752001953125,70.68334443924593
2025-04-10,1443.949951171875,100.87000274658203,60.06999969482422,2445.06005859375,4.394000053405762,5268.0498046875,40.720001220703125,147.3990020751953,3893.300048828125,1.25,320.302,1461.84599609375,1460.5119995117188,41.11481081424216
2025-04-11,1452.0400390625,99.77999877929688,61.5,2432.719970703125,4.493000030517578,5363.35986328125,37.560001373291016,143.7469940185547,3990.89990234375,1.25,320.302,1462.1179931640625,1460.4525024414063,45.10452706708795
2025-04-14,1419.050048828125,99.63999938964844,61.529998779296875,2455.889892578125,4.363999843597412,5405.97021484375,30.889999389648438,143.6959991455078,4003.219970703125,1.25,320.302,1454.2239990234375,1458.9525024414063,35.39167910380124
2025-04-15,1419.4200439453125,100.22000122070312,61.33000183105469,2477.409912109375,4.322999954223633,5396.6298828125,30.1200008392334,143.2209930419922,4021.889892578125,1.25,320.302,1444.118017578125,1457.799005126953,36.48060768266836
2025-04-16,1427.02001953125,99.37999725341797,62.470001220703125,2447.429931640625,4.2789998054504395,5275.7001953125,32.63999938964844,143.18099975585938,3857.169921875,1.25,320.302,1432.2960205078125,1456.7030090332032,38.05461407377177
2025-04-17,1414.22998046875,99.37999725341797,64.68000030517578,2470.409912109375,4.333000183105469,5282.7001953125,29.649999618530273,141.92799377441406,3832.469970703125,1.25,320.302,1426.3520263671876,1455.2450073242187,36.049628507950445
2025-04-22,1421.6400146484375,98.91999816894531,64.30999755859375,2486.639892578125,4.388999938964844,5287.759765625,30.56999969482422,140.87600708007812,3832.050048828125,1.25,320.302,1420.272021484375,1453.0360107421875,36.00842643601229
2025-04-23,1429.219970703125,99.83999633789062,62.27000045776367,2525.56005859375,4.38700008392334,5375.85986328125,28.450000762939453,142.68800354003906,3983.919921875,1.25,320.302,1422.306005859375,1451.2580078125,37.83999299835656
2025-04-24,1426.449951171875,99.29000091552734,62.790000915527344,2522.330078125,4.304999828338623,5484.77001953125,26.469999313354492,143.22300720214844,4208.18994140625,1.25,320.302,1423.7119873046875,1449.2670043945313,37.672780785199976
2025-04-25,1430.06005859375,99.47000122070312,63.02000045776367,2546.300048828125,4.265999794006348,5525.2099609375,24.84000015258789,142.87899780273438,4251.60986328125,1.25,320.302,1424.3199951171875,1447.665509033203,39.79002821054265
2025-04-28,1437.3599853515625,99.01000213623047,62.04999923706055,2548.860107421875,4.216000080108643,5528.75,25.149999618530273,143.84100341796875,4235.6201171875,1.25,320.302,1428.94599609375,1446.2495056152343,46.0389979991346
2025-04-29,1435.8800048828125,99.23999786376953,60.41999816894531,2565.419921875,4.172999858856201,5560.830078125,24.170000076293945,142.17799377441406,4196.75,1.25,320.302,1431.793994140625,1444.9490051269531,43.00284538705489
2025-04-30,1431.1600341796875,99.47000122070312,58.209999084472656,2556.610107421875,4.177000045776367,5569.06005859375,24.700000762939453,142.2989959716797,4230.08984375,1.25,320.302,1432.1820068359375,1443.0365051269532,37.49278733562407
2025-05-01,1423.75,100.25,59.2400016784668,2556.610107421875,4.230999946594238,5604.14013671875,24.600000381469727,143.00900268554688,4247.66015625,1.0,320.62,1431.6420166015625,1440.6260070800781,28.6808161262788
2025-05-02,1435.0999755859375,100.0,58.290000915527344,2559.7900390625,4.322000026702881,5686.669921875,22.68000030517578,145.447998046875,4397.0498046875,1.0,320.62,1432.65,1438.8825073242188,46.16784945202134
2025-05-05,1398.9000244140625,99.83000183105469,57.130001068115234,2559.7900390625,4.3429999351501465,5650.3798828125,23.639999389648438,144.62399291992188,4356.18017578125,1.0,320.62,1424.9580078125,1435.5255065917968,31.494626371038436
2025-05-06,1374.3699951171875,99.23999786376953,59.09000015258789,2559.7900390625,4.308000087738037,5606.91015625,24.760000228881836,143.6540069580078,4311.2001953125,1.0,320.62,1412.656005859375,1431.7100036621093,33.46652778066371
2025-05-07,1374.77001953125,99.61000061035156,58.06999969482422,2573.800048828125,4.275000095367432,5631.27978515625,23.549999237060547,143.03500366210938,4386.35986328125,1.0,320.62,1401.3780029296875,1427.5225036621093,33.48131100691957
2025-05-08,1397.2900390625,100.63999938964844,59.90999984741211,2579.47998046875,4.373000144958496,5663.93994140625,22.479999542236328,143.84800720214844,4430.43994140625,1.0,320.62,1396.0860107421875,1423.8895080566406,40.09463352893424
2025-05-09,1403.8499755859375,100.33999633789062,61.02000045776367,2577.27001953125,4.375,5659.91015625,21.899999618530273,146.01499938964844,4466.5,1.0,320.62,1389.8360107421875,1419.7755065917968,46.3918216944728
2025-05-12,1395.1700439453125,101.79000091552734,61.95000076293945,2607.330078125,4.456999778747559,5844.18994140625,18.389999389648438,145.81199645996094,4780.93017578125,1.0,320.62,1389.0900146484375,1417.3365112304687,40.879334421320046
2025-05-13,1416.030029296875,101.0,63.66999816894531,2608.419921875,4.499000072479248,5886.5498046875,18.219999313354492,148.30999755859375,4931.35009765625,1.0,320.62,1397.422021484375,1415.5360107421875,45.836242707297714
2025-05-14,1416.0,101.04000091552734,63.150001525878906,2640.570068359375,4.5279998779296875,5892.580078125,18.6200008392334,147.5279998779297,4960.72998046875,1.0,320.62,1405.668017578125,1415.3835083007812,46.643123119731726
2025-05-15,1407.3299560546875,100.87999725341797,61.619998931884766,2621.360107421875,4.454999923706055,5916.93017578125,17.829999923706055,146.64999389648438,4932.4501953125,1.0,320.62,1407.6760009765626,1414.77900390625,42.92821687232015
2025-05-16,1397.02001953125,101.08999633789062,62.4900016784668,2626.8701171875,4.440999984741211,5958.3798828125,17.239999771118164,145.61300659179688,4922.18994140625,1.0,320.62,1406.310009765625,1413.27900390625,37.680184731056606
2025-05-19,1398.1300048828125,100.43000030517578,62.689998626708984,2603.419921875,4.474999904632568,5963.60009765625,18.139999389648438,145.29800415039062,4897.7099609375,1.0,320.62,1406.902001953125,1412.4740051269532,38.44504626495148
2025-05-20,1388.550048828125,100.12000274658203,62.560001373291016,2601.800048828125,4.480999946594238,5940.4599609375,18.09000015258789,144.97500610351562,4890.77978515625,1.0,320.62,1401.406005859375,1410.8195068359375,37.33427674667538
2025-05-21,1392.72998046875,99.55999755859375,61.56999969482422,2625.580078125,4.5960001945495605,5844.60986328125,20.8700008392334,144.3280029296875,4802.7099609375,1.0,320.62,1396.752001953125,1408.9950073242187,40.598839523674926
2025-05-22,1373.8599853515625,99.95999908447266,61.20000076293945,2593.669921875,4.552999973297119,5842.009765625,20.280000686645508,143.7550048828125,4775.47021484375,1.0,320.62,1390.0580078125,1406.3655090332031,32.24925307016116
2025-05-23,1381.3399658203125,99.11000061035156,61.529998779296875,2592.090087890625,4.508999824523926,5802.81982421875,22.290000915527344,143.85800170898438,4702.3798828125,1.0,320.62,1386.9219970703125,1403.9295043945312,43.89341882286619
2025-05-26,1364.72998046875,98.93000030517578,61.529998779296875,2644.39990234375,4.508999824523926,5802.81982421875,22.290000915527344,142.86700439453125,4702.3798828125,1.0,320.62,1380.2419921875,1400.2980041503906,46.452218088112545
2025-05-27,1368.0999755859375,99.5199966430664,60.88999938964844,2637.219970703125,4.434000015258789,5921.5400390625,18.959999084472656,142.65499877929688,4861.08984375,1.0,320.62,1376.1519775390625,1396.909002685547,47.597760647432104
2025-05-28,1374.800048828125,99.87999725341797,61.84000015258789,2670.14990234375,4.4770002365112305,5888.5498046875,19.309999465942383,144.177001953125,4834.419921875,1.0,320.62,1372.5659912109375,1394.0910034179688,40.85845334307172
2025-05-29,1373.5999755859375,99.27999877929688,60.939998626708984,2720.639892578125,4.423999786376953,5912.169921875,19.18000030517578,145.69700622558594,4860.47998046875,1.0,320.62,1372.5139892578125,1391.5835021972657,37.14406072704786
2025-05-30,1370.4100341796875,99.33000183105469,60.790000915527344,2697.669921875,4.415999889373779,5911.68994140625,18.56999969482422,143.7790069580078,4758.06005859375,1.0,320.62,1370.3280029296875,1388.3490051269532,38.962183858757044
2025-06-02,1381.989990234375,98.69999694824219,62.52000045776367,2698.969970703125,4.461999893188477,5935.93994140625,18.360000610351562,143.81500244140625,4832.7900390625,1.0,321.435,1373.7800048828126,1387.5035034179687,33.45641629251345
2025-06-03,1376.0699462890625,99.25,63.40999984741211,2698.969970703125,4.460000038146973,5970.3701171875,17.690000534057617,142.45199584960938,4964.41015625,1.0,321.435,1375.3739990234376,1387.5885009765625,31.64471299364901
2025-06-04,1377.719970703125,98.79000091552734,62.849998474121094,2770.840087890625,4.364999771118164,5970.81005859375,17.610000610351562,143.83700561523438,5033.35009765625,1.0,321.435,1375.9579833984376,1387.7359985351563,35.44962119167161
2025-06-05,1361.0899658203125,98.73999786376953,63.369998931884766,2812.050048828125,4.394000053405762,5939.2998046875,18.479999542236328,142.73199462890625,5010.919921875,1.0,321.435,1373.4559814453125,1385.9259948730469,33.376482109636285
2025-06-06,1354.550048828125,99.19000244140625,64.58000183105469,2812.050048828125,4.510000228881836,6000.35986328125,16.770000457763672,143.54200744628906,5038.06005859375,1.0,321.435,1370.283984375,1383.4609985351562,30.801760825819997
2025-06-09,1359.18994140625,98.94000244140625,65.29000091552734,2855.77001953125,4.48199987411499,6005.8798828125,17.15999984741211,144.6909942626953,5136.66015625,1.0,321.435,1365.723974609375,1381.6619934082032,36.47745136182395
2025-06-10,1353.8499755859375,99.05000305175781,64.9800033569336,2871.85009765625,4.473999977111816,6038.81005859375,16.950000762939453,144.5399932861328,5242.5,1.0,321.435,1361.27998046875,1378.5529907226562,32.28214613523211
2025-06-11,1363.8800048828125,98.62999725341797,68.1500015258789,2907.0400390625,4.4120001792907715,6022.240234375,17.260000228881836,144.83799743652344,5232.52978515625,1.0,321.435,1358.5119873046874,1375.9469909667969,45.05353287964299
2025-06-12,1365.68994140625,97.91999816894531,68.04000091552734,2920.030029296875,4.35699987411499,6045.259765625,18.020000457763672,144.2030029296875,5249.14990234375,1.0,321.435,1359.431982421875,1373.864990234375,41.78129876057587
2025-06-13,1349.7900390625,98.18000030517578,72.9800033569336,2894.6201171875,4.423999786376953,5976.97021484375,20.81999969482422,143.19400024414062,5112.240234375,1.0,321.435,1358.47998046875,1371.5034912109375,42.09524867530763
2025-06-16,1365.1400146484375,98.0,71.7699966430664,2946.659912109375,4.452000141143799,6033.10986328125,19.110000610351562,144.09100341796875,5267.2998046875,1.0,321.435,1359.6699951171875,1369.8539916992188,48.61008251918531
2025-06-17,1357.780029296875,98.81999969482422,74.83999633789062,2950.300048828125,4.39300012588501,5982.72021484375,21.600000381469727,144.72900390625,5223.64990234375,1.0,321.435,1360.456005859375,1368.3154907226562,42.05708634503377
2025-06-18,1380.5,98.91000366210938,75.13999938964844,2972.18994140625,4.396999835968018,5980.8701171875,20.139999389648438,145.37600708007812,5251.02001953125,1.0,321.435,1363.7800048828126,1367.7039916992187,52.68150503947422
2025-06-19,1370.75,98.91000366210938,75.13999938964844,2977.739990234375,4.396999835968018,5980.8701171875,20.139999389648438,144.9550018310547,5251.02001953125,1.0,321.435,1364.7920166015624,1367.5484924316406,50.12570877632324
2025-06-20,1374.8900146484375,98.70999908447266,74.93000030517578,3021.840087890625,4.375,5967.83984375,20.6200008392334,145.21800231933594,5211.47998046875,1.0,321.435,1369.81201171875,1367.2259948730468,47.22178967510563
2025-06-23,1369.469970703125,98.41999816894531,68.51000213623047,3014.469970703125,4.320000171661377,6025.169921875,19.829999923706055,146.2239990234375,5244.2998046875,1.0,321.435,1370.6780029296874,1367.4629943847656,47.407293739660005
2025-06-24,1361.93994140625,97.86000061035156,64.37000274658203,3103.639892578125,4.293000221252441,6092.18017578125,17.479999542236328,145.92799377441406,5441.8701171875,1.0,321.435,1371.5099853515626,1367.1549926757812,44.074771461363866
2025-06-25,1353.780029296875,97.68000030517578,64.91999816894531,3108.25,4.293000221252441,6092.16015625,16.760000228881836,144.95700073242188,5493.2998046875,1.0,321.435,1366.1659912109376,1366.1039916992188,47.068745918819886
2025-06-26,1357.030029296875,97.1500015258789,65.23999786376953,3079.56005859375,4.252999782562256,6141.02001953125,16.59000015258789,144.9040069580078,5541.4599609375,1.0,321.435,1363.4219970703125,1365.2754943847656,51.021411635525574
2025-06-27,1352.760009765625,97.4000015258789,65.5199966430664,3055.93994140625,4.2829999923706055,6173.06982421875,16.31999969482422,144.69400024414062,5544.990234375,1.0,321.435,1358.99599609375,1364.3929931640625,47.343657335124604
2025-06-30,1363.5899658203125,96.87999725341797,65.11000061035156,3071.699951171875,4.230000019073486,6204.9501953125,16.729999542236328,144.51699829101562,5546.5400390625,1.0,321.435,1357.8199951171875,1363.4729919433594,53.84919677746152
2025-07-01,1348.5,96.81999969482422,65.44999694824219,3089.64990234375,4.250999927520752,6198.009765625,16.829999923706055,143.8000030517578,5507.5,1.0,322.169,1355.1320068359375,1362.0944946289062,44.155632103504864
2025-07-02,1355.5899658203125,96.77999877929688,67.44999694824219,3075.06005859375,4.293000221252441,6227.419921875,16.639999389648438,143.40199279785156,5611.0498046875,1.0,322.169,1355.493994140625,1360.9879943847657,46.310099852384376
2025-07-03,1354.75,97.18000030517578,67.0,3116.27001953125,4.3480000495910645,6279.35009765625,16.3799991607666,143.5260009765625,5647.1201171875,1.0,322.169,1355.03798828125,1360.67099609375,52.036112024245725
2025-07-04,1357.0999755859375,97.18000030517578,66.5,3054.280029296875,4.3480000495910645,6279.35009765625,16.3799991607666,144.6820068359375,5647.1201171875,1.0,322.169,1355.9059814453126,1360.7984924316406,46.30512247444148
2025-07-07,1362.199951171875,97.4800033569336,67.93000030517578,3059.469970703125,4.394999980926514,6229.97998046875,17.790000915527344,144.4980010986328,5541.2001953125,1.0,322.169,1355.627978515625,1360.948992919922,52.074305604887414
2025-07-08,1374.6400146484375,97.51000213623047,68.33000183105469,3114.949951171875,4.414999961853027,6225.52001953125,16.809999465942383,145.89199829101562,5641.22021484375,1.0,322.169,1360.8559814453124,1361.9884948730469,46.95616445652271
2025-07-09,1370.300048828125,97.47000122070312,68.37999725341797,3133.739990234375,4.3420000076293945,6263.259765625,15.9399995803833,146.8489990234375,5665.990234375,1.0,322.169,1363.797998046875,1362.3094970703125,49.752365494019415
2025-07-10,1373.0,97.6500015258789,66.56999969482422,3183.22998046875,4.3460001945495605,6280.4599609375,15.779999732971191,146.11399841308594,5708.27978515625,1.0,322.169,1367.447998046875,1362.675,48.9430605711009
2025-07-11,1372.6400146484375,97.8499984741211,68.44999694824219,3175.77001953125,4.422999858856201,6259.75,16.399999618530273,146.28799438476562,5696.2900390625,1.0,322.169,1370.556005859375,1363.8174987792968,51.879107313677565
2025-07-14,1378.1700439453125,98.08000183105469,66.9800033569336,3202.030029296875,4.427000045776367,6268.56005859375,17.200000762939453,147.2949981689453,5646.72021484375,1.0,322.169,1373.7500244140624,1364.4690002441407,59.85437490457436
2025-07-15,1382.010009765625,98.62000274658203,66.5199966430664,3215.280029296875,4.488999843597412,6243.759765625,17.3799991607666,147.79200744628906,5718.60986328125,1.0,322.169,1375.2240234375,1365.6804992675782,68.08923375363725
2025-07-16,1386.449951171875,98.38999938964844,66.37999725341797,3186.3798828125,4.454999923706055,6263.7001953125,17.15999984741211,148.76100158691406,5696.2099609375,1.0,322.169,1378.45400390625,1365.9779968261719,68.56855807990533
2025-07-17,1384.9200439453125,98.7300033569336,67.54000091552734,3192.2900390625,4.4629998207092285,6297.35986328125,16.520000457763672,148.0030059814453,5737.64013671875,1.0,322.169,1380.8380126953125,1366.6864990234376,71.02523299298826
2025-07-18,1391.5799560546875,98.4800033569336,67.33999633789062,3188.070068359375,4.432000160217285,6296.7900390625,16.40999984741211,148.44200134277344,5732.6201171875,1.0,322.169,1384.6260009765624,1367.52099609375,69.35427780403809
2025-07-21,1390.5699462890625,97.8499984741211,67.19999694824219,3210.81005859375,4.372000217437744,6305.60009765625,16.649999618530273,148.43099975585938,5739.419921875,1.0,322.169,1387.1059814453124,1368.575994873047,86.12418425339139
2025-07-22,1381.8199462890625,97.38999938964844,66.20999908447266,3169.93994140625,4.335999965667725,6309.6201171875,16.5,147.40899658203125,5638.7099609375,1.0,322.169,1387.06796875,1369.5699951171875,71.89859278947283
2025-07-23,1379.780029296875,97.20999908447266,65.25,3183.77001953125,4.388000011444092,6358.91015625,15.369999885559082,146.78500366210938,5637.7900390625,1.0,322.169,1385.733984375,1370.8699951171875,70.48632619703224
2025-07-24,1373.719970703125,97.37999725341797,66.02999877929688,3190.449951171875,4.4079999923706055,6363.35009765625,15.390000343322754,146.3489990234375,5644.3701171875,1.0,322.169,1383.4939697265625,1371.7044921875,62.824133117574256
2025-07-25,1372.0,97.6500015258789,65.16000366210938,3196.050048828125,4.386000156402588,6388.64013671875,14.930000305175781,147.0050048828125,5645.85986328125,1.0,322.169,1379.577978515625,1372.6664916992188,57.97793898439829
2025-07-28,1382.780029296875,98.66000366210938,66.70999908447266,3209.52001953125,4.420000076293945,6389.77001953125,15.029999732971191,147.81300354003906,5737.10009765625,1.0,322.169,1378.0199951171876,1373.625994873047,56.810628514700205
2025-07-29,1388.2900390625,98.91000366210938,69.20999908447266,3230.570068359375,4.329999923706055,6370.85986328125,15.979999542236328,148.47900390625,5739.7900390625,1.0,322.169,1379.314013671875,1375.615496826172,64.76291030901399
2025-07-30,1388.8599853515625,99.94000244140625,70.0,3254.469970703125,4.375999927520752,6362.89990234375,15.479999542236328,148.44200134277344,5787.31982421875,1.0,322.169,1381.1300048828125,1377.2789978027345,63.48645489705971
2025-07-31,1392.52001953125,100.02999877929688,69.26000213623047,3245.43994140625,4.360000133514404,6339.39013671875,16.719999313354492,149.2259979248047,5607.919921875,1.0,322.169,1384.8900146484375,1379.167498779297,66.00651437624946
2025-08-01,1391.510009765625,98.69000244140625,67.33000183105469,3119.409912109375,4.21999979019165,6238.009765625,20.3799991607666,150.77200317382812,5527.60986328125,1.0,323.291,1388.7920166015624,1380.8880004882812,61.58391156960141
2025-08-04,1390.1800537109375,98.77999877929688,66.29000091552734,3147.75,4.199999809265137,6329.93994140625,17.520000457763672,147.34300231933594,5624.41015625,1.0,323.291,1390.272021484375,1382.2870056152344,57.41791187038798
2025-08-05,1383.5899658203125,98.77999877929688,65.16000366210938,3198.0,4.196000099182129,6299.18994140625,17.850000381469727,146.79299926757812,5561.68994140625,1.0,323.291,1389.3320068359376,1382.7345031738282,47.50088000938676
2025-08-06,1386.5799560546875,98.18000030517578,64.3499984741211,3198.139892578125,4.21999979019165,6345.06005859375,16.770000457763672,147.55999755859375,5550.2998046875,1.0,323.291,1388.8760009765624,1383.5484985351563,51.41437801899705
2025-08-07,1384.3900146484375,98.4000015258789,63.880001068115234,3227.679931640625,4.24399995803833,6340.0,16.56999969482422,147.1929931640625,5633.7001953125,1.0,323.291,1387.25,1384.1179992675782,43.368431482048614
2025-08-08,1384.969970703125,98.18000030517578,63.880001068115234,3210.010009765625,4.284999847412109,6389.4501953125,15.149999618530273,146.83700561523438,5678.02001953125,1.0,323.291,1385.9419921875,1384.7344970703125,44.79361728689297
2025-08-11,1387.81005859375,98.5199966430664,63.959999084472656,3206.77001953125,4.2729997634887695,6373.4501953125,16.25,147.66400146484375,5670.3701171875,1.0,323.291,1385.4679931640626,1385.2164978027345,56.25664603685824
2025-08-12,1389.7900390625,98.0999984741211,63.16999816894531,3189.909912109375,4.293000221252441,6445.759765625,14.729999542236328,148.125,5840.08984375,1.0,323.291,1386.7080078125,1385.6054992675781,60.46851861308277
2025-08-13,1383.0899658203125,97.83999633789062,62.650001525878906,3224.3701171875,4.23799991607666,6466.580078125,14.489999771118164,147.75799560546875,5892.60986328125,1.0,323.291,1386.010009765625,1385.4375,59.669742985061845
2025-08-14,1378.780029296875,98.25,63.959999084472656,3225.659912109375,4.293000221252441,6468.5400390625,14.829999923706055,147.1199951171875,5885.490234375,1.0,323.291,1384.8880126953125,1385.1304992675782,56.64187314646514
2025-08-15,1387.8699951171875,97.8499984741211,62.79999923706055,3225.659912109375,4.328000068664551,6449.7998046875,15.09000015258789,147.6909942626953,5752.740234375,1.0,323.291,1385.468017578125,1384.945001220703,55.15700946138149
2025-08-18,1387.97998046875,98.16999816894531,63.41999816894531,3177.280029296875,4.341000080108643,6449.14990234375,14.989999771118164,147.26400756835938,5776.31005859375,1.0,323.291,1385.502001953125,1384.8155029296875,49.64725945594631
2025-08-19,1386.9100341796875,98.2699966430664,62.349998474121094,3151.56005859375,4.302000045776367,6411.3701171875,15.569999694824219,147.91600036621094,5671.509765625,1.0,323.291,1384.9260009765626,1385.0700073242188,47.80657669978634
2025-08-20,1391.3399658203125,98.22000122070312,63.209999084472656,3130.090087890625,4.296000003814697,6395.77978515625,15.6899995803833,147.7310028076172,5630.81982421875,1.0,323.291,1386.5760009765625,1385.6480041503905,48.69520382463064
2025-08-21,1396.9100341796875,98.62000274658203,63.52000045776367,3141.739990234375,4.329999923706055,6370.169921875,16.600000381469727,147.3179931640625,5603.259765625,1.0,323.291,1390.202001953125,1386.8075073242187,55.42389963633867
2025-08-22,1399.6099853515625,97.72000122070312,63.65999984741211,3168.72998046875,4.260000228881836,6466.91015625,14.220000267028809,148.38600158691406,5754.4599609375,1.0,323.291,1392.55,1388.188006591797,59.217937091308286
2025-08-25,1382.8900146484375,98.43000030517578,64.80000305175781,3209.860107421875,4.275000095367432,6439.31982421875,14.789999961853027,147.21499633789062,5756.2998046875,1.0,323.291,1391.5320068359374,1388.193505859375,49.42888901283655
2025-08-26,1389.050048828125,98.2300033569336,63.25,3179.360107421875,4.257999897003174,6465.93994140625,14.619999885559082,147.82200622558594,5807.919921875,1.0,323.291,1391.960009765625,1388.2315063476562,51.91629117398048
2025-08-27,1393.949951171875,98.2300033569336,64.1500015258789,3187.159912109375,4.23799991607666,6481.39990234375,14.850000381469727,147.46200561523438,5824.60986328125,1.0,323.291,1392.4820068359375,1388.4860046386718,57.11730673806239
2025-08-28,1392.75,97.80999755859375,64.5999984741211,3196.320068359375,4.206999778747559,6501.85986328125,14.430000305175781,147.3159942626953,5853.0498046875,1.0,323.291,1391.65,1388.4975036621095,55.73919589663792
2025-08-29,1384.4100341796875,97.7699966430664,64.01000213623047,3186.010009765625,4.2270002365112305,6460.259765625,15.359999656677246,146.7899932861328,5668.93994140625,1.0,323.291,1388.610009765625,1388.1425048828125,47.68010368028359
2025-09-01,1388.8399658203125,97.7699966430664,64.01000213623047,3142.929931640625,4.2270002365112305,6460.259765625,15.359999656677246,147.0970001220703,5668.93994140625,1.0,324.245,1389.8,1388.0755004882812,49.37272013630421
2025-09-02,1392.93994140625,98.4000015258789,65.58999633789062,3172.35009765625,4.2769999504089355,6415.5400390625,17.170000076293945,147.08399963378906,5605.4599609375,1.0,324.245,1390.577978515625,1388.5429992675781,56.73461007516563
2025-09-03,1394.5699462890625,98.13999938964844,63.970001220703125,3184.419921875,4.210999965667725,6448.259765625,16.350000381469727,148.54800415039062,5592.81982421875,1.0,324.245,1390.7019775390625,1388.9424987792968,61.206536561530214
2025-09-04,1389.6300048828125,98.3499984741211,63.47999954223633,3200.830078125,4.176000118255615,6502.080078125,15.300000190734863,147.97999572753906,5667.85986328125,1.0,324.245,1390.077978515625,1389.2044982910156,51.32731631334166
2025-09-05,1392.06005859375,97.7699966430664,61.869998931884766,3205.1201171875,4.085999965667725,6481.5,15.180000305175781,148.375,5761.39990234375,1.0,324.245,1391.6079833984375,1389.5590026855468,52.972967203432646
2025-09-08,1385.510009765625,97.44999694824219,62.2599983215332,3219.590087890625,4.046000003814697,6495.14990234375,15.109999656677246,148.343994140625,5809.60986328125,1.0,324.245,1390.9419921875,1389.4440002441406,49.055310736790084
2025-09-09,1385.719970703125,97.79000091552734,62.630001068115234,3260.050048828125,4.073999881744385,6512.60986328125,15.039999961853027,147.36399841308594,5819.830078125,1.0,324.245,1389.497998046875,1389.240496826172,45.97881056152885
2025-09-10,1387.25,97.77999877929688,63.66999816894531,3314.530029296875,4.0320000648498535,6532.0400390625,15.350000381469727,147.39199829101562,5958.08984375,1.0,324.245,1388.0340087890625,1389.4484985351562,42.66397705424402
2025-09-11,1387.199951171875,97.54000091552734,62.369998931884766,3344.199951171875,4.011000156402588,6587.47021484375,14.710000038146973,147.33200073242188,5995.39013671875,1.0,324.245,1387.547998046875,1389.8694946289063,40.18035317231107
2025-09-12,1389.5,97.55000305175781,62.689998626708984,3395.5400390625,4.060999870300293,6584.2900390625,14.760000228881836,147.2239990234375,6001.740234375,1.0,324.245,1387.035986328125,1389.950994873047,56.77670622216994
2025-09-15,1393.699951171875,97.30000305175781,63.29999923706055,3407.31005859375,4.033999919891357,6615.27978515625,15.6899995803833,147.66600036621094,6059.830078125,1.0,324.245,1388.673974609375,1390.236993408203,54.966802793468
2025-09-16,1385.010009765625,96.62999725341797,64.5199966430664,3449.6201171875,4.026000022888184,6606.759765625,16.360000610351562,147.40499877929688,6079.22021484375,1.0,324.245,1388.531982421875,1390.1419921875,41.166040230245535
2025-09-17,1377.6400146484375,96.87000274658203,64.05000305175781,3413.39990234375,4.076000213623047,6600.35009765625,15.720000267028809,146.41299438476562,6060.22021484375,1.0,324.245,1386.6099853515625,1389.4569946289062,36.69190360792931
2025-09-18,1378.68994140625,97.3499984741211,63.56999969482422,3461.300048828125,4.104000091552734,6631.9599609375,15.699999809265137,146.89100646972656,6278.16015625,1.0,324.245,1384.9079833984374,1388.5459899902344,44.2197765327294
2025-09-19,1386.75,97.63999938964844,62.68000030517578,3445.239990234375,4.138999938964844,6664.35986328125,15.449999809265137,147.94700622558594,6232.25,1.0,324.245,1384.3579833984375,1387.9029907226563,48.032417250279835
2025-09-22,1396.22998046875,97.33000183105469,62.63999938964844,3468.64990234375,4.14300012588501,6693.75,16.100000381469727,148.09500122070312,6330.1201171875,1.0,324.245,1384.8639892578126,1388.5699890136718,52.812480434102056
2025-09-23,1389.3900146484375,97.26000213623047,63.40999984741211,3486.18994140625,4.119999885559082,6656.919921875,16.639999389648438,147.72500610351562,6308.2099609375,1.0,324.245,1385.739990234375,1388.5869873046875,45.93411647471398
2025-09-24,1391.8499755859375,97.87000274658203,64.98999786376953,3472.139892578125,4.146999835968018,6637.97021484375,16.18000030517578,147.61300659179688,6297.0,1.0,324.245,1388.581982421875,1388.4819885253905,51.81310990321307
2025-09-25,1403.6500244140625,98.55000305175781,64.9800033569336,3471.110107421875,4.171999931335449,6604.72021484375,16.739999771118164,148.75100708007812,6284.669921875,1.0,324.245,1393.5739990234374,1389.0269897460937,58.209357863846314
2025-09-26,1408.9200439453125,98.1500015258789,65.72000122070312,3386.050048828125,4.186999797821045,6643.7001953125,15.289999961853027,149.86099243164062,6305.0498046875,1.0,324.245,1398.0080078125,1390.252490234375,66.88793508833419
2025-09-29,1408.7099609375,97.91000366210938,63.45000076293945,3431.2099609375,4.140999794006348,6661.2099609375,16.1200008392334,149.40499877929688,6315.10986328125,1.0,324.245,1400.50400390625,1391.2459899902344,66.58488731709723
2025-09-30,1399.3299560546875,97.7699966430664,62.369998931884766,3424.60009765625,4.1479997634887695,6688.4599609375,16.280000686645508,148.59500122070312,6369.81982421875,1.0,324.245,1402.4919921875,1391.5654907226562,57.82785815423314
2025-10-01,1403.1500244140625,97.70999908447266,61.779998779296875,3455.830078125,4.105999946594238,6711.2001953125,16.290000915527344,147.9969940185547,6500.27978515625,1.0,324.245,1404.752001953125,1391.9944946289063,59.85423369367657
2025-10-02,1401.8199462890625,97.8499984741211,60.47999954223633,3549.2099609375,4.0879998207092285,6715.35009765625,16.6299991607666,147.08299255371094,6626.3798828125,1.0,324.245,1404.385986328125,1392.6039916992188,57.7038103423797
2025-10-03,1405.6300048828125,97.72000122070312,60.880001068115234,3549.2099609375,4.11899995803833,6715.7900390625,16.649999618530273,147.14999389648438,6583.740234375,1.0,324.245,1403.727978515625,1393.282489013672,57.49655973330837
2025-10-06,1406.06005859375,98.11000061035156,61.689998626708984,3549.2099609375,4.1620001792907715,6740.27978515625,16.3700008392334,149.6060028076172,6774.06005859375,1.0,324.245,1403.197998046875,1394.309991455078,64.7594723489919
2025-10-07,1409.9200439453125,98.58000183105469,61.72999954223633,3549.2099609375,4.126999855041504,6714.58984375,17.239999771118164,150.33099365234375,6634.759765625,1.0,324.245,1405.316015625,1395.5199951171876,73.80522847574808
2025-10-08,1414.5699462890625,98.8499984741211,62.54999923706055,3549.2099609375,4.129000186920166,6753.72021484375,16.299999237060547,152.05099487304688,6860.2001953125,1.0,324.245,1407.6,1396.8859924316407,75.12595933398414
2025-10-09,1422.52001953125,99.54000091552734,61.5099983215332,3549.2099609375,4.1479997634887695,6735.10986328125,16.43000030517578,152.67999267578125,6840.2001953125,1.0,324.245,1411.7400146484374,1398.6519958496094,75.08758411671033
2025-10-10,1421.510009765625,98.9800033569336,58.900001525878906,3610.60009765625,4.051000118255615,6552.509765625,21.65999984741211,152.96499633789062,6407.60009765625,1.0,324.245,1414.916015625,1400.2524963378905,70.12090380549682
2025-10-13,1429.030029296875,99.2699966430664,59.4900016784668,3584.550048828125,4.051000118255615,6654.72021484375,19.030000686645508,152.05599975585938,6723.47021484375,1.0,324.245,1419.510009765625,1402.0190002441407,81.21242995415182
2025-10-14,1426.0699462890625,99.05000305175781,58.70000076293945,3561.81005859375,4.021999835968018,6644.31005859375,20.809999465942383,152.4340057373047,6570.330078125,1.0,324.245,1422.739990234375,1404.0719970703126,76.73414814645274
2025-10-15,1429.4300537109375,98.79000091552734,58.27000045776367,3657.280029296875,4.046000003814697,6671.06005859375,20.639999389648438,151.7310028076172,6767.06005859375,1.0,324.245,1425.71201171875,1406.6614990234375,73.19994199739867
2025-10-16,1420.0899658203125,98.38999938964844,57.459999084472656,3748.3701171875,3.9760000705718994,6629.06982421875,25.309999465942383,150.9739990234375,6800.02001953125,1.0,324.245,1425.2260009765625,1408.7315002441405,59.36592875245141
2025-10-17,1415.719970703125,98.43000030517578,57.540000915527344,3748.889892578125,4.006999969482422,6664.009765625,20.780000686645508,150.1199951171875,6777.97998046875,1.0,324.245,1424.0679931640625,1410.179998779297,55.49455386052066
2025-10-20,1419.739990234375,98.58999633789062,57.52000045776367,3814.68994140625,3.9860000610351562,6735.1298828125,18.229999542236328,150.89999389648438,6885.02978515625,1.0,324.245,1422.2099853515624,1411.3554992675781,67.46521038810187
2025-10-21,1419.739990234375,98.93000030517578,57.81999969482422,3823.840087890625,3.9630000591278076,6735.35009765625,17.8700008392334,150.7740020751953,6839.27001953125,1.0,324.245,1420.943994140625,1412.872998046875,65.18936269611888
2025-10-22,1430.739990234375,98.9000015258789,58.5,3883.679931640625,3.953000068664551,6699.39990234375,18.600000381469727,151.89300537109375,6677.56982421875,1.0,324.245,1421.2059814453125,1414.8174987792968,72.4952286905248
2025-10-23,1430.4000244140625,98.94000244140625,61.790000915527344,3845.56005859375,3.990999937057495,6738.43994140625,17.299999237060547,151.95399475097656,6847.39013671875,1.0,324.245,1423.2679931640625,1416.1549987792969,70.36663066737862
2025-10-24,1435.8399658203125,98.94999694824219,61.5,3941.590087890625,3.996999979019165,6791.68994140625,16.3700008392334,152.6020050048828,6976.93994140625,1.0,324.245,1427.2919921875,1417.500994873047,72.62216732597798
2025-10-27,1436.969970703125,98.77999877929688,61.310001373291016,4042.830078125,3.996999979019165,6875.16015625,15.789999961853027,153.06100463867188,7167.97998046875,1.0,324.245,1430.73798828125,1418.913995361328,71.43749939535829
2025-10-28,1430.969970703125,98.69000244140625,60.150001525878906,4010.409912109375,3.9830000400543213,6890.89013671875,16.420000076293945,152.69200134277344,7194.7099609375,1.0,324.245,1432.983984375,1420.49599609375,62.72497371636405
2025-10-29,1425.969970703125,99.22000122070312,60.47999954223633,4081.14990234375,4.058000087738037,6890.58984375,16.920000076293945,151.7310028076172,7327.93017578125,1.0,324.245,1432.02998046875,1421.6369934082031,52.80528380395769
2025-10-30,1424.010009765625,99.52999877929688,60.56999969482422,4086.889892578125,4.0929999351501465,6822.33984375,16.90999984741211,152.7220001220703,7216.0,1.0,324.245,1430.7519775390624,1422.7464965820313,52.00191589607241
2025-10-31,1424.02001953125,99.80000305175781,60.97999954223633,4107.5,4.10099983215332,6840.2001953125,17.440000534057617,153.89999389648438,7228.66015625,1.0,324.245,1428.38798828125,1423.665997314453,45.43965616860894
2025-11-03,1427.1700439453125,99.87000274658203,61.04999923706055,4221.8701171875,4.105999946594238,6851.97021484375,17.170000076293945,154.19500732421875,7270.97021484375,1.0,325.063,1426.4280029296874,1424.7214965820312,50.997909395319176
2025-11-04,1428.969970703125,100.22000122070312,60.560001373291016,4121.740234375,4.089000225067139,6771.5498046875,19.0,154.20399475097656,6979.56982421875,1.0,325.063,1426.0280029296875,1425.6739929199218,49.57049705649747
2025-11-05,1439.81005859375,100.19999694824219,59.599998474121094,4004.419921875,4.1570000648498535,6796.2900390625,18.010000228881836,153.5570068359375,7190.27001953125,1.0,325.063,1428.7960205078125,1426.9359985351562,67.90784190701274
2025-11-06,1439.739990234375,99.7300033569336,59.43000030517578,4026.449951171875,4.0929999351501465,6720.31982421875,19.5,154.072998046875,7018.39013671875,1.0,325.063,1431.9420166015625,1427.7969970703125,73.6603771769923
2025-11-07,1447.9000244140625,99.5999984741211,59.75,3953.760009765625,4.0929999351501465,6728.7998046875,19.079999923706055,152.947998046875,6947.35986328125,1.0,325.063,1436.718017578125,1429.1164978027343,75.64664996075518
2025-11-10,1454.0,99.62000274658203,60.130001068115234,4073.239990234375,4.110000133514404,6832.43017578125,17.600000381469727,153.81700134277344,7156.9501953125,1.0,325.063,1442.0840087890624,1430.3649963378907,78.08197521772541
2025-11-11,1456.0899658203125,99.45999908447266,61.040000915527344,4106.39013671875,4.119999885559082,6846.60986328125,17.280000686645508,154.14599609375,6979.7001953125,1.0,325.063,1447.5080078125,1431.8659973144531,74.33287792257704
2025-11-12,1459.8399658203125,99.4800033569336,58.4900016784668,4150.39013671875,4.065000057220459,6850.919921875,17.510000228881836,154.0749969482422,7082.1298828125,1.0,325.063,1451.5139892578125,1433.386492919922,76.52246973536036
2025-11-13,1468.02001953125,99.18000030517578,58.689998626708984,4170.6298828125,4.111999988555908,6737.490234375,20.0,154.71299743652344,6818.740234375,1.0,325.063,1457.1699951171875,1435.7829956054688,77.62705327780375
2025-11-14,1468.7099609375,99.2699966430664,60.09000015258789,4011.570068359375,4.1479997634887695,6734.10986328125,19.829999923706055,154.63299560546875,6811.2001953125,1.0,325.063,1461.331982421875,1438.4324951171875,77.45671576226299
2025-11-17,1446.530029296875,99.58999633789062,59.90999984741211,4089.25,4.132999897003174,6672.41015625,22.3799991607666,154.5850067138672,6705.740234375,1.0,325.063,1459.83798828125,1439.7719970703124,60.51639814930929
2025-11-18,1461.68994140625,99.55000305175781,60.7400016784668,3953.6201171875,4.123000144958496,6617.31982421875,24.690000534057617,155.2729949951172,6551.02978515625,1.0,325.063,1460.9579833984376,1441.8694946289063,71.22653690694847
2025-11-19,1456.550048828125,100.2300033569336,59.439998626708984,3929.510009765625,4.132999897003174,6642.16015625,23.65999984741211,155.54800415039062,6670.02978515625,1.0,325.063,1460.3,1443.1599975585937,68.63267554283094
2025-11-20,1466.1300048828125,100.16000366210938,59.13999938964844,4004.85009765625,4.105999946594238,6538.759765625,26.420000076293945,156.99200439453125,6352.06982421875,1.0,325.063,1459.9219970703125,1444.9464965820312,71.73087268700212
2025-11-21,1473.25,100.18000030517578,58.060001373291016,3853.260009765625,4.063000202178955,6602.990234375,23.43000030517578,157.36900329589844,6406.43017578125,1.0,325.063,1460.8300048828125,1446.8169982910156,72.84358233594718
2025-11-24,1467.72998046875,100.13999938964844,58.84000015258789,3846.06005859375,4.038000106811523,6705.1201171875,20.520000457763672,156.68800354003906,6703.2001953125,1.0,325.063,1465.0699951171875,1448.354998779297,68.53130201536561
2025-11-25,1474.8599853515625,99.66000366210938,57.95000076293945,3857.780029296875,4.001999855041504,6765.8798828125,18.559999465942383,156.93899536132812,6714.18017578125,1.0,325.063,1467.70400390625,1450.5494995117188,67.37385411309108
2025-11-26,1464.9200439453125,99.5999984741211,58.650001525878906,3960.8701171875,3.997999906539917,6812.60986328125,17.190000534057617,156.22999572753906,6899.4599609375,1.0,325.063,1469.3780029296875,1452.497003173828,61.3690352179669
2025-11-27,1470.5899658203125,99.5999984741211,58.650001525878906,3986.909912109375,3.997999906539917,6812.60986328125,17.190000534057617,156.23899841308594,6899.4599609375,1.0,325.063,1470.2699951171876,1454.8260009765625,60.48038972462166
2025-11-28,1461.4000244140625,99.45999908447266,58.54999923706055,3926.590087890625,4.017000198364258,6849.08984375,16.350000381469727,156.28399658203125,7025.14990234375,1.0,325.063,1467.9,1456.695001220703,53.32318085984653
2025-12-01,1465.6199951171875,99.41000366210938,59.31999969482422,3920.3701171875,4.0960001945495605,6812.6298828125,17.239999771118164,155.92799377441406,7020.52978515625,1.0,326.031,1467.4780029296876,1458.617498779297,54.19937990967595
2025-12-02,1470.1700439453125,99.36000061035156,58.63999938964844,3994.929931640625,4.085999965667725,6829.3701171875,16.59000015258789,155.5570068359375,7149.47021484375,1.0,326.031,1466.5400146484376,1460.6775024414062,54.520049225720435
2025-12-03,1467.3599853515625,98.8499984741211,58.95000076293945,4036.300048828125,4.057000160217285,6849.72021484375,16.079999923706055,155.8070068359375,7280.509765625,1.0,326.031,1467.0280029296875,1462.054998779297,49.696952712965405
2025-12-04,1465.030029296875,98.98999786376953,59.66999816894531,4028.510009765625,4.107999801635742,6857.1201171875,15.779999732971191,155.10699462890625,7215.97021484375,1.0,326.031,1465.916015625,1463.3195007324218,48.33546833933343
2025-12-05,1472.3800048828125,98.98999786376953,60.08000183105469,4100.0498046875,4.138999938964844,6870.39990234375,15.40999984741211,155.14199829101562,7294.83984375,1.0,326.031,1468.11201171875,1464.5434997558593,63.50438044366899
2025-12-08,1471.81005859375,99.08999633789062,58.880001068115234,4154.85009765625,4.171999931335449,6846.509765625,16.65999984741211,155.33999633789062,7375.22021484375,1.0,326.031,1469.3500244140625,1465.4340026855468,56.23777335026755
2025-12-09,1468.510009765625,99.22000122070312,58.25,4143.5498046875,4.185999870300293,6840.509765625,16.93000030517578,155.843994140625,7372.509765625,1.0,326.031,1469.018017578125,1466.0550048828125,57.54288177870847
2025-12-10,1467.9300537109375,98.79000091552734,58.459999084472656,4135.0,4.164000034332275,6886.68017578125,15.770000457763672,156.83799743652344,7467.490234375,1.0,326.031,1469.13203125,1466.4595092773438,51.28063057116853
2025-12-11,1469.0400390625,98.3499984741211,57.599998474121094,4110.6201171875,4.140999794006348,6901.0,14.850000381469727,155.7899932861328,7411.47998046875,1.0,326.031,1469.934033203125,1466.5105102539062,46.72477388328161
2025-12-12,1470.8499755859375,98.4000015258789,57.439998626708984,4167.16015625,4.193999767303467,6827.41015625,15.739999771118164,155.56700134277344,7033.56982421875,1.0,326.031,1469.62802734375,1466.6175109863282,52.575966781225745
2025-12-15,1472.9100341796875,98.1500015258789,56.81999969482422,4090.590087890625,4.182000160217285,6816.509765625,16.5,155.88800048828125,6990.41015625,1.0,326.031,1469.8480224609375,1467.9365112304688,48.24296261098352
2025-12-16,1467.47998046875,98.1500015258789,55.27000045776367,3999.1298828125,4.14900016784668,6800.259765625,16.479999542236328,155.01499938964844,6958.43994140625,1.0,326.031,1469.6420166015625,1468.2260131835938,52.5107332619778
2025-12-17,1471.739990234375,98.37000274658203,55.939998626708984,4056.409912109375,4.151000022888184,6721.43017578125,17.6200008392334,154.7779998779297,6695.31005859375,1.0,326.031,1470.40400390625,1468.9855102539063,51.160001674559254
2025-12-18,1474.0,98.43000030517578,56.150001525878906,3994.510009765625,4.116000175476074,6774.759765625,16.8700008392334,155.4949951171875,6863.6298828125,1.0,326.031,1471.39599609375,1469.3790100097656,64.77482558322622
2025-12-19,1474.3599853515625,98.5999984741211,56.65999984741211,4020.550048828125,4.151000022888184,6834.5,14.90999984741211,155.58599853515625,7067.8701171875,1.0,326.031,1472.097998046875,1469.4345092773438,61.268674099582604
2025-12-22,1473.719970703125,98.29000091552734,58.0099983215332,4105.93017578125,4.169000148773193,6878.490234375,14.079999923706055,157.67599487304688,7145.56982421875,1.0,326.031,1472.2599853515626,1469.7340087890625,55.090231222978765
2025-12-23,1476.8399658203125,97.94000244140625,58.380001068115234,4117.31982421875,4.169000148773193,6909.7900390625,14.0,156.8769989013672,7184.5400390625,1.0,326.031,1474.131982421875,1469.8330078125,63.473562947181414
2025-12-24,1478.6700439453125,97.9800033569336,58.349998474121094,4108.6201171875,4.136000156402588,6932.0498046875,13.470000267028809,156.17599487304688,7204.3701171875,1.0,326.031,1475.5179931640625,1470.5205078125,69.66550392644818
2025-12-26,1446.52001953125,98.0199966430664,56.7400016784668,4129.68017578125,4.136000156402588,6929.93994140625,13.600000381469727,156.08999633789062,7207.64013671875,1.0,326.031,1470.0219970703124,1469.3170104980468,28.26165032703213
2025-12-29,1441.3299560546875,98.04000091552734,58.08000183105469,4220.56005859375,4.116000175476074,6905.740234375,14.199999809265137,156.46299743652344,7178.27001953125,1.0,326.031,1463.4159912109376,1468.3135070800781,26.22465050113405
2025-12-30,1434.7099609375,98.23999786376953,57.95000076293945,4214.169921875,4.130000114440918,6896.240234375,14.329999923706055,156.01300048828125,7169.10009765625,1.0,326.031,1455.6139892578126,1466.7680053710938,24.933279739854356
